timestamp,episode,help_bob,decline_bob,delay_bob,help_carol,decline_carol,teach_carol,help_dave,decline_dave,suggest_dave
2026-04-20 22:08:55.922,1,-2.0824333333333334,-1.9971,2.534533333333333,-2.138,-0.2506666666666667,4.549333333333333,1.0616666666666663,-4.548095238095238,0.5119047619047619
2026-04-20 22:08:55.996,2,-1.8338000000000003,-3.702066666666668,4.702133333333334,-5.325009523809524,0.4269904761904761,6.691142857142857,2.6150016354016348,-8.68543016310289,-0.7671634964362233
2026-04-20 22:08:56.038,3,-1.8248336683158115,-5.132696713423663,5.923761872434926,-7.582899567099568,2.170131313131313,8.099388455988455,5.581171990199461,-10.724803946340408,-1.6789498337862965
2026-04-20 22:08:56.080,4,-2.5521230392623253,-6.811959698667967,7.180803116294851,-9.50567326007326,3.8270164946164944,9.037202708402708,8.093737067271212,-13.214073153751734,-2.634490103468684
2026-04-20 22:08:56.115,5,-3.686321526520597,-8.684486489819104,8.323818163809007,-12.181336577277971,5.426755454351973,8.802116517308622,10.485136073190182,-16.03291218352123,-3.6444979941158624
2026-04-20 22:08:56.146,6,-4.266841981595701,-10.21857510161544,9.964103465056152,-14.62405539460194,7.531614265056925,8.984814423300813,12.408597117265137,-19.75090493828925,-5.786544656379884
2026-04-20 22:08:56.172,7,-4.523425259468892,-11.454373019948342,12.0142384341257,-15.78213936522671,10.683531954359564,9.712302037415482,14.060658742920523,-23.87694394862497,-7.783034485462075
2026-04-20 22:08:56.195,8,-5.429835698757424,-13.378098540543954,13.35423970117412,-18.172673658437944,12.56701410552672,9.024901025288605,17.06915534930795,-26.645276846133925,-8.16264066772976
2026-04-20 22:08:56.222,9,-5.392107062872383,-14.499162273245329,15.451030634628962,-19.98330687780256,14.974047770690005,8.580138851200983,20.677928130734216,-28.461344328032844,-7.763522761089368
2026-04-20 22:08:56.251,10,-5.698850273719962,-16.069481454933626,17.154351327796373,-20.77229350933245,18.57972659704548,9.139661224313162,22.67408113225941,-31.900897447835277,-8.901407281586051
2026-04-20 22:08:56.271,11,-6.077564964958962,-17.89254587769833,18.42326976047997,-22.44841372050267,21.227243421275247,8.638220371048341,24.91029424947898,-35.08667279419437,-9.754142992459863
2026-04-20 22:08:56.290,12,-6.709601951801872,-20.1117525498256,19.32959938888333,-24.679190635215875,23.082216257322745,7.404876789302509,27.916363860035588,-37.49885133922814,-9.936268473791335
2026-04-20 22:08:56.312,13,-6.958095331841709,-22.05180045904675,20.50538010746276,-25.89529534512723,25.93491110241183,6.987341449122032,30.10299776096272,-40.59622144711435,-10.779938357416375
2026-04-20 22:08:56.331,14,-7.346419614996229,-24.203451812890552,21.18065260933444,-26.298511634282452,29.226921866433724,6.9994139326009375,32.874844974804965,-43.15363891923716,-10.941820987418144
2026-04-20 22:08:56.349,15,-7.099327509602347,-25.596992844884703,22.574821431380204,-27.47216400044988,31.64921129165965,6.095247542832257,34.07766600879626,-47.26201233487376,-12.745181671346671
2026-04-20 22:08:56.373,16,-7.454231218264038,-27.63907953817757,23.37119931170056,-28.420828823379043,34.480661345585425,5.65466284037988,37.23515226891888,-49.50283483955495,-12.542096222262188
2026-04-20 22:08:56.388,17,-7.468416851200824,-29.359029823162167,24.642927405739133,-29.90886640976113,36.83800033872197,4.815199361296345,40.050659242275216,-52.13344374343109,-12.612247267660225
2026-04-20 22:08:56.403,18,-7.961070691224684,-31.639154053900423,25.372555926901708,-31.132471120336557,39.44748753951124,4.27738079970211,42.28022386834709,-55.40200640692319,-13.245778534378552
2026-04-20 22:08:56.419,19,-7.681472682794743,-33.02608658858533,26.96927823392894,-31.846363697136663,42.61577672492665,4.225488384405241,44.74311209725073,-58.39393457728939,-13.47168260211685
2026-04-20 22:08:56.436,20,-7.569242862759381,-34.50245172534983,28.358967755885782,-32.984750528148155,45.346704635755685,3.8017513418999873,47.37051027396696,-61.02963436442565,-13.44267170133374
2026-04-20 22:08:56.455,21,-7.555732975287349,-35.94045592494136,29.79627177126164,-34.73894854430087,47.48894837520256,2.721749319091174,49.47100476308088,-64.21450322661592,-13.955494560749814
2026-04-20 22:08:56.477,22,-7.908451492827536,-37.6059536041506,31.043323578066563,-36.52274064233064,49.56763365740751,1.55779510030685,52.33254597944645,-66.59253160162653,-13.595254913707617
2026-04-20 22:08:56.498,23,-7.841442833152105,-38.8504836084761,32.63916764953239,-37.38624623030018,52.45578210827393,1.2771006444788031,53.894235548176354,-70.26926476101647,-14.619325953591744
2026-04-20 22:08:56.517,24,-8.396076865077047,-40.701512053239526,33.73472434297453,-38.58347314897475,55.04569012848294,0.7179668657187985,55.98844639896408,-73.44437949439384,-15.133085281908556
2026-04-20 22:08:56.542,25,-8.821889043737405,-42.342016327210864,34.90216875265014,-39.34410853459282,58.02818797383416,0.6217063007057488,57.81122356805052,-76.9045984416861,-15.880829111274725
2026-04-20 22:08:56.558,26,-8.670212188856052,-43.42981871241086,36.58906046372736,-40.33625153989028,60.73502167199473,0.2569827905242797,60.15222676740356,-79.8326379297803,-16.12126744097899
2026-04-20 22:08:56.578,27,-8.537004915333535,-44.6864337655273,38.15600475731388,-40.9330262310305,63.73767090823056,0.2304484777966109,62.529468712633154,-82.77764141248338,-16.37842074182637
2026-04-20 22:08:56.596,28,-8.972121472965023,-46.53312958090351,39.17048318540789,-42.68154147387602,65.62406665202747,-0.9259060367167872,64.63839863626035,-85.98724430876206,-16.857571138745843
2026-04-20 22:08:56.612,29,-9.264291899691608,-48.22357133148179,40.30598274525499,-43.96123590594272,68.0020258571666,-1.5979823669970783,66.42763889663927,-89.41111174735558,-17.541059866456987
2026-04-20 22:08:56.628,30,-9.134363016662371,-49.47648638013389,41.880588494452425,-45.285887475543646,70.28878999115486,-2.441300243225456,68.42422257048887,-92.5511976001387,-17.975210461485684
2026-04-20 22:08:56.646,31,-9.15201726610365,-50.88323832719991,43.27294526785891,-46.35488476350877,72.81949681224597,-2.915512581559811,70.70071537093156,-95.4718472928813,-18.18217972386168
2026-04-20 22:08:56.667,32,-9.894192448125343,-53.01027899172626,43.98797291888686,-47.10429394887559,75.73833603736713,-3.0260313314672835,73.52555196790728,-97.87128160374895,-17.81067419094365
2026-04-20 22:08:56.698,33,-9.634075386943698,-54.148394782397794,45.717246091021565,-48.37769563642568,78.10497973740614,-3.699176457619116,74.74673232856478,-101.81069315567576,-18.94971227259899
2026-04-20 22:08:56.719,34,-9.304803241058226,-55.304226709352506,47.37210768045603,-49.35945075490848,80.80327268309578,-4.052346949636849,76.10119527903747,-105.5520307906241,-19.86281358964636
2026-04-20 22:08:56.737,35,-9.330238668305892,-56.8716982375811,48.552719363026064,-50.79635300575303,83.08171918172435,-4.839884865574381,78.73980284271146,-107.91205589711414,-19.34936117560693
2026-04-20 22:08:56.755,36,-9.264432968604984,-58.318079751683854,49.80967253836679,-52.84775648405347,84.75809318012095,-6.2569742171344895,80.86072086805484,-110.7713381754964,-19.310660511083537
2026-04-20 22:08:56.771,37,-9.30411216880901,-59.89248341899819,50.926987181155376,-53.24606091741832,88.11791894488955,-5.9878411678095285,83.77972351455783,-112.86634425146356,-18.47579348368272
2026-04-20 22:08:56.792,38,-9.673996559894093,-61.78675556283331,51.6807674324405,-54.64158905100889,90.39966782847377,-6.80797393404422,86.40304466747271,-115.26883919057389,-17.900846291700873
2026-04-20 22:08:56.816,39,-9.700444853462756,-63.39288817555265,52.79056921848839,-56.13225631744571,92.51090614366564,-7.784574459734164,87.94504828182386,-118.77146391818714,-18.432705287009213
2026-04-20 22:08:56.836,40,-9.823792257137384,-65.09931183927998,53.83719557527504,-58.09258048407,94.15382131845192,-9.22118302717381,89.30910616189682,-122.44715588448376,-19.219532547766526
2026-04-20 22:08:56.855,41,-9.819369305158803,-66.68688285327093,55.02027708018669,-59.1022174519431,96.77636551087502,-9.665380589090756,90.18127679280316,-126.6389577728474,-20.510563105471025
2026-04-20 22:08:56.868,42,-9.656578602727588,-68.13835370950393,56.28486683240882,-60.48019537857791,99.03185137749504,-10.471500795369847,92.06910315441974,-129.8145729862799,-20.8016658472562
2026-04-20 22:08:56.883,43,-9.242272556926729,-69.31417145317047,57.79786316858869,-62.010586269249806,101.08361586267286,-11.527447109544042,93.4565704892653,-133.46025507294658,-21.619378381730414
2026-04-20 22:08:56.894,44,-9.231691658338274,-70.82639364431745,58.92341858911719,-63.54271313256215,103.08234059963988,-12.684955987351662,94.87365439962414,-137.0934041457564,-22.488837025818608
2026-04-20 22:08:56.907,45,-8.720312143540463,-71.78313919021895,60.55699485867108,-64.68626752952291,105.42094099342604,-13.503527246602616,97.5872677820302,-139.44134624104075,-22.07714660193089
2026-04-20 22:08:56.920,46,-8.846339323731698,-73.37449545744576,61.564718620714565,-66.1938993266517,107.36892223281264,-14.686699157739556,100.0363337899264,-142.07788891422905,-21.927101260229723
2026-04-20 22:08:56.934,47,-8.480561999555272,-74.44641746093777,63.11820609076798,-68.03393413350052,109.00029020028904,-16.25443028012191,102.47085186682884,-144.7213657699889,-21.77068009947958
2026-04-20 22:08:56.950,48,-8.421339685263646,-75.86526837637544,64.3338493641728,-68.60357748608976,111.92943117755216,-16.432509174392283,103.91452388613136,-148.4052450958439,-22.64963623058274
2026-04-20 22:08:56.962,49,-8.459228530162274,-77.37928202883455,65.49554269470212,-69.32129272140386,114.76950074084702,-16.634960993444043,106.41941749746935,-151.02492533941015,-22.563883594465384
2026-04-20 22:08:56.975,50,-9.172504913536072,-79.59250408514838,65.98166148377169,-70.21434359635487,117.4411246190767,-16.898591450110654,107.64899725339367,-154.9263037121495,-23.79168828153557
2026-04-20 22:08:56.987,51,-9.335295279213812,-81.26936681105315,66.98453346047616,-73.0154330206213,118.14197817788806,-19.033729293193325,110.72791213144252,-157.01334848488668,-23.193367871661597
2026-04-20 22:08:57.000,52,-9.284750158702836,-82.69733903447047,68.23724940202119,-75.00774611360603,119.54624714623787,-20.325445323186862,113.04101238878452,-159.90739401008418,-23.38450277998387
2026-04-20 22:08:57.013,53,-9.025036335736647,-83.97577210743736,69.66208937410826,-75.46097936588906,122.38083573399712,-20.145898788437115,116.656423262625,-161.51050381150304,-22.28354485207835
2026-04-20 22:08:57.028,54,-9.153127016597312,-85.7075693884418,70.6380415337437,-76.42265767557406,124.6040479841513,-20.56311685164242,118.95733146815752,-164.39203404850488,-22.46736982084481
2026-04-20 22:08:57.042,55,-9.07778731066576,-87.29338643985115,71.77259400726558,-77.24427505773608,126.89561425730972,-20.90440997698273,122.275624160278,-166.21248453291125,-21.639943208477217
2026-04-20 22:08:57.054,56,-9.597823227639,-89.48725670141586,72.23931778961543,-78.1463915249915,129.05389969496434,-21.31590727317168,125.01917874458,-168.54685365133273,-21.335111421116174
2026-04-20 22:08:57.070,57,-9.551315373650128,-91.12977532724364,73.21002454621893,-79.05441408203892,131.17013262928884,-21.717094123495624,127.7054593211944,-170.93827388186162,-21.03954119590851
2026-04-20 22:08:57.081,58,-9.40730728353129,-92.68774621042007,74.26249447526291,-79.53231029528145,133.69808562291502,-21.62883297446024,130.68709781944085,-173.0354484883524,-20.434488277154333
2026-04-20 22:08:57.101,59,-9.361271664448394,-94.338901486786,75.26941457776246,-80.7822403899074,135.41597897124402,-22.28073242661845,133.929520567026,-174.86767422901912,-19.54747789882166
2026-04-20 22:08:57.114,60,-9.235134005390632,-95.91806912058156,76.3618180314207,-82.55105194141228,136.5984700635833,-23.398053200389,134.87656747258055,-179.0072656681677,-20.96070774109923
2026-04-20 22:08:57.136,61,-8.389166783111678,-96.79435358903513,78.13419702248808,-83.1473333416598,138.89029458486834,-23.38476364897724,137.1554015071481,-181.8215520812122,-21.095628545024795
2026-04-20 22:08:57.150,62,-8.420888683421355,-98.56201381819338,79.05572705001299,-84.3082272009381,140.54669448791253,-24.014193497984927,139.67743879641793,-184.39190034989312,-21.00146897495532
2026-04-20 22:08:57.165,63,-8.470182181029177,-100.32854680769668,79.98648330103916,-85.64030132594404,142.02843481978564,-24.820907582268724,141.91919008152962,-187.23230951024084,-21.16818852482116
2026-04-20 22:08:57.179,64,-8.327636764579676,-101.88314709822684,81.11459812489797,-86.57923402825193,143.88035366466775,-25.21242023415476,144.36823223343407,-189.8689546567222,-21.10837825646801
2026-04-20 22:08:57.190,65,-8.902892176716538,-104.13013635340036,81.50842108128906,-87.94058747533074,145.30250559856813,-25.95470669102617,147.34021191911432,-191.9796683707564,-20.49662414375764
2026-04-20 22:08:57.202,66,-8.379767922875452,-105.2295780948912,82.9946082293538,-88.39811341911019,147.55352759822233,-25.81024058792499,150.02334297311185,-194.36569912653763,-20.14347267373366
2026-04-20 22:08:57.213,67,-7.405919688418847,-105.87976065168267,84.92183393492859,-89.93122245380684,148.6945992233276,-26.691275053039806,152.01270258843505,-197.45212258895128,-20.479886351933505
2026-04-20 22:08:57.227,68,-6.620271525648604,-106.72005228871772,86.65384683399002,-90.40929508291792,150.89785781965165,-26.474513607277604,155.2427939824784,-199.2901943604996,-19.568541785486463
2026-04-20 22:08:57.237,69,-6.684350746829925,-108.37786910870516,87.56040403754955,-91.36074793988897,152.60846912938285,-26.72617502565324,158.44348683489702,-201.1270658641614,-18.640018836080333
2026-04-20 22:08:57.250,70,-6.731434850808353,-109.98760583566305,88.53486455519544,-91.98161541298924,154.62568708452443,-26.637511367673465,161.38281097100798,-203.233954126058,-18.00632505416705
2026-04-20 22:08:57.265,71,-6.673652201352649,-111.51855186584002,89.59817649900106,-92.6951437276152,156.5054017168417,-26.68802451557499,165.1037297728902,-204.5571152951916,-16.585912677166956
2026-04-20 22:08:57.277,72,-6.864854525671743,-113.29001507191155,90.4184580668774,-93.9866215499871,157.75891959972623,-27.315291022263573,166.8301841650867,-207.88872846569495,-17.235399413424034
2026-04-20 22:08:57.294,73,-6.5789839568650175,-114.62421544066102,91.68561722390682,-94.75381145019644,159.5000742088045,-27.41910023430574,169.82054756816882,-209.9757831180661,-16.64387509160639
2026-04-20 22:08:57.306,74,-6.355525323729099,-116.07360365848746,92.81123485070832,-96.06708043220397,160.67422578505494,-28.08830391798187,171.49782759985737,-213.3750478569335,-17.3645306962256
2026-04-20 22:08:57.321,75,-6.282757107300397,-117.68127589270948,93.76158605615495,-97.04424737897304,162.14480969103462,-28.45350365982036,173.6995306237891,-216.26305619867296,-17.58083670068873
2026-04-20 22:08:57.331,76,-6.222127925483555,-119.30751841168292,94.71247906315422,-98.36799103773328,163.2268582038493,-29.18445918418725,175.6884568180209,-219.3848112288514,-18.017830107649424
2026-04-20 22:08:57.343,77,-6.591519645539696,-121.32849347816716,95.28934953107697,-99.2384720419029,164.71574087220296,-29.5008312836862,178.19025197786308,-222.0015238253441,-17.93415629563961
2026-04-20 22:08:57.353,78,-6.563684475301523,-122.90511400181975,96.29799893306564,-100.11700685926724,166.19282251062347,-29.815782230005677,180.9456327082198,-224.3772422356089,-17.60909093657071
2026-04-20 22:08:57.366,79,-6.37077184078842,-124.319517694289,97.45310836655484,-100.78532276367297,167.83257492384945,-29.963962689718983,182.9683224486457,-227.47023029162133,-18.019530936976118
2026-04-20 22:08:57.380,80,-6.065627908677091,-125.64966740268558,98.67375134617012,-101.83446383486216,169.04980325631013,-30.534280246012404,185.46200327482083,-230.0417979650505,-17.952969391221448
2026-04-20 22:08:57.393,81,-6.259646489984043,-127.51938410442853,99.37952071083578,-102.5207090702277,170.60974787540565,-30.749740492622568,187.6874606100993,-232.8376350070559,-18.117607508395217
2026-04-20 22:08:57.411,82,-5.8599197685005215,-128.79773732983233,100.68641710119086,-103.21650969586072,172.16015286740574,-30.95531156292676,189.5940038362834,-235.91566053492835,-18.55695451960287
2026-04-20 22:08:57.428,83,-5.113827360981916,-129.72584791482092,102.34775836711536,-104.50485144611848,173.1250139694347,-31.70788054449565,192.49907929589017,-237.9672914074739,-17.956866617276933
2026-04-20 22:08:57.451,84,-4.514468058792891,-130.8456135335936,103.82432239001226,-105.17529740782932,174.6669821134613,-31.816258290304027,194.92185886493223,-240.508589433882,-17.86370832949973
2026-04-20 22:08:57.470,85,-4.420232286955383,-132.47656589537888,104.76184901458254,-105.87042385849166,176.13012233693698,-31.98919007427283,197.3634947518669,-243.05575892159624,-17.785627060092114
2026-04-20 22:08:57.494,86,-4.5751454194950245,-134.34909478902134,105.4346828646638,-106.72868421843376,177.42167239385762,-32.31730736515564,199.31782826020225,-246.09857168009097,-18.21356845537803
2026-04-20 22:08:57.512,87,-4.121735947962079,-135.62677509268414,106.67965045949782,-108.03790086045244,178.26791767182732,-33.044640696878126,200.54339535686785,-249.83051970102107,-19.33844343879576
2026-04-20 22:08:57.528,88,-3.8351595830575222,-137.07646251906223,107.751773547431,-108.65292178735812,179.79975976156186,-33.05637478960458,202.18948687807787,-253.1209584155978,-20.043198784044883
2026-04-20 22:08:57.547,89,-3.639131603726101,-138.63259762285367,108.71171401152267,-109.97849572602873,180.6185847098366,-33.747211745963696,203.89020079417375,-256.37186090095827,-20.70527289624832
2026-04-20 22:08:57.587,90,-3.569005545783253,-140.29587904488463,109.53275971685304,-110.88532423179905,181.8482261070384,-33.98290528992831,204.5948508684682,-260.6186018419674,-22.35223872999007
2026-04-20 22:08:57.600,91,-3.777917912093532,-142.23349055077216,110.0857340205136,-111.71962245695212,183.13878672451173,-34.1544649581288,207.22876658112503,-262.9414319612756,-22.06348871697289
2026-04-20 22:08:57.613,92,-3.4151540763012864,-143.60748466257988,111.21941418605758,-112.48799160449924,184.51142225121808,-34.237288435580524,208.6525423839413,-266.4868727249561,-23.018086229156665
2026-04-20 22:08:57.627,93,-2.942882157082371,-144.88263819059875,112.44407288079172,-113.12533577219412,186.00603925124636,-34.168086096971514,211.1228053736256,-268.991371263123,-22.945753446261534
2026-04-20 22:08:57.640,94,-2.3189024813879158,-146.01464258479186,113.82930981153363,-114.11105280319676,187.1331642879526,-34.449304886262496,212.84058805432028,-272.26051188345707,-23.62957323537611
2026-04-20 22:08:57.652,95,-2.179263928145215,-147.66326736635713,114.67691199333008,-115.08121438404446,188.2589775548214,-34.73563835066254,215.79432487698935,-274.3057038323447,-23.06344211952961
2026-04-20 22:08:57.661,96,-2.411758510267923,-149.7038442825327,115.13503009568625,-115.92353356604184,189.4967947890906,-34.86676563841596,218.76433951239588,-276.32579188302174,-22.468324915271836
2026-04-20 22:08:57.678,97,-1.5838536479194023,-150.67656951046675,116.67678896494262,-116.4092420622841,191.0715437333761,-34.65073459539689,221.72110850270005,-278.34254272945225,-21.86735583085957
2026-04-20 22:08:57.691,98,-1.2396395221139629,-152.15824029802528,117.70770109370932,-117.59981598633748,191.942648211744,-35.11976506147106,223.65357746528497,-281.37225367966363,-22.279358525019536
2026-04-20 22:08:57.704,99,-1.218561712110803,-153.96221583772115,118.41641564539188,-118.6263745254185,192.9802487040249,-35.33804610597189,226.07854417116147,-283.90252986538565,-22.200619974450078
2026-04-20 22:08:57.715,100,-0.5526218894626204,-155.13434132507567,119.75718075033882,-119.1713609126151,194.47400720164444,-35.0406857744079,228.51109543278693,-286.4290967868623,-22.132754061269065
2026-04-20 22:08:57.724,101,-0.5152396955904105,-156.94010416544336,120.45400499180572,-120.10068486478704,195.5528622735569,-35.15113760875144,229.95829107048957,-289.94193547677366,-23.06021143997858
2026-04-20 22:08:57.737,102,-0.4819435119221025,-158.75290074762805,121.15830854749154,-121.026341017552,196.63289356274103,-35.2641323986175,233.15151189043257,-291.7010371127656,-22.24999494668732
2026-04-20 22:08:57.749,103,-0.4906322770183207,-160.63024313166667,121.80195975418752,-121.81640857264746,197.81521020886683,-35.26363845355329,234.56981884353328,-295.211621401608,-23.197778048078803
2026-04-20 22:08:57.760,104,-0.1215015309549557,-162.1386277873667,122.80781633326268,-122.69993383081643,198.9058524321944,-35.33192631324694,235.50770008152517,-299.1924374243639,-24.603687335700247
2026-04-20 22:08:57.774,105,0.0021355147402482,-163.89267037414135,123.56154123121418,-123.5057335310812,200.0633328858911,-35.30978224645205,237.1626293362407,-302.44396681148834,-25.281543759036524
2026-04-20 22:08:57.784,106,0.7509856378388555,-165.0300714497879,124.94934014908377,-124.34344535008182,201.18154086095527,-35.34576514614932,240.5640264814047,-303.9653170506611,-24.23100376036833
2026-04-20 22:08:57.795,107,0.8744982951535221,-166.79228656406272,125.7074049607402,-125.40691957090986,202.06594058686252,-35.60883649678466,243.23584356010565,-306.21703724874504,-23.899242680368715
2026-04-20 22:08:57.806,108,1.102765371373643,-168.4262822707942,126.59651274239351,-126.31092577123952,203.09923212877575,-35.7080317496041,244.92592010989063,-309.4542714700673,-24.55733576033383
2026-04-20 22:08:57.821,109,1.0891660884696917,-170.2966053655334,127.2562300226164,-127.11120919233804,204.1902629844081,-35.73351865040075,247.34427678834595,-311.96116754127723,-24.492410947472305
2026-04-20 22:08:57.830,110,1.9689455154522773,-171.3064155176665,128.77196222016002,-127.93291251300889,205.21958206586828,-35.828780913388755,250.28060581700856,-313.95390095472686,-23.909744613588565
2026-04-20 22:08:57.841,111,2.1087495697411627,-173.08710336611114,129.52229599832765,-128.9945987472266,205.9537357144461,-36.20615227809692,252.96942155815543,-316.19653443783,-23.61104203641805
2026-04-20 22:08:57.853,112,2.6256076580317966,-174.5029351911747,130.65385261589051,-130.0672524765894,206.6765510178417,-36.55919994858054,255.67076550951643,-318.4433712589385,-23.315825272756783
2026-04-20 22:08:57.862,113,2.3143383413635297,-176.75776083037732,130.97616525822548,-130.67710957552936,207.85261930742044,-36.43074382682324,258.1404895806613,-320.93947777049624,-23.264455020571823
2026-04-20 22:08:57.872,114,2.636462638282876,-178.37480628508823,131.95984699754734,-131.33140972326822,208.9876782878876,-36.34126206469074,261.0627348795103,-322.9898548069865,-22.75231034665416
2026-04-20 22:08:57.879,115,2.392734231396452,-180.56641634862945,132.34010692443846,-132.08477615958782,210.00611894402556,-36.36465040563078,263.25233773712176,-325.7646357185452,-22.954596179119616
2026-04-20 22:08:57.888,116,2.929313531806325,-181.99061322530036,133.49428050232933,-132.9150831975351,210.95044806070905,-36.45153099650717,266.23117862823364,-327.7668752991465,-22.40712802487073
2026-04-20 22:08:57.896,117,3.5246219948447184,-183.3520691612418,134.7169836311831,-133.9804113072725,211.6361159999572,-36.78828686122092,268.4552681005437,-330.52987260668857,-22.640095906064985
2026-04-20 22:08:57.905,118,3.4683162809263357,-185.37893901012575,135.28373043088365,-134.4961329238258,212.8481231080357,-36.57040258692067,270.6865544946963,-333.2837386438209,-22.864879873193555
2026-04-20 22:08:57.916,119,3.952002323048446,-186.9032718691173,136.35677469367536,-135.09823686274734,213.9400400519582,-36.45407319052096,272.16556636462565,-336.7863842402424,-23.83817036643997
2026-04-20 22:08:57.923,120,4.249279465749527,-188.65508044340177,137.21171821860165,-136.13544985952953,214.59052875717288,-36.76693870373304,273.9016298586939,-340.0443484402186,-24.578806226257328
2026-04-20 22:08:57.933,121,4.175333991996608,-190.7876195960621,137.69434241283162,-136.48990347799975,215.9106071030772,-36.40484534973211,275.9036000202419,-343.0427191717588,-25.07039175196094
2026-04-20 22:08:57.940,122,4.624560789239157,-192.39247263690183,138.69646799273588,-137.51293882619953,216.55568126177167,-36.7165750657953,279.175182790309,-344.7785378568536,-24.335447125261783
2026-04-20 22:08:57.948,123,4.828349662763401,-194.2674681363248,139.42486220271908,-138.1884780286415,217.53489747432764,-36.70084537889356,280.9478989532497,-348.0215762233173,-25.108045955375832
2026-04-20 22:08:57.956,124,5.004169685802097,-196.18734210337067,140.08798598247904,-138.8288162626665,218.56490393920075,-36.64529493621454,281.96426513420886,-352.0166038602182,-26.63160866104242
2026-04-20 22:08:57.965,125,5.182453291928651,-198.11051966307588,140.75024401239597,-139.84626570691557,219.1890328260141,-37.00286372234671,283.74328030654783,-355.2467843789382,-27.395118640721087
2026-04-20 22:08:57.975,126,5.631873631432151,-199.7735429411784,141.66219716040314,-140.246608640595,220.435350851282,-36.73871489357827,285.5118183637068,-358.4976355131903,-28.17612846561696
2026-04-20 22:08:57.984,127,6.042999040889237,-201.48528287875132,142.52603516257292,-141.1824059203882,221.13727728666305,-36.98157520839964,287.27575759314004,-361.7639024259399,-28.96224995064279
2026-04-20 22:08:57.996,128,6.278455540305012,-203.3646200014597,143.2291008115949,-142.37607600505802,221.5710887967307,-37.454141310797226,290.0516086778197,-364.01916106290594,-28.71789418944351
2026-04-20 22:08:58.004,129,7.079920956464458,-204.6848013813033,144.48620545182263,-143.30922692855162,222.25063779488124,-37.6709026974371,292.32782717393815,-366.79056010489336,-28.9743970658857
2026-04-20 22:08:58.017,130,7.129174170817334,-206.786080077556,144.94466252650037,-144.3095611426316,222.85142638003757,-37.9518799181808,294.3612401145745,-369.8090185875533,-29.50070288509012
2026-04-20 22:08:58.027,131,7.408727694199959,-208.68087146481676,145.60895054115906,-145.2276236045075,223.5168715781832,-38.15585696372444,296.3743347735413,-372.819744049504,-30.017706840223774
2026-04-20 22:08:58.039,132,7.556034888613875,-210.73411957033727,146.12346780617813,-145.97000455778834,224.34274639488163,-38.18250285512395,297.6387294461258,-376.5760801411889,-31.285290753507475
2026-04-20 22:08:58.049,133,8.312895907358781,-212.1954000220727,147.2077245086819,-146.7924151371491,225.0796739772728,-38.29765071989642,299.6446674373904,-379.5754614749189,-31.80639044501288
2026-04-20 22:08:58.062,134,9.3601800955487,-213.37428170759355,148.57974959113793,-147.53403517503804,225.88054053674668,-38.34934980779048,302.41395426151894,-381.813005879128,-31.57379062193698
2026-04-20 22:08:58.076,135,10.41865921159816,-214.5566158266545,149.94377971328052,-148.0492326243441,226.859127297714,-38.2060970564336,304.17515162563785,-385.048665628956,-32.34797375077924
2026-04-20 22:08:58.092,136,10.334382061172112,-216.90744302433825,150.1442846346422,-148.6473056425096,227.70272983323247,-38.1822886592807,305.6958848140816,-388.5352821530217,-33.374745342120995
2026-04-20 22:08:58.109,137,10.458502138389894,-219.07512462150916,150.53349262031486,-149.3500214895405,228.42481484423132,-38.28620685231044,307.4612761006136,-391.76997179093735,-34.14338380485632
2026-04-20 22:08:58.125,138,10.762034293519394,-221.0553459652101,151.09401689368963,-150.0907478034113,229.095195338489,-38.440659190785226,309.23427079478023,-395.0032962343136,-34.91732516357358
2026-04-20 22:08:58.139,139,11.566946842986283,-222.52786936178956,152.16115122098228,-150.76251279007758,229.84672261627333,-38.50211351400844,311.50717110998033,-397.7347724053912,-35.18874750051074
2026-04-20 22:08:58.148,140,11.435150553258897,-224.96584542729948,152.24861034393513,-151.14324635090847,230.86071307537264,-38.28121157679476,313.5202184075265,-400.73269430042455,-35.72737435829658
2026-04-20 22:08:58.161,141,11.57164631953276,-227.1621903418139,152.57609977855432,-151.52119575206555,231.86150209912768,-38.05922817765,315.03876269343453,-404.2390128020377,-36.779383880990416
2026-04-20 22:08:58.176,142,12.007053653995117,-229.0788527081661,153.188420353421,-152.23424386813048,232.4961807492585,-38.20081948458444,316.3196107653071,-407.991862436328,-38.08384173631887
2026-04-20 22:08:58.225,143,12.692439762580197,-230.77180480971293,154.0204988432153,-153.14314878749755,232.914013444386,-38.54342147043221,319.1214476292505,-410.23301051037447,-37.89402749630917
2026-04-20 22:08:58.234,144,12.862549190672585,-232.9884851403736,154.32449844056828,-154.24488162365267,233.13904413455555,-39.07315194366531,321.4751609439875,-412.9294593873963,-38.180873087044006
2026-04-20 22:08:58.244,145,13.57012826244116,-234.6823548527688,155.1474251062638,-154.6709589798727,234.0454558484419,-38.912866160727134,323.54426751572845,-415.90568760891887,-38.76273353725112
2026-04-20 22:08:58.256,146,14.016418310663658,-236.6418000334232,155.7071509908179,-155.0730404900912,234.9653936015597,-38.74201136330623,325.3435542919205,-419.1410472172235,-39.60452676003064
2026-04-20 22:08:58.266,147,14.484368414773108,-238.58166039904805,156.29889294344397,-155.31190747677203,236.01933579080276,-38.42479945397759,327.4470881295248,-422.0678264831773,-40.129397678742265
2026-04-20 22:08:58.276,148,14.918792088051449,-240.56769833295357,156.8378290907597,-155.97573344202056,236.6320614079116,-38.52656756210301,330.2550857232748,-424.3036836090109,-39.95819291879763
2026-04-20 22:08:58.285,149,15.12976454350689,-242.794301761022,157.1308782373321,-156.5742399114304,237.31875241341373,-38.5563064683763,332.3473218204972,-427.26534005684607,-40.51384278160042
2026-04-20 22:08:58.294,150,15.589322815296228,-244.78951520835344,157.66560845355878,-157.32186558024134,237.8598690355357,-38.7219497088083,334.63589431522894,-430.0374292778115,-40.871531659814416
2026-04-20 22:08:58.303,151,16.53967229643844,-246.3007136900395,158.69448149272594,-158.1489392672876,238.315719593252,-38.97540992185822,337.18659434943703,-432.544997764398,-40.95852340899451
2026-04-20 22:08:58.313,152,17.01287779740053,-248.3107615962687,159.22698660724376,-158.76050438061716,238.95675050526876,-39.038934347261765,338.99783968978056,-435.7763611160028,-41.76171840977005
2026-04-20 22:08:58.322,153,17.995436574991007,-249.82487025948564,160.24424231293753,-159.35257529958622,239.5876334656384,-39.11429312183212,342.0657170689319,-437.7598499754434,-41.31588796617258
2026-04-20 22:08:58.332,154,18.74099469987355,-251.58540771384176,161.01782290298894,-159.9283041950327,240.2425274497059,-39.17327563158398,344.8806256386404,-439.99351216250966,-41.09946689323901
2026-04-20 22:08:58.341,155,18.982233144628378,-253.8604132381868,161.28524887082028,-160.44730383612364,240.9419398727065,-39.182210110923656,347.4604933530207,-442.4633058627071,-41.11286321558547
2026-04-20 22:08:58.350,156,19.4731732699722,-255.8774225417536,161.81611398832302,-160.9310177846001,241.65548568524076,-39.18108637310595,350.51153016056975,-444.4564248051148,-40.64353595920735
2026-04-20 22:08:58.359,157,19.698969924867527,-258.156352704022,162.0838611705391,-161.57562238656024,242.1964136668141,-39.34951368771301,352.82139567898014,-447.1979199132751,-40.93329072322246
2026-04-20 22:08:58.368,158,20.174401352910547,-260.19297147489755,162.61007908231983,-162.07796101466678,242.8735052015806,-39.368582521402544,353.83325504996293,-451.2496350816869,-42.5328153071497
2026-04-20 22:08:58.378,159,20.66680319863666,-262.22870615928565,163.13807921271683,-162.87098100584643,243.24862847867115,-39.70052640974556,356.1733054653538,-453.9824271632566,-42.81207946015065
2026-04-20 22:08:58.388,160,21.41871910762353,-263.99932450126494,163.93372641399392,-163.338444222858,243.93713571051435,-39.70177183148255,359.26357356326014,-455.9709051411525,-42.33311341688138
2026-04-20 22:08:58.397,161,22.154113193870884,-265.7868484857514,164.72087183053483,-163.8025427811045,244.6229895536395,-39.694907067044646,361.58793944774106,-458.7302040205334,-42.62378159423022
2026-04-20 22:08:58.406,162,23.14432991700528,-267.31967439364433,165.76066400637453,-164.49013210341718,245.0883279935915,-39.89484390091826,363.6441563300903,-461.7729480041094,-43.19827584784766
2026-04-20 22:08:58.415,163,23.887643639706003,-269.10470840624873,166.54272451597902,-164.9068712591184,245.80976060932736,-39.83587121230158,366.4929504140888,-464.0246009103818,-42.98383709600353
2026-04-20 22:08:58.425,164,24.38267842275992,-271.1443723491033,167.07634814858267,-165.31831689681823,246.51728448502357,-39.779383855733485,369.8346258155851,-465.762839370155,-42.26159539145764
2026-04-20 22:08:58.435,165,24.607612884319472,-273.44082484954725,167.35762197290444,-165.89475695734023,247.0521396623913,-39.87339515137016,371.6542284921301,-469.0259232746198,-43.064177216895
2026-04-20 22:08:58.443,166,25.10219092728146,-275.46929136626943,167.88473493134686,-166.25347459417972,247.7839879068849,-39.764598547782015,373.1973632567097,-472.5629150624521,-44.1509530133368
2026-04-20 22:08:58.454,167,25.85501121881865,-277.24280704304334,168.65778865138086,-166.8602062231903,248.26367486033288,-39.90581805282789,375.5264765103147,-475.315082307331,-44.44578237927105
2026-04-20 22:08:58.462,168,26.362597819041454,-279.271814322393,169.16534607281667,-167.7035153094492,248.49192662803,-40.28660377619991,377.07898039610734,-478.8308541627082,-45.50786929690442
2026-04-20 22:08:58.472,169,27.13330067146169,-281.05081264643064,169.91032924593532,-168.14323378306338,249.09939435352584,-40.27297801914274,379.4178520033337,-481.5651758793516,-45.78490457838012
2026-04-20 22:08:58.481,170,27.66430711536234,-283.07801852721786,170.40199746370587,-168.6812385767758,249.58417752181745,-40.38752657979023,380.4668279288212,-485.59920952341486,-47.35984840753749
2026-04-20 22:08:58.492,171,28.69652000126225,-284.60064920114803,171.40395084333247,-169.5052959208182,249.7599557505256,-40.80022257648604,382.5228508231662,-488.6168791636327,-47.90910329095042
2026-04-20 22:08:58.502,172,29.209886249800977,-286.6403927020398,171.9020282992813,-169.841292859972,250.3960335652885,-40.73968688481308,384.3308288177485,-491.8824160502659,-48.70894654838038
2026-04-20 22:08:58.515,173,29.72404435425896,-288.68758732936595,172.41459043706917,-170.52648223105535,250.6608709569739,-41.0418167658622,386.6477985892778,-494.6393797923545,-48.993474147480185
2026-04-20 22:08:58.527,174,29.990747284419022,-290.9876720199301,172.66257631053327,-170.91502045996788,251.2198718309532,-41.06213521822794,389.1964596006526,-497.1647058659634,-49.043573922541526
2026-04-20 22:08:58.537,175,31.27841135544164,-292.26174089629325,173.91980557449588,-171.44152073696276,251.64337202592745,-41.2227379854676,391.2514021615699,-500.1948470204798,-49.58820414807498
2026-04-20 22:08:58.548,176,31.79572687860473,-294.3061580913657,174.41377771574855,-171.80605937083777,252.21070992349408,-41.23110401627523,392.8156241071897,-503.72088871567377,-50.62775146431522
2026-04-20 22:08:58.556,177,32.82976796935786,-295.8443711007044,175.4173601169295,-172.38591099343938,252.5680673510303,-41.44157681871517,394.8615071600435,-506.7591634142041,-51.186081427522936
2026-04-20 22:08:58.567,178,32.84006550027424,-298.41639793549655,175.39180345135873,-172.86326775725962,253.0344771578825,-41.528226935432166,397.19761258120326,-509.5087796176096,-51.46066985592829
2026-04-20 22:08:58.576,179,34.14242759938629,-299.701570940866,176.6519156939035,-173.3439206240287,253.49783192807823,-41.6149673139748,400.5226708065108,-511.26972157250447,-50.74150473282376
2026-04-20 22:08:58.588,180,34.68358315819008,-301.75504746206707,177.14619057269655,-173.81001600301985,253.9708314528314,-41.68576661423906,402.31418547907975,-514.5731648310879,-51.570108727509634
2026-04-20 22:08:58.600,181,35.48291474089264,-303.5437629292539,177.9014437406223,-174.16348965517506,254.5483391649764,-41.62730811368673,405.1464480773051,-516.8486905570655,-51.36900079289205
2026-04-20 22:08:58.609,182,36.52927242548911,-305.0883864607996,178.8982217290237,-174.636762441725,254.97318261968576,-41.71653493009545,406.7061148396074,-520.3998720417783,-52.43499540739649
2026-04-20 22:08:58.620,183,37.33895988391231,-306.8761082793868,179.63839959690094,-175.13641948518523,255.3538495022173,-41.85186757377224,408.25089868293935,-523.9556204516825,-53.51228225023359
2026-04-20 22:08:58.630,184,38.39365559316988,-308.4152239805768,180.60917605729463,-175.54591416292777,255.82321615734529,-41.89603918560467,409.8054815549345,-527.4953048168121,-54.57256409218491
2026-04-20 22:08:58.639,185,39.4667312329877,-309.9406754556211,181.59837921666335,-175.98934754866374,256.2351715233251,-42.000169958777626,411.8809326759381,-530.5055946504564,-55.10735461720959
2026-04-20 22:08:58.647,186,40.277646393044726,-311.7362638194851,182.3156184597564,-176.32244340314205,256.7461773207625,-42.00548113406378,413.67940563654855,-533.7906083800915,-55.91455017243325
2026-04-20 22:08:58.658,187,40.84965141419999,-313.7796088692452,182.77117976459024,-176.52758345921342,257.36026407010223,-41.90008014788764,415.48054853231474,-537.0770421040763,-56.72299668580732
2026-04-20 22:08:58.669,188,41.4120811358523,-315.84439833879657,183.2062533668611,-177.1020025686158,257.5885791241392,-42.16538853019723,417.53601660641135,-540.1070331603601,-57.268201230684326
2026-04-20 22:08:58.677,189,42.50625347314366,-317.382094756732,184.1644516720162,-177.4691312736604,258.0219549049348,-42.21596869240973,419.5817849647802,-543.1507467851146,-57.813763601554015
2026-04-20 22:08:58.725,190,43.35261250557946,-319.16641710282715,184.8672458895239,-177.8739437601791,258.42103455036363,-42.292770690454375,421.3904841320684,-546.4333849688636,-58.60379331483865
2026-04-20 22:08:58.734,191,43.91525155891095,-321.2276311611169,185.3049187710211,-178.4746262993997,258.63123711710733,-42.559313949233584,422.68050005378814,-550.2464547622731,-59.91630190381706
2026-04-20 22:08:58.742,192,44.470480732974806,-323.3088107824452,185.7180157133676,-178.78609460815238,259.12139119450575,-42.54297219683496,424.2277428664671,-553.80186261077,-60.96181066978388
2026-04-20 22:08:58.753,193,44.783269691075695,-325.639566256921,185.8728173110764,-179.13583258377554,259.5557040121365,-42.57296168831241,427.0441678411144,-556.0866816808541,-60.73305804255152
2026-04-20 22:08:58.761,194,45.34814242817652,-327.7273553108385,186.26318756579735,-179.49789404301367,259.97357811582435,-42.61451658127893,429.09475886139927,-559.1390456010421,-61.25963058223306
2026-04-20 22:08:58.770,195,46.14645464052336,-329.5853254966183,186.8753380274329,-179.98429155051625,260.26841569212684,-42.782549507894686,431.1509448032729,-562.1861360126456,-61.780482524237065
2026-04-20 22:08:58.779,196,47.51713099012357,-330.87948047828337,188.0574188352135,-180.42030477283032,260.6100728243998,-42.9077115697758,433.207743461339,-565.2401951173517,-62.312623650276656
2026-04-20 22:08:58.788,197,48.109991633054456,-332.9658880992136,188.4550385204573,-180.8226983365865,260.98565582925494,-43.00643853423375,436.0296106962088,-567.523423187538,-62.06807189949726
2026-04-20 22:08:58.796,198,48.96134264340111,-334.80983903148825,189.0917889339237,-181.29597694010627,261.2934673366072,-43.16059992091859,437.3235317567357,-571.3353057832556,-63.36267211962838
2026-04-20 22:08:58.805,199,49.833840407327216,-336.63116511769806,189.7513047353155,-181.7510361930832,261.61783133453633,-43.28624420211196,439.6425384821547,-574.1249537484551,-63.64158699614198
2026-04-20 22:08:58.814,200,50.42027437055832,-338.7512032099952,190.1099955009712,-182.19591183510852,261.9522190614559,-43.40020943615031,441.95586871496346,-576.9256057645517,-63.93068469789504
2026-04-20 22:08:58.824,201,51.30193919162854,-340.57536921448434,190.7636151014885,-182.55748866036672,262.35834344386404,-43.43452231766414,444.0173468564917,-579.9760770113634,-64.46640019747184
2026-04-20 22:08:58.836,202,51.37752007905642,-343.206030045559,190.5869234968191,-182.79809582360403,262.8749942143342,-43.34714799558399,446.10673434384137,-583.0046348135878,-65.0082070376458
2026-04-20 22:08:58.848,203,51.97368670480548,-345.3223765301345,190.912386649329,-183.1276175724419,263.302750392945,-43.33462743479636,448.45183434656695,-585.778902181416,-65.30413750102545
2026-04-20 22:08:58.860,204,52.05429216942662,-347.95884100029355,190.72195940703392,-183.41866781100435,263.7796744403065,-43.278742134735474,451.0384071025291,-588.3001241626782,-65.35308700281563
2026-04-20 22:08:58.873,205,53.50643937205434,-349.23930525688314,191.88738851237065,-183.9877321145173,263.98439429685016,-43.50055617266853,452.0931084044933,-592.3575696589471,-66.93513794663211
2026-04-20 22:08:58.884,206,54.631217913947296,-350.85459838021404,192.7227930076562,-184.36054942533144,264.38713072326124,-43.52035896567178,454.4344745166084,-595.1222922536107,-67.23281650447002
2026-04-20 22:08:58.895,207,55.48359471598594,-352.7486654628272,193.28285046579944,-184.7655309733486,264.7537390113582,-43.57487067820279,456.7955565141663,-597.8629482182117,-67.51451530077112
2026-04-20 22:08:58.908,208,55.88208230664913,-355.1123152683274,193.37815815788903,-185.0178646044341,265.2581452766526,-43.4887741597436,458.6082917053002,-601.1532286691057,-68.34264636113086
2026-04-20 22:08:58.918,209,56.812763013768965,-356.9551394349786,193.98062749142252,-185.3423311876521,265.6821693115546,-43.47960843493616,459.8949862378886,-604.9745769379806,-69.69795576381449
2026-04-20 22:08:58.929,210,57.43227843831082,-359.10899740858355,194.27944864601915,-185.81101260546737,265.94669147693537,-43.61065275317959,462.2457594791542,-607.7254002535028,-69.97553343903931
2026-04-20 22:08:58.939,211,58.39467550957769,-360.9168422973005,194.9159713154644,-186.1524380636492,266.31554286649373,-43.63206353011748,464.8352494834556,-610.2389689024263,-70.00053747859549
2026-04-20 22:08:58.949,212,58.85498680713136,-363.2378007146192,195.0112492182212,-186.6039106085716,266.56581801813,-43.77909501449988,467.6662025632783,-612.5085999627503,-69.7711452503118
2026-04-20 22:08:58.959,213,59.48449895306193,-365.3904425171088,195.27199025297776,-187.1486262412274,266.7139271183287,-44.02605544847437,469.4818901053232,-615.7952621041749,-70.56663378982567
2026-04-20 22:08:58.967,214,60.46814133862906,-367.1849563841217,195.8824309447594,-187.64147523848203,266.91073039317973,-44.2243904917281,472.0457218822796,-618.3334701992467,-70.62111929134691
2026-04-20 22:08:58.978,215,61.45158452863272,-368.9817866947986,196.49156669979547,-187.95534358280597,267.28749247035546,-44.244748144302825,473.3370066501403,-622.1386452118356,-71.93437945994444
2026-04-20 22:08:58.987,216,61.76659557506631,-371.4536802693046,196.43267265855687,-188.32307400185448,267.6174789214786,-44.29414390920893,476.6577137131099,-623.9180757389181,-71.22364108211468
2026-04-20 22:08:58.997,217,61.918080417117416,-374.0889973522948,196.20765802009592,-188.48371980974449,268.14763702193227,-44.1325610730449,479.5032271725709,-626.1790278484849,-71.00366190321118
2026-04-20 22:08:59.007,218,62.866861898781096,-375.9180451205162,196.7715140605544,-188.94213230466917,268.36539914570045,-44.27824697422291,481.0559538598639,-629.742156085183,-72.09515500494473
2026-04-20 22:08:59.016,219,63.78310298109496,-377.7921592655213,197.28743934665147,-189.37495823051503,268.6105848897535,-44.396805362522144,483.9197257526178,-631.9940612880706,-71.88939584004628
2026-04-20 22:08:59.025,220,64.82544076021567,-379.55308888278313,197.9254943277946,-189.73052379036244,268.92658056215043,-44.44449707988647,486.2731995069215,-634.7632929648538,-72.19356131653254
2026-04-20 22:08:59.034,221,65.60095871409393,-381.595853890092,198.27826920538084,-190.0525370562526,269.2613571689438,-44.47083623065805,487.8544369179039,-638.3103069504357,-73.28067314655347
2026-04-20 22:08:59.043,222,66.45968756789995,-383.5610761149607,198.7170081808316,-190.4226870841305,269.52902649595325,-44.55755253194777,490.4795649182893,-640.8076028943178,-73.3236649913802
2026-04-20 22:08:59.051,223,66.68281076800916,-386.1722708757131,198.5011991967003,-190.6796749762324,269.8941287058946,-44.53619940366222,493.3561197248281,-643.0595703246528,-73.12274058204582
2026-04-20 22:08:59.061,224,68.00622440242925,-387.6889311254157,199.3540416114639,-190.94707855402964,270.2449954367757,-44.52631591073461,494.9374424006099,-646.6041206213848,-74.21323477909532
2026-04-20 22:08:59.069,225,69.80689770610928,-388.73171738243184,200.6810395615613,-191.2019912881416,270.6033368482866,-44.50824783871622,497.3068433017659,-649.3708502959037,-74.52795787034789
2026-04-20 22:08:59.079,226,70.8057976073121,-390.5843229299838,201.19762727731907,-191.54745751632404,270.8534971030301,-44.5915831962593,500.1960754043809,-651.623247864965,-74.33404269129215
2026-04-20 22:08:59.091,227,71.8649909912215,-392.3904112865784,201.7568141849803,-191.85028233715667,271.119345056825,-44.65090466193276,501.5211792214384,-655.4464605832269,-75.71008591119889
2026-04-20 22:08:59.099,228,72.25134531957364,-394.8703547192103,201.645783835732,-192.15666602151384,271.3651757189338,-44.72193807894241,502.5764502076605,-659.5362831331646,-77.35298080018214
2026-04-20 22:08:59.110,229,73.58818905632651,-396.3837851207493,202.4909496830257,-192.33026567615883,271.7471325377239,-44.66052657669806,504.4374116026674,-662.8142084416813,-78.18608376898361
2026-04-20 22:08:59.120,230,74.06816282443974,-398.75726869312047,202.4837528222451,-192.49600083798703,272.1178249475626,-44.60460238922846,507.29928243266784,-665.0900348810509,-78.01341489422546
2026-04-20 22:08:59.130,231,75.02626596855582,-400.6645440387432,202.9473823912792,-192.62322223796232,272.4998126381262,-44.54100477003298,510.1574643565863,-667.3640541850484,-77.84049535586135
2026-04-20 22:08:59.138,232,75.9855193503662,-402.5759609181801,203.41206601947144,-192.9067635345466,272.7242121025571,-44.62267443656423,512.0087016521551,-670.646624496492,-78.66641872963797
2026-04-20 22:08:59.149,233,77.28242366064408,-404.1527340495932,204.21382936576148,-193.0304750369099,273.0989531114848,-44.55710510372953,514.3515006876866,-673.4390230044223,-78.99910007998311
2026-04-20 22:08:59.158,234,78.05734783871378,-406.2544848458157,204.49179169212567,-193.2401308769456,273.3897092859567,-44.5715993996931,515.6715605013013,-677.2610342291016,-80.36452369778378
2026-04-20 22:08:59.168,235,79.07293748182089,-408.11940782805897,205.00108450080265,-193.43724639034627,273.671531094191,-44.59599652361101,518.0198239791912,-680.0541679405516,-80.70233529902639
2026-04-20 22:08:59.212,236,79.56484548444394,-410.5142846842984,204.98294968877863,-193.6320580892508,273.9411460811989,-44.62537503930476,520.390622703036,-682.8261573281992,-81.01760594082072
2026-04-20 22:08:59.220,237,80.82671062001202,-412.1494854150413,205.72526277056485,-193.93533098777215,274.1031000465978,-44.75237099785861,523.5482348806124,-684.8119671270142,-80.5512737004646
2026-04-20 22:08:59.228,238,80.9843878828213,-414.8904190803087,205.3581258626343,-194.19360971008885,274.30998747009414,-44.83919969359364,525.6587004227326,-687.8534956993964,-81.13602953491429
2026-04-20 22:08:59.238,239,82.01825027613864,-416.7703091177241,205.8571232007736,-194.3319534889713,274.6229558254802,-44.82293307614233,526.718116518477,-691.9530018032114,-82.7945416504101
2026-04-20 22:08:59.248,240,82.62596550811233,-419.0827798809359,205.93849237133705,-194.4823824847348,274.92497647590403,-44.82380765123599,527.8011832218552,-696.0253035962926,-84.42260672421668
2026-04-20 22:08:59.258,241,83.55870636252729,-421.08103882649465,206.3326133390169,-194.74582459599432,275.11465465635314,-44.92448499447459,529.3979882122536,-699.5875317478676,-85.52790040625764
2026-04-20 22:08:59.269,242,84.35842071018713,-423.2100358458072,206.59583558329103,-194.9366884137302,275.36320863141503,-44.96856655446322,531.4836610726601,-702.6553319271045,-86.13779264054249
2026-04-20 22:08:59.279,243,84.92767894555261,-425.57847881614407,206.6120112309448,-195.16839060851808,275.5645549190372,-45.058343864590185,534.8670588024568,-704.42488038282,-85.44620085994242
2026-04-20 22:08:59.288,244,85.45104897863256,-428.0139981882321,206.56708289646775,-195.3309581060608,275.8274543685856,-45.09025315640559,536.7315416961775,-707.7084139194784,-86.27954074982544
2026-04-20 22:08:59.297,245,85.80653980174996,-430.6313118014032,206.3405506776763,-195.5147933470053,276.054521131677,-45.15390066383541,538.5987582622059,-710.9817885719093,-87.11771715982654
2026-04-20 22:08:59.306,246,86.87683101064243,-432.5404575116513,206.8210666291022,-195.67984515725783,276.295667305595,-45.21079326376127,540.954582871414,-713.7672556538723,-87.47707538937239
2026-04-20 22:08:59.316,247,87.64578786918177,-434.7433469880699,207.0062681483724,-195.7087728901217,276.64904618391944,-45.15147589299233,542.7998938869604,-717.0682822877991,-88.35086435356027
2026-04-20 22:08:59.325,248,88.06209827977037,-437.3006768887947,206.8333816036296,-195.82542841610663,276.88557523064543,-45.2101127623314,544.9159546814865,-720.09979517294,-88.94888812781198
2026-04-20 22:08:59.335,249,89.13153854770708,-439.2059047158377,207.3105575399213,-195.9793198610093,277.0740165037064,-45.31389442027021,547.3048645918554,-722.8550474589911,-89.27914067493305
2026-04-20 22:08:59.344,250,89.66567575466982,-441.6408473514542,207.25506725822336,-196.04923272828796,277.31639437730973,-45.364708450678414,548.8798114508852,-726.4331192461538,-90.42980441506003
2026-04-20 22:08:59.353,251,90.44044537839142,-443.8373711935176,207.4316455021018,-196.11406968691296,277.5518520560329,-45.41999901025133,551.2751148779402,-729.1958075878484,-90.76248233095896
2026-04-20 22:08:59.363,252,91.39468877416547,-445.8587844126045,207.7683562498058,-196.1321462228963,277.836176858903,-45.41861925569804,552.6099709251383,-733.0239980641211,-92.15712975462426
2026-04-20 22:08:59.372,253,92.47078101503062,-447.75556061017335,208.2296686531285,-196.16626992321312,278.09914716275074,-45.4413777579428,554.7366040208614,-736.062282963049,-92.76494249353358
2026-04-20 22:08:59.383,254,92.72125237512952,-450.4891411788409,207.85230380813772,-196.2371377544945,278.3288971439664,-45.49441138745691,556.3185884819393,-739.6487200002581,-93.92439855396742
2026-04-20 22:08:59.392,255,93.45781851515262,-452.7415710616132,207.96319185540128,-196.34083201019268,278.52913935475675,-45.57758652040791,557.9043862922593,-743.2418630337464,-95.09020575148293
2026-04-20 22:08:59.402,256,94.71780561643322,-454.47119973115616,208.61783243269468,-196.46801154729852,278.7074765853747,-45.69427795947215,559.7700502993333,-746.5660153874228,-95.98384498550637
2026-04-20 22:08:59.411,257,95.25586723883158,-456.9265701617302,208.5577550593785,-196.63220592655617,278.8500806707244,-45.838450814279895,561.6038591207421,-749.923852652395,-96.91227244746663
2026-04-20 22:08:59.421,258,96.40186586330088,-458.7811777168558,209.08910227669125,-196.7066130625645,279.0741874826793,-45.89176676067381,563.7731449338013,-752.9385826762286,-97.49184662277756
2026-04-20 22:08:59.431,259,97.31200726097636,-460.8760145996744,209.37851581090507,-196.78509642478016,279.2928828844526,-45.94636809429645,566.1850395235801,-755.7081199215149,-97.83044639476248
2026-04-20 22:08:59.440,260,98.40489315323234,-462.7901497499128,209.8391978253423,-196.91550922018448,279.4625877355249,-46.05018436349017,568.2865565401443,-758.7841486497307,-98.47195487374454
2026-04-20 22:08:59.449,261,99.43399603117234,-464.7651168152768,210.23149985601796,-197.01272294723285,279.66186731737616,-46.12346119032463,570.1799750344994,-762.067581293986,-99.3303646702611
2026-04-20 22:08:59.458,262,100.83043544181528,-466.378365117067,210.98261299801447,-197.07974214511907,279.877215125625,-46.1722059125418,572.116708432253,-765.31191752942,-100.16130444112297
2026-04-20 22:08:59.468,263,101.157346915416,-469.0681802351057,210.65471493786407,-197.14331125954155,280.0837028560431,-46.22394980245687,574.4996763000661,-768.1075598279878,-100.54394343764244
2026-04-20 22:08:59.477,264,101.66140389821282,-471.59460487514855,210.48784440868684,-197.1907856916834,280.2888228441546,-46.28043648897168,576.3955891024426,-771.385070313499,-101.4072188788395
2026-04-20 22:08:59.487,265,103.14450746157068,-473.1489055122286,211.29794537618167,-197.26302283704604,280.46369879838824,-46.3584031072365,578.533877793755,-774.4259342814813,-102.02727778971771
2026-04-20 22:08:59.498,266,103.51771155146976,-475.8247646732889,210.99282941959615,-197.2855530909452,280.6843893151444,-46.38480301130478,579.9131295781413,-778.2314089270411,-103.40754036181735
2026-04-20 22:08:59.506,267,104.5060332306754,-477.8981513897632,211.28423880313008,-197.31055437207417,280.9089566498764,-46.409077698066326,582.2948277219607,-781.0322529861329,-103.77989710060058
2026-04-20 22:08:59.517,268,105.6086673842792,-479.8596366869809,211.68748682905897,-197.3897782143812,281.0856489596149,-46.48180326322369,584.1534285528495,-784.3475018233447,-104.66748227695648
2026-04-20 22:08:59.526,269,106.65163637332184,-481.8795062478748,212.0123565114179,-197.4924026180063,281.2367492862576,-46.58232853516888,585.7589370367887,-787.8987503441301,-105.7860442002072
2026-04-20 22:08:59.537,270,107.10455429723962,-484.4980941211345,211.73451283598783,-197.5917429512461,281.38946787022,-46.6869207306377,586.8198567182615,-791.9971984151327,-107.45174399986723
2026-04-20 22:08:59.545,271,108.01084452914112,-486.6623549953191,211.9138390053016,-197.62948160259967,281.59408747784863,-46.74309899314056,588.6396420168694,-795.3364960628638,-108.3529650118223
2026-04-20 22:08:59.556,272,108.68521588936538,-489.0626589212852,211.8535578500245,-197.6908776735249,281.77619489060345,-46.83401457317306,590.7568796727861,-798.3694481422046,-108.94994461099488
2026-04-20 22:08:59.566,273,109.83517488603336,-490.99750397713353,212.25421586834716,-197.75497704887465,281.94854909350977,-46.93542739213483,592.6000399324255,-801.6724523128478,-109.8232982243429
2026-04-20 22:08:59.575,274,110.90401181409976,-493.0219541892768,212.57319521543988,-197.74124054953032,282.2031797461692,-46.95465377967933,594.9341475094794,-804.4890711104052,-110.2189390648888
2026-04-20 22:08:59.586,275,111.66115275560544,-495.3633520557626,212.58371924030243,-197.736107595393,282.4365556980691,-46.99906174200268,597.3305151087558,-807.2463510052214,-110.55283788753178
2026-04-20 22:08:59.595,276,112.3379923503724,-497.7874325296457,212.5250020050742,-197.847860942069,282.5470072466043,-47.16555615996175,599.9657885583727,-809.7630251543353,-110.64124722104307
2026-04-20 22:08:59.605,277,113.87236382548204,-499.3579426240576,213.3291795504581,-197.83526421208367,282.7775174444995,-47.20264440988581,602.6013994581701,-812.2792099789415,-110.73028440212292
2026-04-20 22:08:59.614,278,114.16319175379292,-502.1756822522004,212.8887924260281,-197.8550628001186,282.97011739782005,-47.27110597387378,604.7818043276228,-815.2533044987365,-111.275050634355
2026-04-20 22:08:59.624,279,114.86280068162556,-504.6015076932641,212.84274372034545,-197.8511361123439,283.16710642951426,-47.32439171484292,606.6616728188542,-818.5194828726032,-112.12473043821136
2026-04-20 22:08:59.631,280,115.47347726427463,-507.1222595857093,212.7090914220857,-197.84947898949784,283.3497325610798,-47.39607847442281,608.5062181648706,-821.8160750527736,-113.00172095903618
2026-04-20 22:08:59.640,281,116.47116204965344,-509.2609134714983,212.96610572943231,-197.8886916991144,283.4779227534757,-47.52732526279458,610.3821575008686,-825.0893499433874,-113.84816695725752
2026-04-20 22:08:59.650,282,117.07918042413026,-511.79116976530975,212.83838282337948,-197.8727392290044,283.6664207814074,-47.59457980225326,611.7383324287028,-828.881396598389,-115.20513507210444
2026-04-20 22:08:59.656,283,117.99718303861354,-514.0083612278103,213.0300579751376,-197.8560758674104,283.8525528070322,-47.66245605576578,613.3116825262141,-832.4604186281023,-116.34282392472932
2026-04-20 22:08:59.665,284,118.99035664257929,-516.1578691703908,213.2928672203351,-197.85564417698652,284.01309930938095,-47.75734503374423,615.1787421029309,-835.7421918160894,-117.181630272505
2026-04-20 22:08:59.673,285,119.98735466219456,-518.3111210794042,213.5556657352853,-197.7975160725706,284.22491922997875,-47.794532821785495,616.8060704207227,-839.2687219377458,-118.265017100785
2026-04-20 22:08:59.683,286,120.76257184174368,-520.680239969449,213.6020332467281,-197.83457169052423,284.3300174482557,-47.94429081912836,619.6836478514911,-841.5487251076273,-118.10261356108512
2026-04-20 22:08:59.690,287,122.16374367767742,-522.4186481339792,214.27808373560904,-197.8882312925854,284.4182103682916,-48.10382143787517,622.5805355530266,-843.801423350654,-117.90858609719469
2026-04-20 22:08:59.699,288,123.32253423588824,-524.4017069713626,214.7129259633302,-197.8554367442585,284.59602845623454,-48.15898546461887,623.1219512549625,-848.4076215473042,-120.07195700335237
2026-04-20 22:08:59.708,289,123.99573840196548,-526.8774074898546,214.6670324433152,-197.86876438015807,284.73422708212684,-48.253875629923066,624.9640123851065,-851.7171109673694,-120.93532788112786
2026-04-20 22:08:59.716,290,124.8412613763518,-529.1871820209834,214.79712030907055,-197.9062508809573,284.8456711838885,-48.367019747764985,627.050064193821,-854.7839577252466,-121.55126237974744
2026-04-20 22:08:59.726,291,125.3012602392727,-531.8940937869675,214.53693378874672,-197.9304049619634,284.97080815879417,-48.45204517470513,629.9501704350711,-857.0402258040567,-121.35644867857626
2026-04-20 22:08:59.734,292,127.59435915239854,-532.7735684603884,216.1078262177644,-197.9206768806613,285.1274938902539,-48.49850224466489,631.8452127347873,-860.2993369618958,-122.1682168218992
2026-04-20 22:08:59.743,293,128.3688515705991,-535.1630870238395,216.17124321924385,-197.8858142465951,285.2907893080708,-48.52380365768564,633.9626004631097,-863.3398778371791,-122.7635336659708
2026-04-20 22:08:59.751,294,128.51118681250406,-538.1912582423629,215.5965151541622,-197.88773905945024,285.40800323464305,-48.59363974879707,636.0773643842247,-866.383202620283,-123.3585472965044
2026-04-20 22:08:59.762,295,129.67939186976926,-540.196161197893,216.04268685151035,-197.89995990736915,285.513305397157,-48.6805414976974,637.6812337119866,-869.945749698899,-124.47195160129591
2026-04-20 22:08:59.774,296,130.7764093388657,-542.272052925964,216.41621181627352,-197.88110663994428,285.6419732790492,-48.74673843611401,639.5610654003588,-873.238155248508,-125.317267664899
2026-04-20 22:08:59.781,297,131.80328564014,-544.4267611065123,216.7117830176099,-197.899171970176,285.7344861990053,-48.85717648753289,641.1660263287863,-876.8052278950205,-126.43270672026507
2026-04-20 22:08:59.793,298,133.12463986511165,-546.288873554297,217.30086654183933,-197.853940711764,285.8845239677571,-48.90673864000097,642.2289610902873,-880.9175330364634,-128.09808549245346
2026-04-20 22:08:59.801,299,134.54707746795137,-548.0555211440321,217.98598857290068,-197.8394406975912,285.9902713249398,-49.00084457946812,643.594927396765,-884.7300340749118,-129.46219062151863
2026-04-20 22:08:59.812,300,134.91368362305926,-550.8785494502569,217.6185653425842,-197.81290015493505,286.0895870814891,-49.100081940786005,643.8673840251614,-889.637309153278,-131.9156720668661
2026-04-20 22:08:59.820,301,135.45240098630373,-553.5297198942988,217.4256643844749,-197.75555305081568,286.2144904694444,-49.17105055716599,646.5142282335963,-892.1710981575226,-132.00073030864775
2026-04-20 22:08:59.832,302,136.38359751664942,-555.7901627386848,217.62587069811283,-197.72867037298172,286.30693528146406,-49.27752282164187,647.8825724755792,-895.9786068670037,-133.36854492350358
2026-04-20 22:08:59.884,303,136.92274341324628,-558.4486877699103,217.43048780873983,-197.6843865380468,286.4207122164199,-49.3607160054264,649.7689328781722,-899.2721809198838,-134.2183734266577
2026-04-20 22:08:59.892,304,137.53602891282986,-561.0329753812817,217.31175111108652,-197.68013581935392,286.49594145777894,-49.486642003924366,651.6775501837031,-902.5378595512612,-135.03685571433502
2026-04-20 22:08:59.901,305,139.52801960954815,-562.2393294245051,218.57724202874755,-197.6068923921942,286.6426444862298,-49.53935510477409,654.0474124415094,-905.3458118562454,-135.3911006010685
2026-04-20 22:08:59.910,306,139.99353786001953,-564.9686422384256,218.31374879658,-197.5463699497472,286.7657684133447,-49.61208714245785,656.2226735145159,-908.350390824534,-135.93498609387007
2026-04-20 22:08:59.921,307,140.92333748968838,-567.2337121042139,218.51590765486785,-197.4624132920829,286.9067866121623,-49.66461388927673,658.6442011662698,-911.11066898288,-136.23167619537193
2026-04-20 22:08:59.928,308,141.6064339892984,-569.7534754582172,218.47107256695597,-197.43181186458756,286.9812364307873,-49.772319991780165,660.251800229783,-914.6902244015404,-137.34847334669576
2026-04-20 22:08:59.936,309,142.21304098104096,-572.3508782357579,218.3608638888049,-197.3487344316502,287.0904541663448,-49.835106060839024,662.6486695848195,-917.4815502334006,-137.67107750483373
2026-04-20 22:08:59.944,310,143.32061420589258,-574.4501050609676,218.74570064613624,-197.2636316512765,287.18791543575526,-49.9004805534455,663.9840490682623,-921.3406328110632,-139.0582275554337
2026-04-20 22:08:59.952,311,143.92997570940037,-577.048848282055,218.63323835822925,-197.2024926914308,287.2499665066872,-49.99414657877167,666.3889337640773,-924.1393069305008,-139.381465021105
2026-04-20 22:08:59.960,312,144.54106056234323,-579.6425800545655,218.5179572544436,-197.1096263732161,287.3394140787825,-50.05377815123549,667.7277327728006,-928.006635883072,-140.77026310687413
2026-04-20 22:08:59.969,313,145.2242727535247,-582.1703558584617,218.4755593425193,-197.0184614612464,287.43008825169727,-50.114707659874334,669.6121486657795,-931.331849614321,-141.612670041187
2026-04-20 22:08:59.980,314,145.8994211492149,-584.6973001482836,218.4408637172991,-196.98118055990955,287.4561485926944,-50.244276693730576,670.95020103375,-935.1983610764952,-142.9993691408206
2026-04-20 22:08:59.988,315,146.36241656686204,-587.4365911265567,218.1933512732756,-196.87830635993544,287.5445357867561,-50.31227100649436,673.5963842814583,-937.7470135801158,-143.0712009631558
2026-04-20 22:08:59.997,316,147.3929218081203,-589.6060268358045,218.51643864387356,-196.7552360533533,287.6392316695874,-50.37977862276298,675.471382430012,-941.066456166034,-143.90780614100865
2026-04-20 22:09:00.005,317,148.0647535693885,-592.134727435581,218.4854640535297,-196.61582057676105,287.7460555566278,-50.44008877638792,676.800740448328,-944.926252798648,-145.27556436619963
2026-04-20 22:09:00.014,318,148.9850844292397,-594.414571106814,218.7060150597556,-196.46849483628117,287.8553112306357,-50.49819367506206,679.9587946129913,-946.9581456455904,-144.81931276653953
2026-04-20 22:09:00.023,319,150.22170472262687,-596.376440993205,219.24815405406764,-196.34422096160668,287.94604404467145,-50.575573171035735,682.0551473527566,-950.0463301884996,-145.4284268852654
2026-04-20 22:09:00.031,320,150.68274715596468,-599.1170435245277,219.0032852588467,-196.21697710756388,288.0449439428689,-50.646457666120845,684.4247801508186,-952.8623994119108,-145.77032891042825
2026-04-20 22:09:00.041,321,152.89794028899476,-600.1111141788022,220.49599855055516,-196.2002589892163,288.0305029993068,-50.83520701248903,686.5758743472439,-955.9011301488022,-146.34086006446577
2026-04-20 22:09:00.049,322,153.43713245842076,-602.7825021084363,220.30702583339297,-196.10355215729388,288.09248166228514,-50.94738235138231,688.9804860123846,-958.6911842802954,-146.66743709747595
2026-04-20 22:09:00.058,323,154.51307183142754,-604.9223222471489,220.6604198523084,-196.02502356806733,288.13304016629985,-51.08188054094767,690.8638472652647,-962.00217871629,-147.51269868322117
2026-04-20 22:09:00.065,324,155.55037478093317,-607.1070110766219,220.9775646955837,-195.89724975545272,288.20903827697936,-51.179865416643466,692.7217697587273,-965.33950575444,-148.38371547847171
2026-04-20 22:09:00.074,325,156.16234780850462,-609.7208060447398,220.8651126477957,-195.781115924763,288.27293557672715,-51.286049531407485,695.6906279660968,-967.5619677324094,-148.13693388024546
2026-04-20 22:09:00.081,326,157.17129676558596,-611.9425575828554,221.14729573333912,-195.6951585566188,288.30755949981216,-51.41852994311076,697.5648983027444,-970.8768888222004,-148.9752257755009
2026-04-20 22:09:00.091,327,157.71158398287028,-614.6369289509995,220.9628455715263,-195.5494631633029,288.3975593798045,-51.48886012781339,699.4183798601696,-974.2146107459554,-149.83748341797312
2026-04-20 22:09:00.100,328,158.00153050634233,-617.582054373369,220.53151101555855,-195.48640936775817,288.40334461444826,-51.63635966217017,701.3178475823494,-977.5030336746008,-150.65217290673556
2026-04-20 22:09:00.109,329,158.74985596972206,-620.066343531429,220.56917444828235,-195.34130485433715,288.4792028820734,-51.700158271176925,702.4081971782265,-981.6079080153866,-152.2887263440033
2026-04-20 22:09:00.117,330,160.36590922638658,-621.6817431323874,221.4831567968017,-195.23415196793655,288.51308469077753,-51.803888636105526,705.0579198823904,-984.1542826425168,-152.36551482048733
2026-04-20 22:09:00.124,331,161.18467564097844,-624.1011266871868,221.5950354898298,-195.07119859774596,288.5949701295413,-51.86233244863108,706.3950961223278,-988.012801787512,-153.75506626148817
2026-04-20 22:09:00.133,332,162.04781536826093,-626.4826339708991,221.74736882816333,-194.89074412076835,288.6847823636594,-51.91439814473905,708.2792808443343,-991.330042276418,-154.5991359900457
2026-04-20 22:09:00.141,333,162.335759687234,-629.4426253315063,221.3158121928984,-194.8003402892353,288.6824207029511,-52.06458718603791,710.9292190654421,-993.8772830445864,-154.6754212500559
2026-04-20 22:09:00.150,334,163.01683771648015,-632.010705101601,221.28459512793637,-194.6670691479705,288.7145269795668,-52.179359627304926,713.5780919786573,-996.423393475088,-154.7516157816549
2026-04-20 22:09:00.159,335,163.48629779519595,-634.7934721095543,221.0342416584197,-194.57455477064084,288.70281577126497,-52.33791303337432,715.2207915636203,-999.9806317869218,-155.84607692003104
2026-04-20 22:09:00.167,336,164.8616021671001,-636.6749855170957,221.6846790331441,-194.4681169000401,288.700646811761,-52.47890278194032,716.8388347048767,-1003.5621705436212,-156.97077485322814
2026-04-20 22:09:00.176,337,165.08025159030066,-639.7204618922007,221.1716014344813,-194.26603634027015,288.78219411426306,-52.53163849550035,718.9731814323242,-1006.6244787807968,-157.5744163332192
2026-04-20 22:09:00.185,338,166.28391396623255,-641.7869650502743,221.63587378992065,-194.129441952992,288.7780897410731,-52.66777802787436,721.1045574318019,-1009.6866545401087,-158.17434144976158
2026-04-20 22:09:00.194,339,167.56342593567672,-643.7808372292585,222.17138397432103,-193.92825477903068,288.8294974068769,-52.74794559403264,721.8963292036157,-1014.0840074677632,-160.1086927898063
2026-04-20 22:09:00.201,340,168.6941458491457,-645.9215573731466,222.559713790951,-193.77782790617337,288.8319996234969,-52.870731023826174,722.71373335834,-1018.450062287694,-162.0161613154911
2026-04-20 22:09:00.210,341,169.2456345370472,-648.6388482445684,222.36445371348944,-193.55357317336512,288.908405240427,-52.92678798327872,725.9027930417836,-1020.4438234089984,-161.5509296733833
2026-04-20 22:09:00.220,342,170.44507492616668,-650.6994903861338,222.8262928150782,-193.4550920699509,288.86167094167337,-53.10708389990176,728.0566172346751,-1023.4728911989484,-162.12279519396995
2026-04-20 22:09:00.227,343,171.96823252633584,-652.4373377757934,223.6188666853171,-193.21583543991252,288.95797625670684,-53.148309883674045,730.4581380305631,-1026.2522271695582,-162.45198223350206
2026-04-20 22:09:00.235,344,172.66191173485274,-655.0094887880208,223.57865230456383,-193.08953876606847,288.9360296448189,-53.3010348947186,733.8654416660014,-1028.0217463080826,-161.77348114327324
2026-04-20 22:09:00.242,345,174.2668746896077,-656.6725006878994,224.4397779010617,-192.90142231060344,288.9709776048373,-53.39997288696551,735.9633690641543,-1031.0988618855213,-162.4021135259757
2026-04-20 22:09:00.251,346,175.3929676080593,-658.8093458224128,224.82853677209644,-192.6937547085348,289.01261977267296,-53.48487350237078,738.0931983309137,-1034.1507743806503,-163.00481230927477
2026-04-20 22:09:00.258,347,176.1933485323562,-661.2746661021633,224.89041245344805,-192.48216213824915,289.05095339651734,-53.56874649580802,740.4940349126755,-1036.9350734240663,-163.33163684369717
2026-04-20 22:09:00.269,348,177.39426551098077,-663.3390136069454,225.3535807856753,-192.28972866248105,289.06537993974433,-53.67955546452848,742.324091369231,-1040.296225764826,-164.23497264901852
2026-04-20 22:09:00.277,349,178.57023008313513,-665.4307451870702,225.7843425571254,-192.14073633101572,289.0363105551173,-53.83049805510219,744.2427922275582,-1043.5772025640072,-165.05744999408898
2026-04-20 22:09:00.288,350,179.4482946777547,-667.8226780553048,225.91262111551907,-191.99839025789768,289.0010813009994,-53.98574913931739,746.3800416995722,-1046.6402252508526,-165.66487919047756
2026-04-20 22:09:00.298,351,180.0015410209439,-670.5451008551139,225.71244486004247,-191.76789425115783,289.04215326192,-54.05767260250959,749.3127494472686,-1048.908534297102,-165.47679070816451
2026-04-20 22:09:00.306,352,180.55578905585776,-673.2705516022899,225.51101192077405,-191.53151544504215,289.08510116838033,-54.120069043547815,751.1799974823722,-1052.2427199841272,-166.36417736288226
2026-04-20 22:09:00.315,353,180.9341907129597,-676.1801232904733,225.131492506637,-191.31887327446304,289.0977190657929,-54.21098407459964,752.2538461689161,-1056.3684398118305,-168.05510342314108
2026-04-20 22:09:00.323,354,182.04697963659493,-678.3613366747247,225.48803049378827,-191.08931916959813,289.1224481475822,-54.295850466278594,754.6417256464703,-1059.1766321231505,-168.43171354764135
2026-04-20 22:09:00.334,355,182.68283408116832,-681.0246777371284,225.35832914751197,-190.90331109650265,289.1023511223296,-54.42042364960367,757.3058185241151,-1061.710212431772,-168.5295531598276
2026-04-20 22:09:00.341,356,183.9840331343649,-683.0278881369915,225.88564703027583,-190.69670150887865,289.09642519561106,-54.52329812894917,759.1756398971863,-1065.0381955010516,-169.42788976903287
2026-04-20 22:09:00.352,357,184.4700644464668,-685.8518397079151,225.5926887060964,-190.58985670224192,288.98660564417065,-54.73448610082648,760.2847830139594,-1069.124790334761,-171.09049514895173
2026-04-20 22:09:00.363,358,185.2095085490477,-688.4217566976268,225.558800429413,-190.40196585255063,288.9643635227329,-54.85977816002092,762.4339262184526,-1072.1696699806691,-171.71805400972858
2026-04-20 22:09:00.371,359,185.7750457960248,-691.1702466995358,225.344770599591,-190.14730473581136,289.00547835419803,-54.9222835428587,763.5471955747093,-1076.2577565745596,-173.38869076730958
2026-04-20 22:09:00.381,360,187.00185197491237,-693.2522709490282,225.79227787942972,-189.94727674953012,288.9841674335872,-55.05383999635286,766.4698485568916,-1078.543730024992,-173.2603547103277
2026-04-20 22:09:00.388,361,187.565483406169,-695.997140108131,225.57917396479908,-189.7297731223732,288.97370463799245,-55.18030871464924,768.4282556411542,-1081.7982430579946,-174.10084022656918
2026-04-20 22:09:00.399,362,188.3633015294517,-698.5123143038184,225.59858791241476,-189.5634765060032,288.9018565823067,-55.36948950530587,770.6264129025676,-1084.812573333768,-174.69762367431497
2026-04-20 22:09:00.407,363,190.17685810097765,-700.014618244177,226.6321734041672,-189.3039356269516,288.9255262718664,-55.46377179584675,772.2671140887818,-1088.3839171948007,-175.85613279608702
2026-04-20 22:09:00.417,364,191.5843784956692,-701.9290708519028,227.2539169051078,-189.1468509181064,288.83765219596694,-55.666419859486346,774.4359846166653,-1091.4300861883694,-176.49958384592844
2026-04-20 22:09:00.428,365,193.07527900397773,-703.7654966999053,227.9486792331016,-188.94322856392816,288.77286258275586,-55.835902773903946,776.6472776314073,-1094.4293704551862,-177.10464542413104
2026-04-20 22:09:00.436,366,194.98003459401687,-705.1901668601212,229.05294170041896,-188.6333462774724,288.80563310922645,-55.90302758751235,778.8603848276366,-1097.424739040865,-177.7109438699197
2026-04-20 22:09:00.447,367,195.0598676780178,-708.4416935872589,228.3321320751697,-188.36936542315465,288.7807083024012,-56.03065468646206,780.2294216299035,-1101.264582557925,-179.16696127393024
2026-04-20 22:09:00.455,368,195.78626930564465,-711.0392098230142,228.2704422178697,-188.0957732218561,288.76054137332767,-56.14601475890209,781.8794791179721,-1104.8188150055098,-180.33943206742097
2026-04-20 22:09:00.466,369,196.43552924369027,-713.7177638606527,228.12637419736012,-187.88134891172373,288.6813412800549,-56.32040629048976,782.9629990676302,-1108.9368448286634,-182.0727228932358
2026-04-20 22:09:00.474,370,197.5012683037593,-715.9838732286867,228.39543662554124,-187.66217165229608,288.6160291786037,-56.48167743800935,785.3688751196654,-1111.7361136155184,-182.48370827795327
2026-04-20 22:09:00.542,371,198.3281579725288,-718.4928127458597,228.42411469053536,-187.45183798850712,288.5417571672419,-56.65704975108514,787.056507455206,-1115.2531131243868,-183.6088594036407
2026-04-20 22:09:00.549,372,199.90360865139075,-720.2548882792285,229.1979009510662,-187.2058388930862,288.4921568810962,-56.80638769131475,789.5458476748997,-1117.969456093964,-183.931076777192
2026-04-20 22:09:00.558,373,200.72099654370007,-722.7775155048952,229.20907655853387,-186.8767900581068,288.5242474489361,-56.87769049913637,791.7476783455355,-1120.971704737251,-184.53146625011044
2026-04-20 22:09:00.566,374,201.1302012644836,-725.7125177758923,228.8014364730394,-186.675841552628,288.42215563512264,-57.07962406986138,793.1443861736179,-1124.7752028143475,-185.9266259103193
2026-04-20 22:09:00.574,375,202.03075691590257,-728.1550750542001,228.89301765632828,-186.37289945926375,288.4234727678207,-57.1817410896052,795.5745114656589,-1127.5432156916693,-186.278173579859
2026-04-20 22:09:00.583,376,203.19625063340152,-730.3360336905841,229.24958338567637,-186.13138236742577,288.35487768189813,-57.36036222929193,798.2488868003652,-1130.0711298394488,-186.3873841448743
2026-04-20 22:09:00.591,377,204.44579428943848,-732.4378074620274,229.6864471554125,-185.75989331442543,288.412051864164,-57.41728197038827,801.4419392898274,-1132.0795167146568,-185.9738231948276
2026-04-20 22:09:00.599,378,205.4399268777876,-734.7961546131743,229.87267882068969,-185.51532450532625,288.3437136322461,-57.59853052962143,803.0738057308549,-1135.6501938858376,-187.1204690023849
2026-04-20 22:09:00.607,379,206.769595924864,-736.8234733154992,230.3968993336359,-185.2042240055288,288.338264235224,-57.72061306615544,804.9470874183568,-1138.9793266441702,-188.02295096404336
2026-04-20 22:09:00.616,380,207.9367271842001,-739.0136616827328,230.76174104020728,-184.86163505632516,288.3649455169344,-57.81015083407521,806.2980085025298,-1142.8272310491814,-189.44385852914817
2026-04-20 22:09:00.625,381,209.7747386948056,-740.5328018106674,231.801630427215,-184.60807956533523,288.29386283635085,-57.99915534113003,808.4420479706137,-1145.8798140628562,-190.06287686165263
2026-04-20 22:09:00.633,382,211.8697010414521,-741.796611139527,233.09932594616063,-184.2997678770698,288.26736143867447,-58.132010708757065,810.8667235334481,-1148.6559357293895,-190.40658213542608
2026-04-20 22:09:00.642,383,212.684940410381,-744.3392879852855,233.1159182562674,-183.97678699718827,288.24765131493723,-58.24930940167427,813.0480939932302,-1151.6703045461738,-190.9939155504836
2026-04-20 22:09:00.650,384,214.3459045147592,-746.0371067236207,233.9817146996404,-183.69180610490451,288.193676038351,-58.39850668485707,814.673167822917,-1155.2387877475962,-192.1333977396452
2026-04-20 22:09:00.660,385,214.9082133834669,-748.8403559464953,233.74091437327817,-183.4190340728938,288.1206048261773,-58.5722165415884,817.1247125655383,-1157.9808948267917,-192.4429061673382
2026-04-20 22:09:00.669,386,215.9019325826623,-751.2093169809657,233.9329494284574,-183.02395672517196,288.16876876788643,-58.62836903237241,818.7164749415097,-1161.5870391545366,-193.61155824229908
2026-04-20 22:09:00.678,387,216.7362210133896,-753.7381686787758,233.96038962975436,-182.6467154306999,288.19353332866007,-58.705429917721794,820.6147010787438,-1164.8864010205036,-194.47248412158285
2026-04-20 22:09:00.686,388,217.72946258436005,-756.10461496194,234.1511426586125,-182.4743465222694,288.0119215814891,-58.98967561514703,822.4783152359366,-1168.2151816415123,-195.35938341256744
2026-04-20 22:09:00.694,389,218.72800937986548,-758.4743437614848,234.33750054737175,-182.16816653018623,287.9657636748878,-59.135533030575736,824.6163759138105,-1171.2721260173432,-195.96921534607424
2026-04-20 22:09:00.704,390,219.5660366655433,-761.0126887402172,234.35971849916737,-181.9131917439391,287.8650002625792,-59.34010513193257,827.3015273794955,-1173.7851157815617,-196.0265703001029
2026-04-20 22:09:00.711,391,220.662368230924,-763.2982210259156,234.63780219668885,-181.68925052543077,287.7230806421081,-59.586463999690544,829.2248792987918,-1177.060101839406,-196.85097896459257
2026-04-20 22:09:00.721,392,221.5830913407736,-765.7599093071459,234.7439816343344,-181.3754075628437,287.66352162649935,-59.75094080102084,831.3679034578798,-1180.1183011119022,-197.46509234207693
2026-04-20 22:09:00.729,393,222.48893967442623,-768.2368361487805,234.83866003975555,-181.14895776843235,287.5141256322498,-59.99679896803556,832.9623365459703,-1183.7269102676744,-198.63620464762843
2026-04-20 22:09:00.737,394,223.32670961819537,-770.7742977454678,234.8631474691159,-180.85365188874675,287.4268270628238,-60.175541337989664,834.03473665121,-1187.8516515511162,-200.326974060427
2026-04-20 22:09:00.745,395,224.1589804034849,-773.3176459014679,234.8718004791409,-180.4762378925323,287.4150713237131,-60.276821575873925,836.7330201433141,-1190.3523340919485,-200.39310427153373
2026-04-20 22:09:00.754,396,224.994082607499,-775.846180040764,234.89457668288244,-180.11760822950902,287.38144369598086,-60.39930209062431,839.3970599349179,-1192.8889655757291,-200.49050701415385
2026-04-20 22:09:00.762,397,225.6534807218125,-778.5518121370554,234.7455907636615,-179.78706151478235,287.3207377672828,-60.55494872540528,840.9888045543134,-1196.4963620354808,-201.65894578825677
2026-04-20 22:09:00.771,398,226.2356138069495,-781.3407964235339,234.51179250309343,-179.420028211445,287.29812437887017,-60.66949497080358,843.4120819106319,-1199.276591356649,-202.0007969399828
2026-04-20 22:09:00.780,399,226.73765844437165,-784.2119572651072,234.19416715332537,-179.16588811308034,287.1581585432523,-60.897241076312405,845.8053778220554,-1202.0909170914333,-202.37681157491104
2026-04-20 22:09:00.787,400,227.83250203005267,-786.4943615172655,234.46120755448612,-178.78959196293616,287.1273533055992,-61.01182530886187,848.7197261642098,-1204.383129765075,-202.23505064895625
