timestamp,episode,openness,conscientiousness,extraversion,agreeableness,neuroticism,stress,satisfaction,social_energy,total_reward
2026-04-20 21:28:03.102,0,0.5,0.5,0.5,0.5,0.5,0.0000,0.0000,0.0000,0.000
2026-04-20 21:28:03.219,1,0.499,0.49982602994378506,0.4997609550843224,0.5065869850281075,0.497,0.4000,1.0000,0.4500,6.296
2026-04-20 21:28:03.277,2,0.49803,0.4988312490454715,0.5007681264317927,0.5133893754772643,0.49409,-0.1000,1.0000,0.3500,5.674
2026-04-20 21:28:03.314,3,0.49708909999999995,0.4978663115741073,0.5017450826388389,0.5199876942129463,0.49126729999999996,0.3500,1.0000,0.1500,5.712
2026-04-20 21:28:03.342,4,0.496176427,0.4978002141530566,0.5021956490590037,0.525393901185218,0.48759725393624376,0.2000,1.0000,0.2000,5.550
2026-04-20 21:28:03.408,5,0.49529113419,0.49905976149940434,0.501876320289554,0.5291251655543021,0.48261910013500703,0.0000,1.0000,0.1500,5.085
2026-04-20 21:28:03.447,6,0.49443240016429996,0.5012217159079324,0.5010293179645758,0.53166998515509,0.4767829407879102,0.4000,1.0000,0.4500,8.604
2026-04-20 21:28:03.474,7,0.49359942815937097,0.5037877114970363,0.4999397829591575,0.5336025746674752,0.4706194735646209,0.4500,1.0000,0.3500,7.968
2026-04-20 21:28:03.502,8,0.4931464737371602,0.506702801982072,0.4984027770953663,0.534516872677418,0.4639477160676924,0.1000,0.9500,0.1500,3.677
2026-04-20 21:28:03.546,9,0.4931696970592398,0.5098631257693497,0.4964133823710958,0.5344067436742763,0.45681126925088217,-0.0500,1.0000,-0.0500,4.287
2026-04-20 21:28:03.573,10,0.49347446491153846,0.5130905434124323,0.49420299234324766,0.5337385642506175,0.44952728690855887,0.4000,1.0000,0.4000,4.490
2026-04-20 21:28:03.592,11,0.4939269222178993,0.5164133116774792,0.49184454579385806,0.5326616937649146,0.44215136923849996,0.1500,1.0000,0.3000,6.150
2026-04-20 21:28:03.610,12,0.4944740166851327,0.5198690952844575,0.48935174154573674,0.531206907203356,0.434675268808388,0.1000,1.0000,0.0500,7.935
2026-04-20 21:28:03.630,13,0.495110973513534,0.5234118706696881,0.48675391970267196,0.5294361607938699,0.42714831702556155,0.0500,1.0000,0.3500,6.405
2026-04-20 21:28:03.648,14,0.49586314548548344,0.5270712069216609,0.4840171437807471,0.5272847593083644,0.4195188629979183,0.6000,1.0000,0.2000,7.655
2026-04-20 21:28:03.665,15,0.49670778155308914,0.5307812886408052,0.481194056078186,0.524861069750836,0.411869614755445,0.3000,1.0000,0.4000,3.577
2026-04-20 21:28:03.687,16,0.497647474005654,0.5346002034115152,0.4782496056459635,0.5220979801585572,0.40413372084793775,0.3000,0.8000,-0.2000,2.536
2026-04-20 21:28:03.708,17,0.49866324762064285,0.5385634243212107,0.4751760463415031,0.5189828984836375,0.39628302458139764,0.0500,1.0000,-0.0500,6.131
2026-04-20 21:28:03.729,18,0.49977277772381057,0.5427400732115231,0.47192197424247695,0.5154158301115663,0.3882289673252003,0.3000,0.8500,0.0500,3.626
2026-04-20 21:28:03.749,19,0.500907600297157,0.5470343209427986,0.46858767302461674,0.5116000712270475,0.38011723135104775,0.2000,1.0000,0.2500,3.037
2026-04-20 21:28:03.775,20,0.5020636163599153,0.5512772796835399,0.4652722677180818,0.5077365188586431,0.3721289451102072,0.5000,1.0000,0.2000,4.463
2026-04-20 21:28:03.803,21,0.5032255776176522,0.5556208232453971,0.4618990273099754,0.503674278539756,0.36410907340415544,0.2500,1.0000,0.3000,7.004
2026-04-20 21:28:03.836,22,0.5044015641303378,0.5599521985480351,0.45852688726319935,0.4995337117286097,0.35617063197455395,-0.1500,1.0000,0.2000,3.822
2026-04-20 21:28:03.874,23,0.5055686151516385,0.5641536325915941,0.45523834868182944,0.4954822364498036,0.3484527810518434,0.4000,1.0000,0.4500,4.718
2026-04-20 21:28:03.915,24,0.5067557408517962,0.5682290236138463,0.4520117421182367,0.49147885715003375,0.3409297415171502,0.5000,1.0000,0.2500,8.265
2026-04-20 21:28:03.935,25,0.5079972300905642,0.572182152905431,0.448821948878475,0.48747560948310353,0.3335724082954211,0.3000,0.9000,0.1000,4.433
2026-04-20 21:28:03.957,26,0.5092525865389659,0.576016688318268,0.44569377484470835,0.4835243100637856,0.32640172047914606,0.1500,1.0000,0.3500,4.443
2026-04-20 21:28:03.987,27,0.5105216699183728,0.5797361876687199,0.44262518761564984,0.4796230327944375,0.3194118948810544,0.3000,1.0000,0.2500,3.623
2026-04-20 21:28:04.014,28,0.5118041996209007,0.5833441020386583,0.4396143121204609,0.4757701020771656,0.3125974181679034,-0.1000,1.0000,0.3500,7.704
2026-04-20 21:28:04.034,29,0.5131057803907954,0.5868437789774985,0.43665541158449933,0.4719560566701551,0.3059490244505185,0.1500,1.0000,0.3000,6.349
2026-04-20 21:28:04.048,30,0.5143981249676215,0.5902384656081735,0.43376540391126434,0.46821668431865043,0.29948020839130296,0.1000,1.0000,0.3000,6.147
2026-04-20 21:28:04.061,31,0.5156938883397925,0.5935313116399283,0.43093397037979336,0.4645332409608248,0.29317733072543084,0.1500,1.0000,0.1500,6.893
2026-04-20 21:28:04.072,32,0.5170620941368994,0.5967253722907305,0.4281132696368657,0.4608118804689324,0.28698932917213404,0.1000,1.0000,-0.0500,7.255
2026-04-20 21:28:04.093,33,0.5184127233875842,0.5998236111220087,0.42536154349789856,0.4571708679551421,0.28097132124710883,0.3500,1.0000,0.3500,7.537
2026-04-20 21:28:04.103,34,0.51972980101191,0.6028289027883484,0.42268772430899265,0.45362979614855,0.2751292087257266,0.4500,1.0000,0.0500,0.600
2026-04-20 21:28:04.113,35,0.5210282504583706,0.605744035704698,0.42008019692851095,0.45016711096166956,0.2694484368127429,0.2500,0.9500,0.1500,7.678
2026-04-20 21:28:04.127,36,0.522305403599196,0.6085717146335571,0.4175391239176046,0.4467847634267175,0.26392631660530963,0.1000,1.0000,0.3000,7.778
2026-04-20 21:28:04.140,37,0.5235779926926524,0.6113145631945504,0.4150517827324549,0.4434588855886729,0.2585473596395288,0.2500,1.0000,0.0500,5.323
2026-04-20 21:28:04.154,38,0.5248706529118728,0.6139751262987139,0.4126002292504813,0.44015511902101273,0.25329093885034293,0.0500,1.0000,0.0500,6.700
2026-04-20 21:28:04.166,39,0.5261245333245167,0.6165558725097524,0.41022222237296685,0.43695046545038235,0.24819221068483263,0.0000,1.0000,0.3500,6.489
2026-04-20 21:28:04.180,40,0.5273407973247812,0.6190591963344598,0.40791555570177784,0.4338419514868709,0.24324644436428766,-0.1000,1.0000,0.2000,2.537
2026-04-20 21:28:04.194,41,0.5285205734050378,0.6214874204444261,0.4056780890307245,0.4308266929422648,0.23844905103335903,0.2500,1.0000,0.2500,8.616
2026-04-20 21:28:04.209,42,0.5296649562028867,0.6238427978310933,0.40350774635980274,0.4279018921539968,0.23379557950235827,0.0500,1.0000,0.2500,7.037
2026-04-20 21:28:04.226,43,0.5307750075168001,0.6261275138961605,0.40140251396900867,0.4250648353893769,0.2292817121172875,0.2000,1.0000,0.4000,7.481
2026-04-20 21:28:04.241,44,0.5318517572912961,0.6283436884792757,0.3993604385499384,0.4223128903276956,0.22490326075376887,0.1000,0.9000,0.3500,6.247
2026-04-20 21:28:04.256,45,0.5328962045725572,0.6304933778248974,0.39737962539344024,0.41964350361786473,0.2206561629311558,0.1500,0.8000,0.1000,7.979
2026-04-20 21:28:04.268,46,0.5339093184353805,0.6325785764901505,0.39545823663163704,0.4170541985093288,0.21653647804322113,0.1500,0.8000,0.0000,7.057
2026-04-20 21:28:04.281,47,0.5348920388823191,0.634601219195446,0.39359448953268794,0.4145425725540489,0.2125403837019245,-0.1000,1.0000,0.3500,8.596
2026-04-20 21:28:04.293,48,0.5358452777158494,0.6365631826195826,0.3917866548467073,0.41210629537742743,0.20866417219086675,0.4000,1.0000,0.2500,9.288
2026-04-20 21:28:04.305,49,0.5367699193843739,0.6384662871409951,0.3900330552013061,0.4097431065161046,0.20490424702514073,0.1000,1.0000,0.2000,8.099
2026-04-20 21:28:04.319,50,0.5376668218028426,0.6403122985267652,0.3883320635452669,0.4074508133206215,0.20125711961438653,0.3000,1.0000,0.1500,8.660
2026-04-20 21:28:04.338,51,0.5385368171487573,0.6421029295709623,0.38668210163890887,0.40522728892100285,0.19771940602595492,-0.1000,0.9500,0.3000,6.485
2026-04-20 21:28:04.354,52,0.5393807126342947,0.6438398416838333,0.3850816385897416,0.4030704702533728,0.19428782384517626,0.3000,1.0000,0.0500,5.819
2026-04-20 21:28:04.366,53,0.5401992912552658,0.6455246464333183,0.38352918943204933,0.4009783561457716,0.19095918912982096,0.1000,1.0000,0.1000,9.670
2026-04-20 21:28:04.379,54,0.5409933125176078,0.6471589070403188,0.3820233137490879,0.39894900546139844,0.18773041345592634,0.2000,1.0000,0.2000,7.553
2026-04-20 21:28:04.394,55,0.5417635131420796,0.6487441398291092,0.38056261433661526,0.3969805352975565,0.18459850105224854,0.3000,0.6000,-0.2000,4.686
2026-04-20 21:28:04.406,56,0.5425106077478172,0.6502818156342359,0.3791457359065168,0.3950711192386298,0.18156054602068109,0.2500,0.8000,-0.2500,8.807
2026-04-20 21:28:04.420,57,0.5432352895153827,0.6517733611652089,0.3777713638293213,0.3932189856614709,0.17861372964006064,0.1000,0.9500,-0.1000,5.848
2026-04-20 21:28:04.432,58,0.5439382308299212,0.6532201603302527,0.3764382229144417,0.39142241609162676,0.1757553177508588,0.1500,1.0000,0.1000,9.200
2026-04-20 21:28:04.450,59,0.5446200839050236,0.6546235555203451,0.37514507622700843,0.38967974360887797,0.17298265821833306,-0.1000,1.0000,0.1000,3.265
2026-04-20 21:28:04.466,60,0.5452814813878729,0.6559848488547347,0.3738907239401982,0.38798935130061163,0.17029317847178307,0.1500,0.9500,0.2500,8.104
2026-04-20 21:28:04.481,61,0.5459230369462367,0.6573053033890927,0.3726740022219922,0.38634967076159327,0.1676843831176296,0.5000,0.7500,0.0500,5.643
2026-04-20 21:28:04.495,62,0.5465453458378495,0.6585861442874199,0.37149378215533246,0.3847591806387455,0.1651538516241007,-0.1500,1.0000,0.2000,9.015
2026-04-20 21:28:04.513,63,0.5471489854627141,0.6598285599587973,0.37034896869067246,0.3832164052195831,0.16269923607537767,0.0500,1.0000,0.3000,9.988
2026-04-20 21:28:04.530,64,0.5477345158988326,0.6610337031600334,0.3692384996299523,0.38171991306299563,0.16031825899311633,-0.0500,1.0000,0.0500,7.176
2026-04-20 21:28:04.544,65,0.5483024804218676,0.6622026920652324,0.36816134464105377,0.38026831567110575,0.15800871122332283,0.0500,0.9000,-0.1500,9.461
2026-04-20 21:28:04.561,66,0.5488534060092115,0.6633366113032755,0.36711650430182213,0.3788602662009726,0.15576844988662314,0.4500,1.0000,0.1000,8.564
2026-04-20 21:28:04.574,67,0.5493878038289352,0.6644365129641772,0.36610300917276745,0.3774944582149434,0.15359539639002445,0.0000,1.0000,0.3500,6.420
2026-04-20 21:28:04.588,68,0.5499061697140671,0.6655034175752519,0.36511991889758444,0.37616962446849506,0.15148753449832372,0.1500,1.0000,0.1000,4.775
2026-04-20 21:28:04.600,69,0.5504089846226451,0.6665383150479943,0.3641663213306569,0.3748845357344402,0.14944290846337402,0.1000,1.0000,0.0000,7.779
2026-04-20 21:28:04.618,70,0.5508967150839658,0.6675421655965545,0.3632413316907372,0.37363799966240696,0.14745962120947279,0.0500,1.0000,0.2000,9.254
2026-04-20 21:28:04.634,71,0.5513698136314468,0.668515900628658,0.3623440917400151,0.37242885967253475,0.1455358325731886,-0.0500,1.0000,0.2500,10.819
2026-04-20 21:28:04.652,72,0.5518287192225033,0.6694604236097982,0.36147376898781464,0.3712559938823587,0.14366975759599296,0.1500,0.9500,0.3000,7.628
2026-04-20 21:28:04.671,73,0.5522738576458283,0.6703766109015042,0.3606295559181802,0.3701183140658879,0.14185966486811316,0.0500,1.0000,0.0500,6.880
2026-04-20 21:28:04.682,74,0.5527056419164534,0.6712653125744591,0.35981066924063476,0.36901476464391125,0.14010387492206977,0.4000,1.0000,0.2500,7.545
2026-04-20 21:28:04.698,75,0.5531244726589598,0.6721273531972253,0.35901634916341574,0.3679443217045939,0.13840075867440768,0.2000,1.0000,-0.0500,7.612
2026-04-20 21:28:04.708,76,0.553530738479191,0.6729635326013085,0.3582458586885133,0.3669059920534561,0.13674873591417544,0.2500,1.0000,0.2500,10.168
2026-04-20 21:28:04.722,77,0.5539248163248153,0.6737746266232693,0.35749848292785785,0.3658988122918524,0.13514627383675018,0.2500,1.0000,0.1500,7.194
2026-04-20 21:28:04.737,78,0.5543070718350708,0.6745613878245712,0.35677352844002214,0.36492184792309684,0.13359188562164767,0.1000,1.0000,0.2000,9.721
2026-04-20 21:28:04.759,79,0.5546778596800187,0.6753245461898341,0.3560703225868215,0.3639741924854039,0.13208412905299824,-0.1000,1.0000,0.3000,9.082
2026-04-20 21:28:04.783,80,0.5550375238896181,0.6760648098041391,0.35538821290921685,0.3630549667108418,0.13062160518140828,0.1500,1.0000,0.3500,11.118
2026-04-20 21:28:04.801,81,0.5553863981729296,0.6767828655100149,0.35472656652194035,0.36216331770951654,0.12920295702596604,0.3500,1.0000,0.2000,6.989
2026-04-20 21:28:04.823,82,0.5557248062277417,0.6774793795447144,0.35408476952628215,0.36129841817823105,0.12782686831518705,0.2500,1.0000,0.1000,12.042
2026-04-20 21:28:04.838,83,0.5560530620409094,0.678154998158373,0.3534622264404937,0.3604594656328841,0.12649206226573145,0.0000,1.0000,0.3500,7.599
2026-04-20 21:28:04.858,84,0.556358179776121,0.6788103482136219,0.3528672199163196,0.359663402201979,0.12520616066680024,0.2000,1.0000,0.2500,12.493
2026-04-20 21:28:04.887,85,0.5566533110612153,0.6794460377672132,0.35229061886657803,0.35889233123141573,0.12395939139454426,0.2000,1.0000,0.1500,13.014
2026-04-20 21:28:04.920,86,0.5569237053327457,0.6800626566341968,0.3517419045650028,0.3581655698233175,0.12276061391713004,0.3500,1.0000,0.2500,7.878
2026-04-20 21:28:04.942,87,0.5571650948489553,0.6806607769351709,0.3512235803105915,0.3574884684936954,0.12161172838215488,0.6500,0.7500,0.1000,9.830
2026-04-20 21:28:04.986,88,0.5573975584537333,0.6812409536271158,0.3507219286011093,0.35683392583855567,0.12049843223052577,0.0500,1.0000,0.4500,11.182
2026-04-20 21:28:04.998,89,0.5576017136861339,0.6818037250183023,0.3502495494190676,0.3562274654153822,0.11943275793960159,0.2000,0.7500,0.0000,8.248
2026-04-20 21:28:05.010,90,0.5577872278319119,0.6823496132677532,0.34979968589892085,0.35565588737777126,0.11840739816383881,0.4000,1.0000,0.1500,9.555
2026-04-20 21:28:05.029,91,0.557960195156307,0.6828791248697206,0.3493679725490516,0.3551107652106349,0.11741745344602203,0.1500,1.0000,0.0000,9.432
2026-04-20 21:28:05.045,92,0.5581292038400695,0.683392751123629,0.3489483903469456,0.3545803562030469,0.1164563868170069,0.3500,1.0000,0.2500,9.038
2026-04-20 21:28:05.057,93,0.5582888215064731,0.68389096858992,0.3485442761154668,0.35407162047481466,0.11552703269142627,0.3000,0.8500,0.2000,9.201
2026-04-20 21:28:05.070,94,0.5584270231090603,0.6843742395322224,0.3481633703334818,0.3536003168635283,0.1146366442121625,0.5500,1.0000,0.3000,9.387
2026-04-20 21:28:05.082,95,0.5585540926774996,0.6848430123462558,0.3477985490490033,0.3531524670086743,0.11377762471132358,-0.2500,1.0000,0.0500,10.120
2026-04-20 21:28:05.094,96,0.5586775467326461,0.6852977219758681,0.3474445413538855,0.3527177905511187,0.11294424474633617,0.1000,0.8000,0.0000,8.639
2026-04-20 21:28:05.104,97,0.5587940433369561,0.6857387903165921,0.347103323109076,0.3523004928261992,0.11213803539975313,0.0500,1.0000,0.1500,9.396
2026-04-20 21:28:05.115,98,0.5589047667818937,0.6861666266070944,0.34677386025243956,0.3518987517146849,0.11135753117439637,0.3000,1.0000,0.0500,8.964
2026-04-20 21:28:05.126,99,0.5589958585410131,0.6865816278088815,0.346465154603149,0.35153080947980947,0.11061131539744706,0.1500,1.0000,0.4000,7.777
2026-04-20 21:28:05.139,100,0.5590740886054922,0.6869841789746151,0.34617246275124813,0.3511874107678025,0.1098942387217173,0.0500,1.0000,0.1500,6.561
2026-04-20 21:28:05.150,101,0.5591480123822358,0.6873746536053766,0.34588985791210514,0.35085692653155737,0.10919998060346023,0.5000,1.0000,0.0500,7.106
2026-04-20 21:28:05.159,102,0.5591903251887547,0.6877534139972153,0.3456353267227513,0.3505755478316293,0.10854614573336577,0.1000,1.0000,0.4500,7.674
2026-04-20 21:28:05.169,103,0.5592297243842083,0.6881208115772989,0.3453895276203246,0.35030480279519205,0.10791302206062062,-0.2500,0.8500,-0.3000,5.297
2026-04-20 21:28:05.178,104,0.5592657871943335,0.6884771872299799,0.3451525387639472,0.35004505265580094,0.10730032837103431,0.4500,1.0000,0.1500,11.347
2026-04-20 21:28:05.188,105,0.559279601916929,0.6888228716130804,0.34493677037541176,0.3498213166248929,0.10672012629428627,0.3500,0.9000,0.1000,4.863
2026-04-20 21:28:05.197,106,0.559279601916929,0.689158185464688,0.34473289440622423,0.3496151314102957,0.10616274964753249,-0.1000,0.9500,0.0500,6.549
2026-04-20 21:28:05.205,107,0.559279601916929,0.6894834399007473,0.3445440081147724,0.34943287854945665,0.10563096769884142,0.0500,0.6500,-0.0500,10.964
2026-04-20 21:28:05.213,108,0.5592682635200419,0.6897989367037249,0.3443629880975821,0.3492604926454786,0.10511733889412901,0.2500,1.0000,0.4000,10.047
2026-04-20 21:28:05.222,109,0.5592471613845834,0.6901049686026132,0.3441941346078928,0.3491067501725906,0.10462585488054331,-0.1500,1.0000,0.3000,8.343
2026-04-20 21:28:05.229,110,0.5592053880099009,0.6904018195445347,0.3440445495917526,0.3489860257116062,0.10416331825622367,0.0500,1.0000,0.3500,7.203
2026-04-20 21:28:05.237,111,0.5591502065131344,0.6906897649581987,0.34390922634164633,0.3488884714155506,0.10372443194618326,-0.0500,1.0000,0.3500,5.531
2026-04-20 21:28:05.245,112,0.5590767067835799,0.6909690720094527,0.3437912785741706,0.34882047531863136,0.1033120280105714,0.1000,0.9000,0.0000,7.765
2026-04-20 21:28:05.252,113,0.5589952533175209,0.6912399998491691,0.3436836417253132,0.3487680640758079,0.10291876867862201,0.1000,1.0000,0.5500,9.527
2026-04-20 21:28:05.261,114,0.558905852384371,0.691502799853694,0.34358616136263664,0.34873107993169944,0.10254423450734623,-0.1000,1.0000,0.0000,9.853
2026-04-20 21:28:05.267,115,0.5588035604312807,0.6917577158580832,0.343501987442797,0.3487159693758273,0.10219131839316525,0.0500,1.0000,0.2000,10.422
2026-04-20 21:28:05.275,116,0.5586891558615041,0.6920049843823407,0.34343045965740515,0.3487159693758273,0.10185911067926236,-0.2000,1.0000,0.1500,7.925
2026-04-20 21:28:05.282,117,0.5585731512760999,0.6922448348508705,0.3433644324740558,0.3487282635072981,0.10154022396525729,0.2000,1.0000,0.1500,11.234
2026-04-20 21:28:05.291,118,0.5584604796240038,0.6924774898053444,0.34330048424237614,0.3487403850871632,0.1012310019888416,-0.0500,1.0000,0.2000,9.486
2026-04-20 21:28:05.299,119,0.5583411803621889,0.6927031651111841,0.343245126297168,0.34876548669867463,0.10093772851123951,0.2000,1.0000,0.4000,9.224
2026-04-20 21:28:05.305,120,0.55820163330827,0.6929220701578486,0.34320731360362183,0.34882160428845205,0.10066913775127115,-0.2500,1.0000,0.3500,9.920
2026-04-20 21:28:05.314,121,0.5580610203010908,0.6931344080531131,0.34317413686746717,0.34888304150370647,0.10041210629068702,0.0000,1.0000,0.0500,11.117
2026-04-20 21:28:05.322,122,0.5579010445940693,0.6933403758115197,0.34315767616010234,0.3489740770559137,0.10017850650062562,0.1000,0.9000,0.0500,6.587
2026-04-20 21:28:05.334,123,0.5577313078243907,0.6935401645371742,0.34315767616010234,0.3490817953200449,0.09996162159351116,0.3500,1.0000,0.3000,12.224
2026-04-20 21:28:05.345,124,0.5575482707976859,0.6937339596010589,0.34315767616010234,0.34921080518307446,0.09976350480702127,0.4000,1.0000,0.4500,11.233
2026-04-20 21:28:05.357,125,0.5573604448688357,0.6939219408130272,0.343170531078579,0.34934965143414165,0.09957818486609034,0.1000,1.0000,0.0500,9.130
2026-04-20 21:28:05.369,126,0.5571679736899516,0.6941042825886363,0.3431898537014343,0.34949803900154275,0.09940527787532032,0.4000,1.0000,0.1500,8.633
2026-04-20 21:28:05.379,127,0.5569708680735703,0.6942811541109772,0.34321553569417973,0.3496558530390734,0.09924449714284919,0.5000,1.0000,0.2000,12.523
2026-04-20 21:28:05.391,128,0.5567577932348754,0.694452719487648,0.3432550354876795,0.34983810917655156,0.09910312809288889,-0.2000,0.9500,0.1000,8.429
2026-04-20 21:28:05.401,129,0.5565303174780002,0.6946191379030185,0.3433072123962684,0.3500426218476936,0.09897986222332152,0.4500,1.0000,0.2000,4.944
2026-04-20 21:28:05.412,130,0.556296436752342,0.694780563765928,0.3433666434919258,0.35025863812735375,0.09886911382416735,0.1000,1.0000,0.2000,8.975
2026-04-20 21:28:05.422,131,0.5560601879984727,0.6949371468529502,0.34343054795470074,0.3504806865185985,0.09876794417697501,0.1000,1.0000,0.4000,9.246
2026-04-20 21:28:05.433,132,0.5558215012581702,0.6950890324473616,0.34349888558295855,0.3507087740568382,0.09867615991856461,0.3500,1.0000,0.2000,3.934
2026-04-20 21:28:05.442,133,0.5555726622130818,0.6952363614739407,0.34357671502036535,0.3509531028449242,0.09859867112590325,0.4000,0.6500,0.2000,7.663
2026-04-20 21:28:05.452,134,0.5553183625688537,0.6953792706297225,0.3436608267549781,0.351207336130024,0.09853212417734988,0.2500,0.8500,-0.0500,7.519
2026-04-20 21:28:05.463,135,0.5550599979548838,0.6955178925108308,0.34375021111026494,0.3514695343619956,0.09847536960996556,0.3500,1.0000,0.5000,12.082
2026-04-20 21:28:05.471,136,0.5548034487867917,0.6956523557355059,0.3438408709299207,0.3517317806370632,0.09842427467463032,0.0000,1.0000,0.3500,13.267
2026-04-20 21:28:05.482,137,0.5545421547561712,0.6957827850634407,0.3439371051800343,0.35200274797397363,0.09838300681240258,0.1500,1.0000,0.1000,8.743
2026-04-20 21:28:05.490,138,0.5542760925860444,0.6959093015115375,0.3440388570429277,0.35228239557134333,0.09835138162632495,0.1000,1.0000,0.1000,5.326
2026-04-20 21:28:05.504,139,0.5540089278016492,0.6960320224661913,0.34414361266951576,0.3525657663799548,0.0983267615154111,-0.0500,1.0000,0.2500,8.835
2026-04-20 21:28:05.547,140,0.5537465535554617,0.6961510617922056,0.34424737523085575,0.35284493527140703,0.0983050296113742,0.0500,1.0000,0.3000,11.739
2026-04-20 21:28:05.555,141,0.5534855203922555,0.6962665299384395,0.34435237834495824,0.35312443595532117,0.09828830309406116,0.4500,1.0000,0.3500,10.272
2026-04-20 21:28:05.563,142,0.5532231927423161,0.6963785340402864,0.3444603150200573,0.3534077189275572,0.09827816202668714,0.1500,1.0000,0.4500,14.888
2026-04-20 21:28:05.570,143,0.5529511794195118,0.6964871780190778,0.3445767172631455,0.3537059107471103,0.09827816202668714,0.0500,1.0000,0.2500,7.963
2026-04-20 21:28:05.578,144,0.5526749518891203,0.6965925626785054,0.34469787717712186,0.35401165628843845,0.09828827859775727,-0.1000,1.0000,0.1000,5.127
2026-04-20 21:28:05.586,145,0.5524014965249845,0.6966947857981503,0.3448190787334497,0.3543155823430682,0.09830176811146601,0.2500,1.0000,0.5000,9.543
2026-04-20 21:28:05.595,146,0.552132631860708,0.6967939422242058,0.3449390528837975,0.3546152078974787,0.09831726158047331,0.1000,1.0000,0.2500,9.259
2026-04-20 21:28:05.605,147,0.5518643973218217,0.6968901239574796,0.345060385019327,0.3549157591046412,0.09833724745510254,0.3000,1.0000,0.4000,11.482
2026-04-20 21:28:05.617,148,0.5515946742168412,0.6969834202387553,0.34518443425896445,0.35522000791193636,0.09836299082166669,0.1500,0.8500,0.0000,11.648
2026-04-20 21:28:05.628,149,0.5513273095171112,0.6970739176315927,0.3453085842133453,0.35552277363887785,0.09839178407916649,0.1500,1.0000,0.1000,8.627
2026-04-20 21:28:05.636,150,0.5510544061597662,0.6971617001026449,0.34543804940149936,0.35583453585882036,0.0984287532713459,0.1000,0.9500,0.1500,8.225
2026-04-20 21:28:05.648,151,0.5507813035986961,0.6972468490995656,0.3455692215036391,0.35614812695142517,0.09847020425739024,-0.2500,1.0000,0.3000,10.245
2026-04-20 21:28:05.661,152,0.5505057258021033,0.6973294436265786,0.34570357065095125,0.35646653472772505,0.09851752392208983,0.0500,1.0000,0.1500,10.485
2026-04-20 21:28:05.675,153,0.5502231941978785,0.6974095603177812,0.3458440367515305,0.35679568512610893,0.09857357142453496,0.2000,0.8500,0.2000,7.095
2026-04-20 21:28:05.689,154,0.5499413486574323,0.6974872735082478,0.3459854821253245,0.35712534752500535,0.09863313075813877,-0.1000,1.0000,0.1500,8.302
2026-04-20 21:28:05.701,155,0.5496619804977521,0.6975626553030003,0.34612666946153625,0.3574530906991982,0.09869488863536609,0.1500,1.0000,-0.1500,5.127
2026-04-20 21:28:05.712,156,0.5493853786730839,0.6976357756439103,0.34626736431751387,0.3577784878578697,0.09875853691612883,0.1500,1.0000,0.2000,10.675
2026-04-20 21:28:05.723,157,0.5491080432220752,0.697706702374593,0.3464098594485326,0.35810616534322187,0.0988262968691891,0.1000,0.9000,-0.1500,8.836
2026-04-20 21:28:05.734,158,0.5488333347529242,0.6977755013033552,0.34655187511340246,0.35843160327957696,0.0988958194114393,-0.1000,1.0000,0.5000,10.578
2026-04-20 21:28:05.743,159,0.5485615768872132,0.6978422362642546,0.3466931574087493,0.3587543322786874,0.09896678337784498,-0.1000,1.0000,0.2500,6.603
2026-04-20 21:28:05.758,160,0.5482882449199458,0.6979069691763269,0.34683668579358745,0.3590803485245281,0.09904210298361028,0.1000,1.0000,0.1000,9.962
2026-04-20 21:28:05.767,161,0.5480126428513041,0.6979697601010371,0.346982888367142,0.35941054436351655,0.09912214304146413,0.2500,1.0000,0.2000,11.453
2026-04-20 21:28:05.780,162,0.547734747906996,0.698030667298006,0.3471317454886404,0.35974491557763644,0.09920682252273291,0.2500,0.9500,-0.0500,12.368
2026-04-20 21:28:05.792,163,0.5474598582301011,0.6980897472790658,0.3472796912837712,0.36007636442988733,0.0992925160068409,-0.0500,1.0000,0.1500,14.511
2026-04-20 21:28:05.802,164,0.5471881646537251,0.6981470548606938,0.34742656576490666,0.360404603936288,0.09937900574628432,0.0000,1.0000,0.3000,10.348
2026-04-20 21:28:05.812,165,0.546911633210866,0.698202643214873,0.34757769312745773,0.36074031448919586,0.09947155990939405,0.3000,0.8500,0.1000,5.500
2026-04-20 21:28:05.820,166,0.5466343277008154,0.6982565639184268,0.3477303333427837,0.3610780470728194,0.09956738412126194,0.3000,1.0000,0.5500,9.449
2026-04-20 21:28:05.829,167,0.5463532542212011,0.698308867000874,0.34788645244156013,0.36142176385875474,0.09966839169668405,-0.0500,1.0000,0.2000,9.310
2026-04-20 21:28:05.837,168,0.5460731639261089,0.6983596009908478,0.34804285398061735,0.3617651011676002,0.09977133505808758,0.2500,1.0000,0.4500,8.269
2026-04-20 21:28:05.847,169,0.545791973398387,0.6984088129611223,0.34820089876782456,0.36211080894582365,0.0998775254129707,0.2500,1.0000,0.1500,5.440
2026-04-20 21:28:05.855,170,0.5455073866998389,0.6984565485722887,0.3483620901358542,0.3624619213395776,0.09998841798164591,0.4000,0.9500,0.2500,11.739
2026-04-20 21:28:05.863,171,0.5452201243755102,0.69850285211512,0.3485259212473343,0.36281745133050175,0.10010345925775227,0.0500,1.0000,0.3000,12.071
2026-04-20 21:28:05.873,172,0.5449368883525386,0.6985477665516664,0.34868789847105175,0.36316843751286165,0.10021811034115718,0.0000,1.0000,-0.1000,9.406
2026-04-20 21:28:05.881,173,0.5446532328855412,0.6985913335551164,0.3488509607278677,0.36352078280937083,0.10033526624186997,-0.1000,1.0000,0.4000,7.814
2026-04-20 21:28:05.895,174,0.5443724433456308,0.6986335935484629,0.3490128936082611,0.36387008272954857,0.10045266995684331,0.1000,0.6500,-0.1500,10.311
2026-04-20 21:28:05.904,175,0.5440914923079526,0.698674585742009,0.34917569195821946,0.36422035056407454,0.10057227501634422,0.0000,1.0000,0.5000,10.484
2026-04-20 21:28:05.915,176,0.5438133175316726,0.6987143481697488,0.34933737453750047,0.36456764672320746,0.10069206010388149,0.2000,1.0000,0.2000,8.514
2026-04-20 21:28:05.924,177,0.5435368163914671,0.6987529177246563,0.3494986543775457,0.36491341947385175,0.10081269937693528,-0.2000,1.0000,0.5000,9.226
2026-04-20 21:28:05.934,178,0.5432645688296313,0.6987903301929166,0.3496577901262805,0.3652542076497586,0.10093241377568843,0.2000,1.0000,-0.0500,9.330
2026-04-20 21:28:05.942,179,0.5429921770255123,0.698826620287129,0.3498176929153121,0.36559585440590586,0.10105407785523779,0.1000,1.0000,0.1500,11.340
2026-04-20 21:28:05.953,180,0.542722492796888,0.6988618216785152,0.34997644140642536,0.36593453733087394,0.10117573479815328,0.1000,1.0000,-0.0500,8.692
2026-04-20 21:28:05.965,181,0.5424546894728446,0.6988959670281597,0.35013456719099045,0.3662713392644634,0.10129788178096655,-0.0500,1.0000,0.4000,7.588
2026-04-20 21:28:05.974,182,0.5421868500359115,0.6989290880173149,0.35029332934375923,0.36660879742352653,0.10142174449603607,0.2500,1.0000,0.2500,11.907
2026-04-20 21:28:05.985,183,0.541920601224148,0.6989612153767955,0.35045162500390387,0.36694472458173555,0.1015461877016124,0.2000,1.0000,0.2500,7.767
2026-04-20 21:28:05.993,184,0.5416574689402263,0.6989923789154916,0.35060841908525164,0.3672770685072132,0.1016701449020289,-0.1000,1.0000,0.2500,9.504
2026-04-20 21:28:06.002,185,0.5413929099155621,0.6990226075480268,0.3507667231503323,0.3676118697272733,0.10179659719260627,0.1000,1.0000,0.2500,7.075
2026-04-20 21:28:06.009,186,0.5411283931159451,0.699051929321586,0.35092554112392244,0.36794715297165526,0.10192451894492818,0.3500,1.0000,0.4000,10.969
2026-04-20 21:28:06.050,187,0.5408651553906526,0.6990803714419385,0.3510840321780809,0.3682812529582578,0.10205304066445645,0.1500,1.0000,0.1500,4.901
2026-04-20 21:28:06.059,188,0.5406027686150549,0.6991079602986803,0.3512424659553239,0.36861472485468094,0.1021824041871082,-0.0500,1.0000,0.5500,10.960
2026-04-20 21:28:06.066,189,0.5403421824957922,0.6991347214897199,0.35140019401720485,0.36894628719012185,0.10231193410203562,0.2000,1.0000,0.3000,9.665
2026-04-20 21:28:06.074,190,0.5400828800937395,0.6991606798450283,0.35155754614814133,0.36927661447732346,0.1024419340304272,0.3500,1.0000,0.4500,8.853
2026-04-20 21:28:06.081,191,0.5398250228691355,0.6991858594496775,0.3517144003115583,0.36960547713872627,0.10257225655737563,0.2000,1.0000,0.4000,12.629
2026-04-20 21:28:06.089,192,0.5395708836677408,0.6992102836661872,0.35186922731242537,0.3699298308449921,0.10270134787086817,0.0500,1.0000,0.1500,12.305
2026-04-20 21:28:06.097,193,0.5393167244076439,0.6992339751562016,0.35202450565976234,0.3702546462530618,0.10283166260145188,0.3000,1.0000,0.4000,12.686
2026-04-20 21:28:06.104,194,0.539065067231727,0.6992569559015155,0.3521785407857612,0.3705765474570535,0.10296148301920008,0.2000,1.0000,0.0000,7.699
2026-04-20 21:28:06.111,195,0.5388149562003637,0.69927924722447,0.3523319572384627,0.37089679638589057,0.10309141120489844,-0.2500,1.0000,0.1500,8.625
2026-04-20 21:28:06.120,196,0.5385643125085336,0.6993008698077359,0.35248612852518824,0.3712181525020727,0.1032227988726309,0.2500,0.9000,-0.0500,10.245
2026-04-20 21:28:06.128,197,0.5383129069128221,0.6993175025813446,0.35264367613001774,0.37154587084818075,0.10336041693311669,0.0500,0.9500,0.1000,6.164
2026-04-20 21:28:06.135,198,0.5380637646622288,0.6992996194601077,0.3528194547570924,0.37190967254468577,0.10353387235799669,0.0500,1.0000,0.2000,11.527
2026-04-20 21:28:06.143,199,0.5378149277019129,0.6992513699713755,0.3530123981213051,0.3723074363821961,0.10374001364664667,0.2500,1.0000,0.3000,10.448
2026-04-20 21:28:06.150,200,0.5375645522292689,0.6991647639640742,0.35322830074338646,0.37275076242217126,0.10398862025704776,-0.0500,1.0000,0.2500,8.635
2026-04-20 21:28:06.157,201,0.5373146782960097,0.6990497921289313,0.3534600931555604,0.3732255224184571,0.10426761754192221,0.2500,1.0000,0.1000,12.247
2026-04-20 21:28:06.164,202,0.5370652668403603,0.6989069825796169,0.3537074991666137,0.37373117435734365,0.10457645571410785,0.2500,1.0000,0.2000,7.290
2026-04-20 21:28:06.172,203,0.5368160568108955,0.698736008191625,0.353970879299558,0.37426844934250875,0.10491564960592904,0.3000,1.0000,0.1500,8.678
2026-04-20 21:28:06.180,204,0.5365672905621125,0.6985246887996592,0.35425703165280886,0.37485095332670865,0.10529807842309724,-0.1500,0.9500,0.0000,5.759
2026-04-20 21:28:06.188,205,0.5363196179408983,0.6982973804357117,0.3545516048489581,0.3754499930183744,0.1056972040661167,0.5500,1.0000,0.2500,11.426
2026-04-20 21:28:06.196,206,0.5360727189471519,0.6980471602271631,0.35485876774744174,0.37607391531572787,0.10612064838582419,0.2000,0.8500,-0.1000,8.859
2026-04-20 21:28:06.203,207,0.5358256684762481,0.6977817380301992,0.3551747310634298,0.3767151505530786,0.10656075897773525,0.5500,1.0000,0.2000,10.688
2026-04-20 21:28:06.211,208,0.5355797434825935,0.6974868206228937,0.3555068106719047,0.37738833911724184,0.10703199038198075,0.1500,1.0000,0.1500,10.696
2026-04-20 21:28:06.217,209,0.5353340134334885,0.6971720074570263,0.35585014116084035,0.3780837585619101,0.10752466975320438,0.4500,1.0000,0.2500,7.821
2026-04-20 21:28:06.226,210,0.5350885781133414,0.6968241076964908,0.35621219327277187,0.3788163584985662,0.10805285577577733,0.0500,1.0000,0.1500,6.731
2026-04-20 21:28:06.233,211,0.5348440984727523,0.6964398601281544,0.3565943895798242,0.3795889919540802,0.10861959437646036,-0.0500,1.0000,0.3000,12.898
2026-04-20 21:28:06.240,212,0.5345992119052978,0.6960412717642191,0.3569850627165672,0.3803783318437333,0.10920220764934961,0.3500,0.9500,0.2500,9.076
2026-04-20 21:28:06.248,213,0.5343550881155831,0.6956176148665011,0.357389562691893,0.3811950856020669,0.10981140264908766,0.1500,1.0000,0.1000,9.721
2026-04-20 21:28:06.255,214,0.5341102240755378,0.6951647511892391,0.35781125592195967,0.38204599325565186,0.11045260829607198,0.0500,1.0000,0.3500,8.718
2026-04-20 21:28:06.263,215,0.5338669969633404,0.6946983150617636,0.35823962341385407,0.3829100237970887,0.11110748201264219,0.3500,1.0000,0.1500,14.258
2026-04-20 21:28:06.270,216,0.5336218268184585,0.6942258551362597,0.3586727379965602,0.3837833296534195,0.11177031607421013,0.7000,1.0000,0.3000,11.273
2026-04-20 21:28:06.277,217,0.5333756744152421,0.6937304630327228,0.35911962079831417,0.38468395964711843,0.11245857975835914,0.1000,0.9000,0.1000,5.016
2026-04-20 21:28:06.285,218,0.5331314048729352,0.6932042708217923,0.3595828574209019,0.38561709135077926,0.11317878677211995,-0.1500,1.0000,0.2000,10.482
2026-04-20 21:28:06.293,219,0.5328874625702046,0.6926485410959965,0.36006276319376535,0.3865833616012369,0.1139306154650179,-0.1000,0.9000,-0.1000,7.189
2026-04-20 21:28:06.301,220,0.5326440966563977,0.6920722625163727,0.3605540353777018,0.38757217091269863,0.11470426325418874,0.2000,1.0000,0.3500,10.464
2026-04-20 21:28:06.307,221,0.532401944075359,0.6914670043848602,0.3610610666311855,0.3885923104149472,0.11550833279938846,0.0000,1.0000,0.1500,10.292
2026-04-20 21:28:06.316,222,0.5321600703225036,0.6908510756193076,0.3615740174720788,0.38962410678215653,0.1163238249722391,0.5000,1.0000,0.1000,11.377
2026-04-20 21:28:06.323,223,0.5319168896015889,0.6902217400254967,0.36209550839839894,0.39067280647965685,0.11715472333617023,0.3000,0.8000,0.1500,10.676
2026-04-20 21:28:06.332,224,0.5316735141948957,0.6895698221970397,0.36263004074613,0.39174741748463315,0.11801011204961419,0.1500,1.0000,0.2500,7.917
2026-04-20 21:28:06.340,225,0.5314303074693044,0.6888981730732625,0.3631757429375943,0.3928442017877906,0.11888668933090694,0.0000,1.0000,0.1500,5.808
2026-04-20 21:28:06.349,226,0.531187600263585,0.6882078024614177,0.3637318171627392,0.3939615687607024,0.11978314787407597,-0.0000,1.0000,0.3000,9.481
2026-04-20 21:28:06.357,227,0.5309467219878626,0.6875024305137832,0.3642952511352337,0.3950934986726346,0.1206946108621263,0.1500,1.0000,0.5000,9.866
2026-04-20 21:28:06.364,228,0.5307069774249225,0.6867826816363527,0.36486615132453215,0.3962402091591664,0.12162086824062644,0.1500,1.0000,0.0000,10.910
2026-04-20 21:28:06.373,229,0.5304692066722041,0.6860524867995881,0.36544171119773317,0.3973960917102654,0.12255714380018165,0.3000,1.0000,0.1500,7.972
2026-04-20 21:28:06.380,230,0.5302322852266274,0.6853122447977648,0.36602245234798103,0.39856219393131714,0.12350375567127386,0.3000,1.0000,0.2500,10.757
2026-04-20 21:28:06.425,231,0.529995663554154,0.6845612747898141,0.36660912999600137,0.3997400305502972,0.12446179555160429,0.3500,1.0000,0.3500,5.777
2026-04-20 21:28:06.432,232,0.5297606973775054,0.6838038474278281,0.3671983997723039,0.40092291698615345,0.12542577992038456,0.4500,1.0000,0.0500,13.236
2026-04-20 21:28:06.440,233,0.5295269581522225,0.6830371428625585,0.36779215853935504,0.4021146509970094,0.12639901185421065,0.2000,1.0000,0.5000,11.029
2026-04-20 21:28:06.448,234,0.5292941029324263,0.6822535372891477,0.3683949912166802,0.40332440633411065,0.12738988457585707,-0.0000,1.0000,0.5000,6.731
2026-04-20 21:28:06.457,235,0.5290627433947246,0.6814522785531222,0.36900691965658067,0.4045522304968891,0.12839879252365777,0.1500,1.0000,0.1500,8.424
2026-04-20 21:28:06.466,236,0.5288328986807148,0.680631897214785,0.36962877061694394,0.4057997806821038,0.1294272937888805,-0.1500,1.0000,0.0000,7.794
2026-04-20 21:28:06.474,237,0.5286046567084904,0.6798070828732812,0.3702520912730054,0.4070501548107802,0.13045958746231398,0.4000,1.0000,0.2500,8.018
2026-04-20 21:28:06.483,238,0.5283777909561586,0.6789666256029437,0.3708834381598033,0.40831646941643296,0.13150783185550216,0.1500,1.0000,0.5000,13.117
2026-04-20 21:28:06.492,239,0.5281521915632396,0.6781149461605432,0.3715203582241057,0.4095938217521329,0.13256736044608966,0.2500,1.0000,0.3500,12.422
2026-04-20 21:28:06.500,240,0.5279277244136529,0.6772469520208519,0.3721658507486279,0.4108882136420597,0.13364371578138987,-0.1500,1.0000,0.2500,9.820
2026-04-20 21:28:06.511,241,0.5277050118513,0.6763667456853837,0.3728171564127081,0.41219412960587587,0.13473208438190853,0.0500,1.0000,0.2500,9.160
2026-04-20 21:28:06.521,242,0.5274836726724758,0.6754778627245164,0.3734725088922156,0.4135080400614771,0.13582892931749294,0.2000,1.0000,0.1000,5.969
2026-04-20 21:28:06.531,243,0.5272637706325218,0.674580257011634,0.37413189191167184,0.4148299154320782,0.13693425463976427,0.2500,1.0000,0.2500,8.985
2026-04-20 21:28:06.540,244,0.5270456673226522,0.6736720186085325,0.3747961556774429,0.4161614590153583,0.13804986287006882,0.0500,1.0000,0.3500,8.797
2026-04-20 21:28:06.548,245,0.5268286699256033,0.6727571222003361,0.37546349069676044,0.41749905462417913,0.13917195459857779,0.1500,1.0000,0.2500,6.606
2026-04-20 21:28:06.557,246,0.5266130224314229,0.6718471352183683,0.3761271242302036,0.41882915949414573,0.14028797087294534,0.7000,1.0000,0.3500,11.764
2026-04-20 21:28:06.566,247,0.5263989203898322,0.6709211276694558,0.376798885792317,0.4201754352873604,0.1414202037819572,-0.1000,1.0000,0.3000,10.979
2026-04-20 21:28:06.574,248,0.5261859149958341,0.6699918241620134,0.3774718032700022,0.4215239403316489,0.1425553165586325,0.2500,1.0000,0.2500,9.321
2026-04-20 21:28:06.582,249,0.5259743178665885,0.6690649493618079,0.37814239757263207,0.42286771892315933,0.14368696550027596,0.4500,1.0000,0.4500,12.252
2026-04-20 21:28:06.591,250,0.5257640479115059,0.6681285117953213,0.37881757492615686,0.4242205859168721,0.14482805035878765,0.0500,1.0000,0.1000,7.287
2026-04-20 21:28:06.599,251,0.5255551263662638,0.6671826222951458,0.37949725773867443,0.42558238845997054,0.14597843598148424,0.2000,1.0000,0.5500,8.379
2026-04-20 21:28:06.609,252,0.5253475473346703,0.6662332965472264,0.380178012307336,0.42694626140781505,0.14713167874239405,0.4000,1.0000,0.2500,9.349
2026-04-20 21:28:06.617,253,0.5251416803075235,0.6652760644674893,0.3808621465428462,0.4283168227750412,0.14829231957651268,0.0500,1.0000,0.3000,11.552
2026-04-20 21:28:06.626,254,0.5249372064150207,0.664308955815966,0.3815509987835066,0.42969675136568153,0.14946267998491236,-0.0500,1.0000,0.3500,8.103
2026-04-20 21:28:06.634,255,0.5247339794933946,0.6633352894048823,0.38224276991751166,0.4310824510197315,0.1506392995511776,0.0500,1.0000,0.4500,10.367
2026-04-20 21:28:06.644,256,0.524532141891915,0.6623625382023413,0.38293309469037795,0.43246519322992283,0.15181407469523117,0.3500,1.0000,0.1500,11.324
2026-04-20 21:28:06.654,257,0.524331673105397,0.6613806358727532,0.3836277388791362,0.4338565114919643,0.15299780257560272,0.0000,1.0000,0.0500,7.795
2026-04-20 21:28:06.663,258,0.5241324255609499,0.6603906695376683,0.3843261795710869,0.43525536186385494,0.15418941498611055,-0.0500,1.0000,0.2500,9.195
2026-04-20 21:28:06.672,259,0.5239344912008659,0.6594000176964914,0.3850241391061514,0.43665319085233356,0.1553809433362478,0.3000,0.9500,0.1500,6.950
2026-04-20 21:28:06.680,260,0.5237378102908368,0.6584067259993251,0.38572277400112404,0.4380523132630779,0.15657451968745326,0.1500,1.0000,0.1500,8.299
2026-04-20 21:28:06.689,261,0.5235424675168698,0.6574108008259453,0.38642202407795634,0.43945261045891765,0.15777007909039575,0.2500,1.0000,0.1000,7.580
2026-04-20 21:28:06.697,262,0.5233485367114864,0.6564107551801269,0.3871226897542254,0.44085568494236566,0.15896916392681162,0.0500,1.0000,0.3500,13.285
2026-04-20 21:28:06.705,263,0.5231559800159283,0.6554125723040063,0.3878213772029125,0.4422547506767224,0.16016538726067955,0.4000,1.0000,0.1000,8.129
2026-04-20 21:28:06.713,264,0.5229647975608095,0.6544124067003442,0.38852028369537167,0.44365420377351383,0.1613628676686767,0.1000,1.0000,0.4000,9.675
2026-04-20 21:28:06.722,265,0.5227748833303774,0.6534119738743909,0.3892184995535498,0.445052226398387,0.16255983632012716,0.3500,1.0000,0.4500,13.028
2026-04-20 21:28:06.732,266,0.5225862315052398,0.6524115265700985,0.3899158841674146,0.44644853880737784,0.16375602487502489,0.3500,1.0000,0.0500,7.974
2026-04-20 21:28:06.740,267,0.5223987576761187,0.651409476011532,0.39061340161920444,0.4478450705967811,0.1649531904863182,0.1500,1.0000,0.0500,8.109
2026-04-20 21:28:06.748,268,0.5222124821967176,0.6504092206473321,0.3913090963084327,0.4492379119544865,0.16614767705146005,0.4500,1.0000,0.5500,12.594
2026-04-20 21:28:06.755,269,0.522027352953728,0.6494103773787985,0.39200322183197,0.4506275714214325,0.16733992847726342,0.3500,1.0000,0.4000,12.198
2026-04-20 21:28:06.764,270,0.5218433935485729,0.6484111504915299,0.39269678852093765,0.452016070966643,0.16853185174982455,0.2000,1.0000,0.2000,10.819
2026-04-20 21:28:06.771,271,0.5216605373165284,0.647411059637863,0.39339011524746537,0.4534040496019554,0.1697240047489461,0.2500,1.0000,0.3000,11.054
2026-04-20 21:28:06.780,272,0.5214786393619922,0.6464087178071969,0.3940840911323713,0.4547932867985565,0.17091796896957276,0.1000,1.0000,0.2500,10.265
2026-04-20 21:28:06.789,273,0.5212976247839682,0.6454043793496638,0.3947786207145957,0.4561835928269909,0.17211352067833974,0.0500,1.0000,0.0000,11.935
2026-04-20 21:28:06.796,274,0.5211176971005238,0.6444009082293211,0.3954719317139764,0.4575714242838183,0.17330745454873453,0.3500,1.0000,0.1000,8.146
2026-04-20 21:28:06.805,275,0.5209389074082286,0.6433922299150572,0.3961674611777249,0.4589636563856394,0.17450624386113242,-0.0500,1.0000,0.2000,6.408
2026-04-20 21:28:06.812,276,0.5207613096075834,0.6423802979227534,0.39686405682981224,0.4603579856689084,0.17570775858014356,0.0500,1.0000,0.5500,14.516
2026-04-20 21:28:06.820,277,0.5205846590113556,0.6413718007241952,0.39755805976503744,0.46174709537908026,0.17690499459329664,0.6500,0.9500,0.2000,12.123
2026-04-20 21:28:06.827,278,0.520409183780633,0.6403610992935772,0.3982525401317079,0.4631371268369511,0.17810384061956544,0.1500,1.0000,0.1500,8.173
2026-04-20 21:28:06.836,279,0.5202348768703136,0.6393494464434376,0.39894678669026107,0.4645266585568513,0.17930295809914898,0.3500,1.0000,0.3000,12.977
2026-04-20 21:28:06.845,280,0.5200616471570333,0.6383371084088395,0.39964070801316903,0.46591550864737735,0.18050212160043774,0.4000,1.0000,0.4500,7.977
2026-04-20 21:28:06.852,281,0.5198893478609478,0.6373257108940676,0.4003334729389322,0.4673020157202725,0.18169968624983618,0.4000,1.0000,0.2000,6.705
2026-04-20 21:28:06.862,282,0.5197175068912859,0.6363121748098682,0.40102715563467833,0.4686903290164926,0.1828992649249439,0.0500,1.0000,0.3500,13.012
2026-04-20 21:28:06.868,283,0.5195466432334824,0.6352966630711482,0.4017213169774474,0.47007957116961663,0.184100336236217,0.1000,1.0000,0.3500,12.783
2026-04-20 21:28:06.878,284,0.5193764655080302,0.6342795391191552,0.4024159435022464,0.471469716102773,0.1853027042131822,0.0500,1.0000,0.4500,10.645
2026-04-20 21:28:06.886,285,0.5192069681059617,0.6332612264188456,0.40311079693224594,0.47286028808982367,0.18650591808522116,-0.0500,1.0000,0.3500,8.539
2026-04-20 21:28:06.895,286,0.5190385317980607,0.6322425435591071,0.403805155620097,0.4742498446387658,0.18770884617206948,0.2000,1.0000,0.0500,7.013
2026-04-20 21:28:06.903,287,0.5188704719878197,0.6312251793893783,0.40449851087262056,0.47563736914185584,0.1889101346395117,0.5000,1.0000,0.4500,13.294
2026-04-20 21:28:06.914,288,0.5187026602541224,0.6302077248998057,0.40519175341937397,0.4770246438134642,0.190111378027204,0.1000,1.0000,0.2000,9.168
2026-04-20 21:28:06.924,289,0.5185352078708703,0.6291907999103927,0.4058844548628796,0.47841081259123397,0.19131183735368412,0.2500,1.0000,0.0500,9.440
2026-04-20 21:28:06.931,290,0.5183686371809008,0.6281749608313232,0.4065759489948456,0.4797945437692018,0.1925105675518049,0.3500,1.0000,0.1000,7.181
2026-04-20 21:28:06.941,291,0.5182026080497516,0.627159801159353,0.4072666948290229,0.48117675606417104,0.1937082302527887,0.4500,1.0000,0.2500,11.713
2026-04-20 21:28:06.948,292,0.5180367914749547,0.6261462755449267,0.4079563661566287,0.482556797727199,0.1949040213075044,0.6000,1.0000,0.3000,11.911
2026-04-20 21:28:06.957,293,0.5178717215687529,0.6251325269828616,0.4086456680203086,0.48393607949214046,0.19609957366451666,0.2500,1.0000,0.3500,9.167
2026-04-20 21:28:06.964,294,0.5177069006854453,0.6241174346244426,0.40933557264134834,0.48531654643067423,0.19729641939069675,-0.1000,1.0000,0.0500,8.015
2026-04-20 21:28:07.015,295,0.5175421917271352,0.6231021120609086,0.4100255350538251,0.4866971092211885,0.1984934561630934,0.1500,1.0000,0.5500,14.231
2026-04-20 21:28:07.023,296,0.5173779139279976,0.6220863464484048,0.41071546403414605,0.4880775860084242,0.1996906986354746,0.1500,1.0000,0.2500,10.339
2026-04-20 21:28:07.029,297,0.5172142530457725,0.6210707391167254,0.4114048921016988,0.48945704240532567,0.20088737813410107,0.2000,1.0000,0.5500,9.205
2026-04-20 21:28:07.037,298,0.517050978283525,0.6200553870743836,0.41209391766332976,0.4908356757825298,0.20208354404918,0.3000,1.0000,0.5500,11.332
2026-04-20 21:28:07.044,299,0.5168879039877543,0.619040350754337,0.4127826299313103,0.4922136651048148,0.20327925487949258,0.3500,1.0000,0.1500,9.695
2026-04-20 21:28:07.052,300,0.5167253701909834,0.6180256063957476,0.4134708157720114,0.4935905846289511,0.2044743088897279,0.1000,1.0000,0.3500,8.767
2026-04-20 21:28:07.059,301,0.5165633828041313,0.6170115468767942,0.4141582467207886,0.49496597793395763,0.20566828070851406,0.5500,1.0000,0.1500,9.817
2026-04-20 21:28:07.066,302,0.5164015707241707,0.6159978760277286,0.41484533939796747,0.49634067875354393,0.20686173458744203,0.5000,1.0000,0.1500,11.920
2026-04-20 21:28:07.073,303,0.5162413022392106,0.6149845852359426,0.41553118651206367,0.49771287298300804,0.20805376710133106,0.1500,1.0000,0.4000,8.198
2026-04-20 21:28:07.080,304,0.516081419170317,0.6139716621185112,0.4162165672380484,0.4990841194362111,0.20924516318981434,0.4500,1.0000,0.1000,11.187
2026-04-20 21:28:07.087,305,0.5159224704366498,0.6129596478363347,0.41690080637534793,0.5004530681620067,0.21043497665787145,0.0500,1.0000,0.3000,9.210
2026-04-20 21:28:07.094,306,0.5157635733394772,0.6119480066963696,0.4175847984810173,0.5018215087110062,0.21162436950750266,0.5000,1.0000,0.4000,10.348
2026-04-20 21:28:07.101,307,0.515606208506509,0.6109366846533417,0.4182675873344257,0.5031875290653538,0.21281241215118488,0.3000,1.0000,0.3500,9.467
2026-04-20 21:28:07.108,308,0.5154496272417276,0.6099252676495459,0.418949908652705,0.5045526010700172,0.21400004695705913,0.3500,1.0000,0.3000,13.756
2026-04-20 21:28:07.115,309,0.5152936597138089,0.6089134960046343,0.41963202402809713,0.5059172483078632,0.21518766499103323,0.4500,1.0000,0.3000,10.514
2026-04-20 21:28:07.123,310,0.5151392472366938,0.6079019277300165,0.4203129870374236,0.5072795783189661,0.216374040468711,0.3000,1.0000,0.3000,8.095
2026-04-20 21:28:07.130,311,0.5149853419308388,0.6068908027800723,0.4209933591338762,0.5086407143845477,0.2175596145212468,0.3500,1.0000,0.2000,13.028
2026-04-20 21:28:07.137,312,0.5148316282210089,0.6058794165179551,0.4216737533346812,0.5100018829026539,0.2187453521497883,0.4000,1.0000,0.5500,13.273
2026-04-20 21:28:07.144,313,0.5146785875706287,0.6048680649718915,0.42235367948982167,0.5113621039259361,0.21993061486573803,0.2500,1.0000,0.2500,8.251
2026-04-20 21:28:07.152,314,0.5145269410251226,0.6038567726918896,0.4230326428588205,0.5127203883155449,0.22111489533888193,0.3500,1.0000,0.3500,8.520
2026-04-20 21:28:07.159,315,0.51437649383611,0.6028440996584152,0.4237115961277339,0.5140786417754346,0.2222998659597524,0.5000,0.9500,0.2500,5.754
2026-04-20 21:28:07.166,316,0.5142266711927078,0.6018322713809349,0.4243896507700542,0.5154350875744762,0.22348352515097608,0.2500,1.0000,0.0000,8.723
2026-04-20 21:28:07.173,317,0.5140779705324899,0.600820604193146,0.4250668658135451,0.5167898440804269,0.22466627348621976,0.3000,1.0000,0.6500,6.918
2026-04-20 21:28:07.180,318,0.5139296696871193,0.5998117039174926,0.42574223364913166,0.518140896378,0.22584580016655562,-0.1000,1.0000,0.1500,11.618
2026-04-20 21:28:07.188,319,0.5137813468155615,0.5988013318656666,0.4264184575989355,0.5194936514052155,0.22702692758798731,0.6000,1.0000,0.2500,9.668
2026-04-20 21:28:07.194,320,0.5136334767225541,0.5977953868844851,0.4270918503444011,0.5208407348099264,0.22820301874638718,-0.1000,1.0000,0.5000,11.378
2026-04-20 21:28:07.203,321,0.5134864799460791,0.5967870791359791,0.4277660114222041,0.5221893459418987,0.22938106784311632,0.6500,0.8500,-0.0500,9.258
2026-04-20 21:28:07.210,322,0.5133390046413698,0.595779468369306,0.4284400936223809,0.5235377906493276,0.23055869754696262,0.3500,1.0000,0.2000,8.007
2026-04-20 21:28:07.219,323,0.5131926875384634,0.594771199706248,0.4291137799963314,0.5248854352950916,0.231736268109165,0.4500,0.9000,0.0500,13.610
2026-04-20 21:28:07.226,324,0.5130458182525138,0.5937646783335789,0.4297868363971519,0.5262318118376597,0.23291234255734133,0.3000,1.0000,0.4000,12.838
2026-04-20 21:28:07.234,325,0.5128984970192643,0.5927599817435345,0.43045915170904125,0.5275766982901378,0.23408677080444354,0.1000,1.0000,0.2500,13.152
2026-04-20 21:28:07.244,326,0.5127516869169421,0.5917597592556704,0.43112856997258514,0.5289157829710639,0.23525607201290447,-0.0500,1.0000,0.3000,12.917
2026-04-20 21:28:07.251,327,0.5126050262245725,0.5907588751046027,0.4317982670481137,0.5302554178313442,0.23642598971392223,0.4000,1.0000,0.3500,11.744
2026-04-20 21:28:07.260,328,0.5124584625464812,0.5897584530284056,0.43246763572027347,0.5315943886636102,0.23759535461763726,0.3500,1.0000,0.4500,13.253
2026-04-20 21:28:07.268,329,0.5123121615771725,0.5887628602980988,0.43313406993315356,0.5329274835726785,0.23875937683332374,0.0000,1.0000,0.5500,11.622
2026-04-20 21:28:07.276,330,0.5121661089394516,0.5877679580628853,0.433799944319965,0.5342594520351102,0.23992250022626527,0.3000,1.0000,0.3000,9.647
2026-04-20 21:28:07.283,331,0.5120209766788432,0.5867752235580366,0.4344639667070086,0.535587709907342,0.24108269381760092,0.1000,1.0000,0.3500,7.783
2026-04-20 21:28:07.291,332,0.5118758947838696,0.585786393277731,0.43512572481090733,0.5369114328203397,0.24223867689496417,0.1000,1.0000,0.5500,8.414
2026-04-20 21:28:07.299,333,0.5117303590089848,0.5847998789997267,0.43578646234254353,0.5382331083876563,0.2433924871039148,0.1500,1.0000,0.6500,12.601
2026-04-20 21:28:07.306,334,0.5115869373968582,0.5838142002633548,0.4364453132428653,0.5395510046772227,0.24454399844458546,0.3500,1.0000,0.2500,4.628
2026-04-20 21:28:07.314,335,0.5114430664465169,0.5828293935427332,0.43710396566228166,0.5408684981703107,0.24569488066431067,0.3000,1.0000,0.2000,11.940
2026-04-20 21:28:07.321,336,0.51129963690193,0.5818416299038264,0.43776401372613594,0.5421887772926468,0.2468486421944165,0.4500,1.0000,0.4500,15.775
2026-04-20 21:28:07.330,337,0.5111564706277872,0.5808488548509922,0.43842675018139093,0.5435144277079456,0.24800760287348275,0.7000,1.0000,0.2500,10.270
2026-04-20 21:28:07.338,338,0.511014315086044,0.5798605274669325,0.4390862715227632,0.5448336425703352,0.24916112950335725,0.1000,1.0000,0.2000,8.516
2026-04-20 21:28:07.347,339,0.5108722232351436,0.5788748577256255,0.43974423197632106,0.5461497304917067,0.2503117711761468,0.2000,1.0000,0.1000,12.842
2026-04-20 21:28:07.356,340,0.5107311603208171,0.5778900568984189,0.4404010101687964,0.5474634488804855,0.25146080074034627,0.4000,1.0000,0.3000,9.961
2026-04-20 21:28:07.362,341,0.5105918882493061,0.5769081305190543,0.4410549521368446,0.5487714899602951,0.252605561327454,0.1500,1.0000,0.2000,10.964
2026-04-20 21:28:07.371,342,0.5104520070121656,0.575929167603091,0.44170760701368966,0.550076952143387,0.25374755742877664,0.1500,1.0000,0.4500,14.036
2026-04-20 21:28:07.378,343,0.5103118878469559,0.574946926097447,0.4423622941889191,0.5513864743503656,0.25489322933032904,0.5000,1.0000,0.0500,11.224
2026-04-20 21:28:07.386,344,0.5101727668530973,0.5739678576233183,0.4430145029495736,0.5526910352924989,0.256034840382344,0.2500,1.0000,0.3500,8.720
2026-04-20 21:28:07.393,345,0.5100342717842723,0.5729919294032713,0.4436645001840111,0.5539911688795733,0.2571726737394721,0.1500,1.0000,0.2000,12.252
2026-04-20 21:28:07.402,346,0.5098956460751995,0.5720076690132255,0.4443193459343477,0.5553009953249,0.2583195255371186,0.8000,1.0000,0.1000,10.891
2026-04-20 21:28:07.409,347,0.5097573274089255,0.5710268192865332,0.44497203821592674,0.556606510784372,0.2594625222587623,0.3000,1.0000,0.1000,9.288
2026-04-20 21:28:07.418,348,0.5096186359367938,0.5700494242123237,0.4456230051192326,0.5579085715604082,0.26060206988858986,0.1500,1.0000,0.5000,13.309
2026-04-20 21:28:07.427,349,0.5094797771318182,0.5690754660213608,0.44627211981095666,0.559206924104198,0.2617380503695298,0.2500,1.0000,0.4000,15.923
2026-04-20 21:28:07.435,350,0.5093433458225257,0.5681024219457659,0.44691909398206514,0.5605009919119465,0.26287143667135815,0.3500,1.0000,0.3500,7.791
2026-04-20 21:28:07.447,351,0.5092067584127155,0.5671303597273524,0.44756561131557315,0.561794142460528,0.26400387850420765,0.3000,1.0000,0.3500,10.725
2026-04-20 21:28:07.454,352,0.5090708882456444,0.5661543639469603,0.4482138983888923,0.5630908290122848,0.26514006005615354,0.5000,1.0000,0.4500,8.901
2026-04-20 21:28:07.463,353,0.5089344435404118,0.5651797586088239,0.4488617740965977,0.5643866894606606,0.26627513812370496,0.3000,1.0000,0.6000,12.597
2026-04-20 21:28:07.471,354,0.5087985044443133,0.5642064686467493,0.44950856123103905,0.5656803694915193,0.26740847293923803,0.2500,1.0000,0.4500,16.333
2026-04-20 21:28:07.480,355,0.5086626398227803,0.5632287053529572,0.45015785504399003,0.5669790597065381,0.2685465540181378,0.6000,1.0000,0.3000,15.273
2026-04-20 21:28:07.490,356,0.508527080470775,0.56225473323044,0.45080477909484407,0.5682730073196893,0.2696803725807317,0.2000,1.0000,0.5000,9.543
2026-04-20 21:28:07.496,357,0.5083918006228391,0.5612902144696206,0.4514461150191536,0.5695557756944084,0.27080387908241776,0.1000,1.0000,0.3500,9.157
2026-04-20 21:28:07.561,358,0.5082565928721471,0.5603267427044964,0.4520868047219372,0.5708372487302925,0.27192621852882115,0.3000,0.9500,-0.1000,8.221
2026-04-20 21:28:07.568,359,0.5081223915639935,0.5593616567275308,0.4527277459925561,0.5721192220929379,0.27304961923314897,0.3000,1.0000,0.5000,11.562
2026-04-20 21:28:07.574,360,0.5079896381095631,0.5583976676495621,0.4533670953470109,0.5733980088986127,0.2741708820784574,0.2500,1.0000,0.4500,10.987
2026-04-20 21:28:07.582,361,0.5078576207559669,0.5574375973895602,0.4540037147585297,0.5746713331755126,0.2752874580032903,0.2000,1.0000,0.2000,11.221
2026-04-20 21:28:07.588,362,0.5077265823677867,0.5564692182525036,0.45464442956822393,0.5759528456851475,0.27641228612332663,0.7000,1.0000,0.3000,8.990
2026-04-20 21:28:07.596,363,0.5075946136768801,0.5555080781643298,0.45528162808905365,0.577227323130346,0.27752998071780266,0.0500,1.0000,0.4500,11.113
2026-04-20 21:28:07.603,364,0.5074623951223755,0.5545476594630513,0.4559185810699515,0.5785013070835745,0.27864707129801236,0.3500,1.0000,0.4500,11.772
2026-04-20 21:28:07.611,365,0.507330638181109,0.5535847510695857,0.45655664909219673,0.5797775187797549,0.27976652391820284,0.4500,1.0000,0.3500,7.958
2026-04-20 21:28:07.618,366,0.5071993376205851,0.5526159020934888,0.457197807578449,0.5810599091343986,0.28089203938167967,0.5500,1.0000,0.2500,11.201
2026-04-20 21:28:07.626,367,0.5070684851233617,0.5516477238212246,0.4578382841927144,0.5823409335436044,0.28201653964657786,0.3000,1.0000,-0.0500,11.532
2026-04-20 21:28:07.632,368,0.506938035044495,0.550686773829587,0.4584743621753298,0.5836131585540899,0.28313302910407784,0.2000,1.0000,0.2500,13.389
2026-04-20 21:28:07.640,369,0.5068070076046449,0.549722912049976,0.45911248903463614,0.5848894792465997,0.2842530252378834,0.4500,1.0000,0.3000,10.381
2026-04-20 21:28:07.647,370,0.5066769412642717,0.5487598047156119,0.4597495441371996,0.5861636544164068,0.2853715742407819,0.3500,1.0000,0.1000,7.676
2026-04-20 21:28:07.654,371,0.5065472496254626,0.5477976788791109,0.46038578866797525,0.587436206493698,0.28648882371596646,0.3000,1.0000,0.2500,8.285
2026-04-20 21:28:07.662,372,0.5064176872309709,0.5468436981234314,0.4610172927865962,0.5886992758562075,0.28759726197780083,0.0000,1.0000,0.3500,10.074
2026-04-20 21:28:07.668,373,0.5062877149439867,0.5458941169348308,0.46164655620869083,0.5899578619919063,0.28870126144660807,0.2500,1.0000,0.1500,10.034
2026-04-20 21:28:07.676,374,0.5061562874038303,0.5449418351065465,0.4622783330999819,0.5912214732872527,0.28980912634088135,0.4000,1.0000,0.3000,12.162
2026-04-20 21:28:07.683,375,0.5060234260832717,0.5439942387073076,0.46290838853225497,0.5924816399391802,0.29091292864894874,0.0500,1.0000,0.3000,9.879
2026-04-20 21:28:07.691,376,0.5058912846660695,0.5430512015003384,0.46353535884937574,0.5937356346871817,0.2920113677854437,0.1000,1.0000,0.1000,11.733
2026-04-20 21:28:07.698,377,0.5057587755601336,0.5421125159612246,0.4641600876959229,0.594985144870623,0.29310539111096057,0.2000,1.0000,0.1500,9.119
2026-04-20 21:28:07.705,378,0.5056286002356997,0.5411742897348882,0.4647829982925126,0.5962310169794391,0.29419736797884893,0.3500,1.0000,0.4000,10.335
2026-04-20 21:28:07.713,379,0.505499103261825,0.5402365208651572,0.46540519537552116,0.597475460533624,0.29528840406010964,0.3500,1.0000,0.2000,8.668
2026-04-20 21:28:07.720,380,0.5053702955054504,0.5393070714411462,0.4660221790759675,0.5987094758410392,0.29637006839904645,0.1000,1.0000,0.5000,11.361
2026-04-20 21:28:07.727,381,0.5052424562736791,0.5383703279577567,0.46664268519008706,0.5999505345386051,0.29745890350355114,0.5500,1.0000,0.3000,12.489
2026-04-20 21:28:07.735,382,0.5051152923985515,0.5374219029127063,0.4672694163054633,0.6012040418446047,0.29855980567268237,0.7000,1.0000,0.5000,12.119
2026-04-20 21:28:07.744,383,0.504988180051228,0.5364780683925515,0.46789348997098607,0.6024522328986399,0.29965575637357533,0.2500,1.0000,0.4000,10.368
2026-04-20 21:28:07.751,384,0.5048598330410576,0.5355431246854052,0.46851330633782345,0.6036919080436147,0.30074300557601996,0.0500,1.0000,0.5500,10.221
2026-04-20 21:28:07.759,385,0.5047310925035723,0.5346126365793985,0.46913083905401665,0.6049270146149621,0.3018257444977896,0.2000,1.0000,0.5500,16.075
2026-04-20 21:28:07.768,386,0.5046019367610244,0.5336866651475741,0.46974606767084753,0.606157511753416,0.3029039221185285,0.1500,1.0000,0.1500,12.008
2026-04-20 21:28:07.776,387,0.504472066669097,0.5327439724576972,0.4703713275775197,0.6074080702744088,0.3040004927594951,0.8000,1.0000,0.5000,9.255
2026-04-20 21:28:07.786,388,0.5043411998696218,0.5318062383417617,0.4709944185358174,0.6086542897374231,0.3050924162334358,0.2000,1.0000,0.5500,13.133
2026-04-20 21:28:07.793,389,0.5042100389889096,0.5308647409575198,0.4716198560365333,0.6099052011588811,0.3061885689202176,0.4000,1.0000,0.1000,14.563
2026-04-20 21:28:07.801,390,0.504080578506087,0.5299192464703019,0.4722464440452507,0.6111584125037416,0.30728787167167065,0.5000,1.0000,0.4000,11.328
2026-04-20 21:28:07.809,391,0.5039495559397295,0.5289790037105586,0.47287107250218174,0.6124077036852065,0.3083825899826262,0.1500,1.0000,0.3000,11.291
2026-04-20 21:28:07.817,392,0.5038202044690874,0.5280256322526967,0.4735020890534422,0.613669770027302,0.30949026168274585,0.6500,1.0000,0.4500,12.537
2026-04-20 21:28:07.825,393,0.5036904528518046,0.5270729478888212,0.47413297978757596,0.614931583737957,0.3105974649361478,0.3500,1.0000,0.4500,11.332
2026-04-20 21:28:07.833,394,0.5035599805233004,0.5261115464996533,0.4747693321954411,0.6162043198288031,0.3117144892658074,0.6000,1.0000,0.3000,9.729
2026-04-20 21:28:07.842,395,0.5034303422863806,0.5251419316968836,0.47540982196245657,0.6174853296996964,0.31283975852460194,0.5000,0.8500,0.0000,7.145
2026-04-20 21:28:07.850,396,0.5033011985193125,0.5241685890736265,0.47605211230581523,0.6187699398131702,0.3139686931072715,0.5000,1.0000,0.3500,12.005
2026-04-20 21:28:07.860,397,0.5031707451447587,0.5231966782914257,0.47669445756452394,0.6200546588745415,0.31509696749693256,0.3000,1.0000,0.2500,11.145
2026-04-20 21:28:07.867,398,0.5030404908815643,0.5222109835656032,0.47734454665896336,0.6213548647510555,0.3162398784819396,0.7000,1.0000,0.2000,9.494
2026-04-20 21:28:07.877,399,0.5029098457417197,0.5212016761304532,0.4780083893508969,0.6226825769919286,0.3174083501832748,0.8500,1.0000,0.4500,11.904
2026-04-20 21:28:07.885,400,0.5027791252993076,0.5202103220837576,0.47866202320063816,0.6239898707427072,0.31855763708943574,-0.0500,1.0000,0.3000,11.693
