timestamp,episode,help_bob,decline_bob,delay_bob,help_carol,decline_carol,teach_carol,help_dave,decline_dave,suggest_dave
2026-04-10 18:29:30.762,1,4.088500000000001,-0.8996666666666667,-0.13216666666666677,0.1426666666666666,1.8226666666666667,3.186666666666666,1.605,-5.026666666666667,0.09666666666666657
2026-04-10 18:29:30.805,2,4.70482142857143,-2.341509523809524,1.758388095238095,-0.2607333333333334,5.010536507936508,3.7173650793650785,4.887976190476191,-8.385285714285715,1.735261904761905
2026-04-10 18:29:30.858,3,4.67923213739123,-3.5819079877313644,2.2411285202051436,-1.4063955266955266,7.327447186147185,1.9707826839826832,7.948329365079365,-12.216708874458874,2.8611958874458874
2026-04-10 18:29:30.893,4,5.699910416687691,-4.246679848349379,2.5382016812321506,-3.3198379953379953,10.078470385170384,0.7360967920967919,9.818998903873904,-17.867336621711623,1.9215533771783766
2026-04-10 18:29:30.927,5,6.519683126946261,-5.047358709614164,2.961424082267157,-4.630909484959486,13.384743433364019,0.055082614117908324,12.842644131195602,-22.412589520687433,1.1131496094634619
2026-04-10 18:29:30.958,6,7.293462180404843,-6.099043610516626,3.585688678101189,-7.306723981986367,15.491132405795094,-1.1440040633601,16.415758600174374,-26.164723489418133,0.6620001524834
2026-04-10 18:29:30.986,7,7.568921453467179,-7.287349269632998,4.274297436451409,-9.069831056804551,18.95479849830736,-0.9404952276261433,18.677480657765752,-31.114504381607233,-0.9204615048664655
2026-04-10 18:29:31.011,8,7.533175404793073,-8.973294297721916,4.789959331439413,-11.866386628038265,21.25990564719022,-2.1858489659719935,21.321031049993593,-35.662431015152244,-2.312347560022178
2026-04-10 18:29:31.037,9,7.9636477374296275,-10.535614925065353,5.133247092514711,-14.07929766420142,23.865304099895535,-2.9177008568628517,25.07833320231959,-39.03639026077538,-2.587947018253481
2026-04-10 18:29:31.067,10,8.338967498608095,-12.247517966580222,5.520336322836274,-15.259623120136123,27.365653484817003,-2.8918697620380747,28.097013998122186,-43.059481314072855,-3.5290402349952275
2026-04-10 18:29:31.098,11,9.267491522465036,-13.618041653273117,6.231801264600626,-17.907873194305594,29.309667873151696,-4.388693461754369,32.17992233094727,-46.044375999117854,-3.6485301552539307
2026-04-10 18:29:31.129,12,10.403069881251952,-14.715073313357582,7.2983880051183245,-18.807922618989927,33.00515929202982,-4.197841770105589,34.787811229110176,-50.25074196262349,-5.06713447575142
2026-04-10 18:29:31.159,13,11.191344741422975,-16.23891636579639,7.862095507859779,-20.341363871022168,36.21046961786236,-4.280412719042231,36.847857650775836,-54.44665892399836,-6.539432481260109
2026-04-10 18:29:31.183,14,11.715330498563759,-18.066986714888063,7.905401235975273,-22.343410503126336,38.993185694691945,-4.802639128904688,39.841927751354746,-57.67922982413892,-7.040612964467418
2026-04-10 18:29:31.211,15,12.677129421919181,-19.279660119397292,8.542866273450507,-23.38006168736506,42.59604064948151,-4.444035101776006,42.873990042999885,-60.74669065733534,-7.584383250162589
2026-04-10 18:29:31.228,16,13.448738052123835,-20.713412246245188,9.087303167052358,-25.95807958173138,44.59252268444657,-5.4803412715576565,44.999474095526494,-64.46483585144603,-8.763007857217412
2026-04-10 18:29:31.244,17,14.141138874213423,-22.200362520619596,9.54853925223716,-28.925639899411344,46.3001856546616,-6.931030777464391,46.84356648828638,-68.33701170818705,-9.988313504307786
2026-04-10 18:29:31.265,18,14.964738570370896,-23.467429038384573,10.414712925735905,-30.888257337319832,48.93450445183346,-7.458762919742971,49.10988234952269,-71.66188461405274,-10.623755275650666
2026-04-10 18:29:31.279,19,16.386659472553344,-24.094916024756,11.99482742308147,-33.52975504063926,51.00389962626519,-8.58213868764931,51.93043264944832,-74.42203877322136,-10.650878222168217
2026-04-10 18:29:31.299,20,17.15222556730358,-25.35912410642489,12.981881806927365,-34.869713759754745,54.15571189052952,-8.630465327714571,54.23150094886167,-77.75676670534611,-11.313868697947218
2026-04-10 18:29:31.320,21,17.92063764444631,-26.676551193643288,14.006680458718412,-36.4983862663324,57.08517035988546,-8.94017912926219,57.235279212857165,-80.44359841499713,-11.409275466397625
2026-04-10 18:29:31.354,22,18.220458671466453,-28.533433080874552,14.59235892354956,-38.56514789860539,59.66990348368944,-9.668481593774459,60.7025498067102,-82.61639288326982,-10.956220280863617
2026-04-10 18:29:31.372,23,18.50105035664248,-30.227612508305626,15.402109906669542,-40.63833023426521,62.14430281575006,-10.491058085222054,62.64802942535468,-86.20607402327482,-11.890392406698846
2026-04-10 18:29:31.394,24,18.50363649208043,-32.01425141514539,16.24076499546131,-41.91288502969845,65.36615053640294,-10.509167828099304,64.90810590774356,-89.46295762814363,-12.531746867185392
2026-04-10 18:29:31.415,25,18.10720469431273,-34.17046133099573,16.791455449841617,-43.25700372581774,68.6587574650852,-10.455874873951949,68.5383529052053,-91.35163182480413,-11.801784034980379
2026-04-10 18:29:31.439,26,19.01611316630533,-35.08135174743717,18.584107578428945,-45.392625475314446,71.11866366518753,-11.102565177885557,69.94637376667185,-95.51374132996092,-13.29519005784951
2026-04-10 18:29:31.462,27,19.194477684001484,-36.725437946315324,19.656455247245102,-47.72282289935636,73.44382397870136,-11.858476092501395,72.73440690842308,-98.27974980350726,-13.320398250143835
2026-04-10 18:29:31.494,28,19.281452685853495,-38.48446459273981,20.678481277669167,-48.92036674826217,76.9728547314124,-11.288456709573818,74.1548064364218,-102.44326343675624,-14.777887614987055
2026-04-10 18:29:31.512,29,18.87885378803674,-40.752810254811045,21.250062922926233,-50.37905555383304,80.1572939702667,-11.002772582177693,77.01200212786372,-105.19818018396666,-14.842493118024965
2026-04-10 18:29:31.527,30,18.68154004526633,-42.84674444629132,22.02588166694611,-52.96537096716651,82.12577074677922,-12.073892519704685,78.43445280987618,-109.35391411183303,-16.30071032564028
2026-04-10 18:29:31.541,31,18.778839150364263,-44.6952841237149,23.110074273864573,-56.17748356453407,83.51875436935585,-13.777531657436597,80.9494678775847,-112.35869109198536,-16.63505188569743
2026-04-10 18:29:31.554,32,19.229277516133905,-46.16411720853447,24.609227242648046,-57.761848572362915,86.5724943826773,-13.703056095763472,82.58172796825957,-116.17529025674651,-17.76013777104936
2026-04-10 18:29:31.567,33,19.06801568596756,-48.32482038994856,25.326901475097795,-59.45928602283069,89.47981988499804,-13.835341644296014,85.00662891803779,-119.17022212322964,-17.992815866153776
2026-04-10 18:29:31.582,34,19.15952958473018,-50.282345375183496,26.20717627369125,-61.580441040168246,91.9501603526808,-14.460559973689204,87.65857463737923,-121.90630234307943,-17.9102969461498
2026-04-10 18:29:31.599,35,19.401740113751675,-52.086298023525664,27.209349851134938,-63.00628302119762,95.18039263942858,-14.284718524192824,89.76658667359229,-125.14158164917946,-18.311960353419405
2026-04-10 18:29:31.615,36,19.70913278242154,-53.74622856600234,28.392923093297902,-64.96485662629723,97.90978865636389,-14.545289818401635,92.1078940837245,-128.1248353978229,-18.45858451915242
2026-04-10 18:29:31.633,37,20.281488798146082,-55.08425939063342,29.903536559393068,-66.7011555865673,100.87781055995984,-14.617902084666529,93.92791334949621,-131.67103308702403,-19.182355188083335
2026-04-10 18:29:31.647,38,20.50240229212098,-56.79210006501965,31.035383341201264,-69.00361743215193,103.3083265149549,-15.160237291480986,94.72517655459632,-136.21707454651977,-20.970267050795115
2026-04-10 18:29:31.666,39,20.49587253143455,-58.68991405740561,31.978470074771753,-70.17709276248817,106.89583900024054,-14.57823998959756,97.39072423224984,-138.90785940915933,-20.93239095929172
2026-04-10 18:29:31.685,40,20.601815985736287,-60.48975988174328,32.98461340671989,-71.8955155692599,109.8550823597371,-14.6799698579114,99.21165638531126,-142.4608301508132,-21.695745429616423
2026-04-10 18:29:31.700,41,20.312227806374647,-62.63553829904264,33.671620428385765,-74.06803670638418,112.3346647023592,-15.297774079384018,102.09782213775465,-144.95169676619108,-21.34716178757236
2026-04-10 18:29:31.716,42,20.33869229929619,-64.38314513288046,34.796040657390265,-75.90028156857352,115.10642792578037,-15.637932392278934,104.20887453236782,-148.2150293432412,-21.738710837687034
2026-04-10 18:29:31.729,43,20.527421295645393,-65.97003620718104,36.13444453395659,-77.57305560853887,117.99544666039456,-15.809640455667147,106.30337281008353,-151.51690320909424,-22.180686002742213
2026-04-10 18:29:31.766,44,20.790756805701935,-67.5089005863744,37.54011370837888,-80.30956123269958,119.80229600370582,-17.024219748691767,108.4297501265656,-154.81212066568642,-22.643516609251012
2026-04-10 18:29:31.777,45,20.835791628736512,-69.31269302490173,38.65469075085929,-81.81378533061005,122.81637082450172,-17.009078044944925,110.52199196740975,-158.13721158443633,-23.146032511578664
2026-04-10 18:29:31.791,46,20.805824114909797,-71.24004793594555,39.6552872737632,-82.53634201603018,126.5358718309161,-16.319080926608326,112.94929992665772,-161.13784050380522,-23.273494849081803
2026-04-10 18:29:31.807,47,21.08756372734054,-72.86874738116406,40.924953518461216,-84.0133728223913,129.5179553647711,-16.378774857677566,113.68790880176809,-165.75753921536378,-24.986982106261394
2026-04-10 18:29:31.824,48,20.96476101961313,-74.84209378170847,41.81241067742892,-85.33599387758123,132.70908758968585,-16.23621321085707,115.5026874720778,-169.30280284279945,-25.650957253356946
2026-04-10 18:29:31.838,49,21.21519304795977,-76.38586528035556,43.140841553246545,-87.13165978502522,135.43663792722717,-16.57777870636574,117.85185634263307,-172.34779618350862,-25.89069808691701
2026-04-10 18:29:31.856,50,21.01779684027586,-78.36885848222676,44.04805813677097,-89.48598193737178,137.5759724178245,-17.533744609006366,119.70158626820607,-175.85620346170887,-26.642607272148613
2026-04-10 18:29:31.870,51,20.56405361977312,-80.62307451161615,44.65291860269808,-91.53538233326114,139.9931805862039,-18.269712472175293,121.7874158114967,-179.10687561666532,-27.108616076714394
2026-04-10 18:29:31.885,52,20.392961692172346,-82.57266048562988,45.54425142860623,-92.82452394486602,143.14396183360904,-18.216344400786742,124.9526653649804,-181.25257989932663,-26.47900717760073
2026-04-10 18:29:31.898,53,20.58561395234526,-84.13903052813075,46.84735196821392,-93.98082908044559,146.4840321609146,-17.95703551308868,127.8189303138118,-183.68613963182173,-26.16191553876357
2026-04-10 18:29:31.913,54,20.5896523344993,-85.88597976479728,48.00064907521289,-95.13267992206538,149.81703355917438,-17.7034593671497,128.8586979235685,-187.96644665354393,-27.71920785547155
2026-04-10 18:29:31.927,55,21.193308768496273,-87.0735300518458,49.701127649278725,-97.02482137023637,152.37884260711257,-18.215970175102285,131.4750322779341,-190.6742368069268,-27.695655044876904
2026-04-10 18:29:31.941,56,20.918508354132893,-89.16704928458127,50.48925001558058,-98.60273132479107,155.19035237414812,-18.506441510945887,134.3774561806206,-193.11117500200217,-27.408789660683333
2026-04-10 18:29:31.957,57,21.265255538397653,-90.66314133270149,51.86769956329126,-100.17211747235952,157.9988994307193,-18.799909489882527,136.24218266509118,-196.59348648341646,-28.189466802682723
2026-04-10 18:29:31.971,58,21.15419717157215,-92.64412739652063,52.725561759671336,-101.55149895864614,161.02131742016843,-18.839760384584824,138.37462598290136,-199.81135029724655,-28.68345387832041
2026-04-10 18:29:32.000,59,21.627761092900666,-94.07802809559277,54.15569151619898,-103.4464859084505,163.55247791972644,-19.313803993916242,141.05335510344017,-202.509829756969,-28.663831515173197
2026-04-10 18:29:32.014,60,21.731853234297933,-95.9169503407007,55.20836610550151,-105.65560873747177,165.76263942417347,-20.04834525697882,143.21619110537657,-205.7505272808893,-29.222201055904353
2026-04-10 18:29:32.025,61,21.447052390507338,-98.17482537311716,55.8729422503071,-108.03393759309361,167.82736997232547,-20.92800560356588,145.96916339493322,-208.44225794013556,-29.257470103019045
2026-04-10 18:29:32.034,62,21.54702660793175,-100.03471163375403,56.96288480083443,-108.34290502794937,172.00006457769592,-19.690297249193776,149.26402911337053,-210.58567892780675,-28.75422460204415
2026-04-10 18:29:32.047,63,21.72489408776496,-101.80598399784697,58.15162291940585,-110.76550121022564,174.08511682017354,-20.548134830459652,152.53380403606627,-212.7310484777909,-28.290489911505425
2026-04-10 18:29:32.060,64,21.908689584302248,-103.55473575722957,59.3682520120793,-111.21399018216825,178.15110141815418,-19.431073502971913,156.36773965779813,-214.31460321871924,-27.261673145078426
2026-04-10 18:29:32.073,65,21.64771032637546,-105.67699279190857,60.22573127428387,-112.43359684658938,181.46616637748423,-19.083193590315833,158.56017439462104,-217.51432574375357,-27.86069305244242
2026-04-10 18:29:32.084,66,21.673832105725737,-107.49287374071969,61.38344292077794,-113.67901508403817,184.77165051440835,-18.739818907745146,159.63250476699423,-221.76607985578502,-29.47614188745406
2026-04-10 18:29:32.096,67,21.72133799322598,-109.32221837946815,62.516620397840256,-115.54457226287323,187.4651419397887,-18.949657274764185,161.78098695282202,-224.93304764798935,-30.033080971216577
2026-04-10 18:29:32.110,68,21.68465507878407,-111.25055910904123,63.52616750721652,-117.70478343685959,189.8904939117987,-19.4505494751442,164.96746365106793,-227.0504153763926,-29.511480662472646
2026-04-10 18:29:32.122,69,22.04586552304844,-112.78749500728362,64.91414376658062,-119.50879154763064,192.73570178541024,-19.513315821188943,167.10445905682954,-230.2327610156384,-30.0593474567787
2026-04-10 18:29:32.135,70,22.445173694119532,-114.22772306670805,66.42785983671556,-121.51620806310311,195.38032267021077,-19.72677611880549,170.06506456327722,-232.6086924457476,-29.80208255617488
2026-04-10 18:29:32.147,71,22.265971416976516,-116.25542976841011,67.36188961596346,-123.34052731786163,198.20428628118555,-19.753605518804214,173.55374068215633,-234.46363903804234,-29.015913250830135
2026-04-10 18:29:32.159,72,22.76899154443111,-117.60487390212349,68.91301527046319,-125.44613574495922,200.72908623788408,-20.06174213251657,176.79168431552245,-236.57680652568993,-28.526375819501677
2026-04-10 18:29:32.185,73,22.82946252911752,-119.38690532392717,70.01455201393799,-127.09065286105695,203.7424251191288,-19.91779926702637,179.52699610736676,-239.20612225211386,-28.564000133388365
2026-04-10 18:29:32.203,74,22.901192198837983,-121.12389419978996,71.14420391230969,-128.38695657660776,207.14737892323723,-19.41414931259465,182.50216472125953,-241.55801414365916,-28.3405096914066
2026-04-10 18:29:32.215,75,23.413810732121213,-122.42781991052325,72.71745130703374,-130.64862089735527,209.6257392945083,-19.85578643577223,184.64972325419552,-244.73018418811012,-28.94718062069562
2026-04-10 18:29:32.232,76,23.467780933419572,-124.20449921946498,73.81275658731978,-133.25196624405018,211.75528672454092,-20.67364711209967,187.6152302668743,-247.08969981066815,-28.764949033456663
2026-04-10 18:29:32.246,77,23.99732912552295,-125.51556743854775,75.38529219150462,-135.18737570634158,214.52725010214468,-20.869373158649424,190.10185233468812,-249.9360024183716,-29.10660989588903
2026-04-10 18:29:32.260,78,24.047845162786935,-127.27353931760284,76.49262023796148,-136.66023900291808,217.76620334866453,-20.57292361471364,191.74528410923216,-253.6425303146664,-30.32694524270133
2026-04-10 18:29:32.276,79,24.148630684351076,-128.97227727295012,77.62636901081831,-137.2038740125875,221.93015765574435,-19.31159123408873,194.768173004859,-255.965689177205,-30.146267665637204
2026-04-10 18:29:32.289,80,23.937356221221005,-130.99855456569188,78.46037109571661,-139.44546140447747,224.38675278042422,-19.753505065463404,197.82754789969113,-258.2669594481842,-29.994440447686998
2026-04-10 18:29:32.309,81,24.476452372531185,-132.31765996725937,80.01843861925856,-141.23296515964105,227.31746493642768,-19.698812562318665,199.77494507300545,-261.694615178027,-30.964189231891336
2026-04-10 18:29:32.321,82,24.918981557038062,-133.75248982692185,81.48130465482663,-142.07236746822775,231.16936098558008,-18.692853462088717,202.34019827024602,-264.501790804125,-31.29638436544853
2026-04-10 18:29:32.338,83,25.088347598506797,-135.4650130812318,82.67992004714887,-144.02908937645597,233.91032555322386,-18.811025925295237,203.99499746766242,-268.21985986795977,-32.55159490911934
2026-04-10 18:29:32.356,84,25.016619801237564,-137.41478661248735,83.66367153166473,-145.05500956718222,237.60683370799265,-17.99787614236226,205.35456524209383,-272.21450203588324,-34.07143733838849
2026-04-10 18:29:32.372,85,25.094517906490847,-139.19129197645273,84.83391792039856,-147.42545958129242,239.980546232818,-18.483448849122563,208.35558752722525,-274.56405148259836,-33.9321231249752
2026-04-10 18:29:32.388,86,24.903576002737527,-141.2058674735193,85.7550891008921,-148.74531903678778,243.40291530647323,-17.92784115716513,211.08392582388998,-277.1545572274514,-34.0379668718965
2026-04-10 18:29:32.401,87,24.20899924815922,-143.70107795266483,86.21240420084123,-150.63815126761727,246.25214490776472,-17.931249965116002,213.77052906702932,-279.777463901192,-34.17050330342888
2026-04-10 18:29:32.414,88,23.801238212392533,-145.91381358862836,86.9752501325661,-152.16477764373215,249.46553250874808,-17.537767143228173,215.42777247119602,-283.4472237014695,-35.330005343678074
2026-04-10 18:29:32.426,89,23.602470280553813,-147.95237620098945,87.91498862420138,-154.35511708211806,252.0078879212872,-17.804598947601107,216.8033942354348,-287.4028157832335,-36.75585485111033
2026-04-10 18:29:32.437,90,23.341238043014528,-150.07023810813632,88.76145772452378,-157.5956995800312,253.51461227895885,-19.078880749183696,218.7056424273889,-290.8197697888874,-37.64839095906389
2026-04-10 18:29:32.450,91,23.76998431284399,-151.5199608314415,90.27695648674336,-158.58661541588472,257.28230614443265,-18.090773700557705,220.32275268364265,-294.51080337147874,-38.820514542194154
2026-04-10 18:29:32.463,92,23.909847657431563,-153.2684003548446,91.4808829440148,-160.91178736724407,259.7012362408238,-18.447298333336246,223.58060067462515,-296.5884689939119,-38.373601660247665
2026-04-10 18:29:32.479,93,23.499445349694376,-155.59279132602254,92.10201307721944,-162.24187391205885,263.0976605921761,-17.864702700609072,225.49244500251027,-300.017073145843,-39.27059737297015
2026-04-10 18:29:32.489,94,23.592435797021782,-157.43837351539162,93.17449194996905,-164.70909376680137,265.3621939425981,-18.412562463967923,228.00988127252424,-302.834025346495,-39.58705983934571
2026-04-10 18:29:32.497,95,22.878284142455875,-160.06994495979075,93.47569289315351,-166.8085551003996,267.99841309013567,-18.592022427735795,230.2199159569649,-305.953073329215,-40.22342656639214
2026-04-10 18:29:32.511,96,22.25623822672007,-162.5914081009267,93.89125173955826,-167.84163501987086,271.6904679897542,-17.756118635141075,232.76026754023152,-308.7549249357439,-40.552279665594355
2026-04-10 18:29:32.584,97,22.220108020789773,-164.5267230816162,94.87288809946182,-168.86874025208652,275.3905981808489,-16.914317114696264,235.5087262120836,-311.3573597811464,-40.66394107349938
2026-04-10 18:29:32.607,98,22.20978724166945,-166.44808622285262,95.8368436404586,-170.55586415165394,278.4227323845098,-16.743918956113347,236.89663009922688,-315.29960419206157,-42.11923203413041
2026-04-10 18:29:32.624,99,22.9819255188424,-167.60915288096044,97.57314886302814,-172.8259304585197,280.8876148248571,-17.14127415207599,238.2941003587875,-319.24026985015354,-43.58841961606677
2026-04-10 18:29:32.648,100,23.377356205753355,-169.15313742971412,98.9160946778127,-174.89008613480706,283.54697004132254,-17.34260928837235,241.61028957253058,-321.2477094670337,-43.139559775707696
2026-04-10 18:29:32.678,101,24.06249909317506,-170.39216012391685,100.52686192714346,-176.09724541496453,287.04121721586,-16.705457047338793,243.29068519574912,-324.8986712297893,-44.32933569483689
2026-04-10 18:29:32.703,102,24.376027170348912,-172.01052106333626,101.75709376280587,-178.521871739884,289.3120353685905,-17.307261363314357,244.91778287515936,-328.57000492435515,-45.53562180850788
2026-04-10 18:29:32.721,103,24.679712002602756,-173.64245196540602,102.97983457048011,-180.27341415678885,292.2141614169296,-17.28832213416355,246.57564403216458,-332.1867268183582,-46.70280742585441
2026-04-10 18:29:32.744,104,25.45848413974154,-174.80920777157547,104.67458059863357,-182.48441629668034,294.6504558956765,-17.746781257639135,249.53240260433148,-334.50037146710787,-46.57284783238345
2026-04-10 18:29:32.756,105,25.863315282063738,-176.36050406473848,105.97884886189706,-185.05872314237143,296.73089353200817,-18.53697353501679,252.01247202096164,-337.295920950578,-46.94008734442839
2026-04-10 18:29:32.770,106,25.62846347900947,-178.5602841932429,106.63817865766177,-187.00561860129673,299.45966051156137,-18.674170148371847,255.0389668823464,-339.5604369679199,-46.78880903501306
2026-04-10 18:29:32.783,107,26.52448665561071,-179.63717066203824,108.43445202905886,-188.77592721827642,302.3562113388808,-18.600647024087767,257.2507576183317,-342.63732677090553,-47.45268254580932
2026-04-10 18:29:32.794,108,26.932545080864056,-181.19930714826944,109.74977825437097,-190.26363963509067,305.54797070321314,-18.24143868933704,257.82819303998843,-347.36078181933726,-49.76703974670999
2026-04-10 18:29:32.811,109,27.248603997171028,-182.84358919501472,110.98007303515122,-193.0596309467374,307.44215379494636,-19.195412733745304,259.46816187171976,-351.03122982679076,-51.02208569390506
2026-04-10 18:29:32.827,110,27.551948223773888,-184.47994795185377,112.20766657310526,-194.4308257744644,310.7506787709438,-18.76410596711864,260.8643688419666,-354.9419498273973,-52.51546473612314
2026-04-10 18:29:32.852,111,27.74335753584444,-186.1989068487819,113.35567879386137,-196.8420296906077,313.0308343855145,-19.384426453900677,262.78580699775404,-358.32045372985647,-53.469511753425465
2026-04-10 18:29:32.866,112,28.223689259841347,-187.63298999990982,114.77966094745098,-198.7762653375675,315.7820102874991,-19.553735846099954,264.1830533324505,-362.24305712049375,-54.960580461862186
2026-04-10 18:29:32.884,113,28.431840588576982,-189.34840723144308,115.91663395114057,-200.3114356680147,318.95009412656367,-19.306942259546986,265.5712793129641,-366.1649300190411,-56.4300792032293
2026-04-10 18:29:32.896,114,27.961317866989226,-191.72974879849625,116.39544582224424,-201.32801956205213,322.66805758806544,-18.5099015064439,268.0072724923706,-369.01818931391387,-56.829209012627345
2026-04-10 18:29:32.910,115,27.59004650790382,-193.99462881377573,116.96378462923369,-203.31455507596246,325.44860747362804,-18.63814459297991,269.37668033704426,-372.9274499362978,-58.269684884643894
2026-04-10 18:29:32.919,116,28.345276301151245,-195.13239467387672,118.66936101046296,-205.4996006808378,328.0326036052976,-18.94101966859773,271.27100802723993,-376.3042559254282,-59.17294440419872
2026-04-10 18:29:32.933,117,28.434981077189303,-196.91987725513619,119.70614284069346,-206.63471118867704,331.64423848365664,-18.211213185868093,274.78891927481345,-378.0663047585435,-58.46719473904894
2026-04-10 18:29:32.942,118,29.46793570594228,-197.76317147170994,121.67669287701375,-208.70124939697823,334.3273755220784,-18.415167999592153,277.7582480262133,-380.3794123794097,-58.34565795090468
2026-04-10 18:29:32.955,119,29.457077660274315,-199.64095962039576,122.62218952230305,-210.57564202146364,337.2102989832695,-18.440185266812428,279.91202287592205,-383.49957859442435,-59.036122858486735
2026-04-10 18:29:32.964,120,29.544743178616528,-201.4234617856109,123.66531693603925,-211.48450671883754,341.03565075507777,-17.535708353626923,282.6181594248585,-386.0475836632891,-59.157665750539756
2026-04-10 18:29:32.974,121,29.821340706087692,-203.0061459765731,124.90874716907139,-212.19376417712334,345.04295468061525,-16.468551231627163,284.79501447143383,-389.12841258602435,-59.798419048864424
2026-04-10 18:29:32.986,122,29.63027064419759,-205.06765597417458,125.6684896328492,-214.01064785832097,347.930052068743,-16.53466439139764,286.7006521572931,-392.5031748520367,-60.72106274004732
2026-04-10 18:29:32.996,123,29.62500016149082,-206.93596511903814,126.60333187549747,-216.58193829151386,350.0522899080216,-17.369962018906445,289.3833327781433,-395.1042345905332,-60.87486104619716
2026-04-10 18:29:33.007,124,29.337720249439187,-209.052461061335,127.28743399574013,-218.67938369450798,352.63690791043575,-17.7455778551366,291.8051694952798,-397.9475100106308,-61.26306897648519
2026-04-10 18:29:33.046,125,29.882460985742355,-210.3208482024338,128.8240395460269,-219.67644735504172,356.323845393682,-16.980718868978382,294.79315595911226,-400.2301769412004,-61.08717636304626
2026-04-10 18:29:33.058,126,29.771197942937548,-212.23089838793558,129.68892608030782,-220.20392168392652,360.4668281060975,-15.753378588011627,296.4491571479322,-403.82465393819643,-62.25582785474033
2026-04-10 18:29:33.067,127,29.450598858652544,-214.31999944240715,130.36499875623628,-221.77854959665368,363.5568217552353,-15.57207292493576,298.3407167532199,-407.1599822847783,-63.17573285029112
2026-04-10 18:29:33.076,128,29.597558326981478,-215.95198105495894,131.47607502475103,-223.3060013414236,366.7141397073594,-15.334367711988621,300.7444163240625,-409.96183950060527,-63.58147619237653
2026-04-10 18:29:33.084,129,30.124107385591145,-217.21902571601336,132.95378629247986,-224.963889849471,369.7586748518534,-15.203185124851535,302.91863324277745,-412.99500140255515,-64.23929344351173
2026-04-10 18:29:33.093,130,30.560306123489816,-218.57628418096556,134.329005455375,-226.27121772743183,373.17278503144746,-14.697792985365197,304.285087398473,-416.8222573017299,-65.67587554309253
2026-04-10 18:29:33.100,131,30.81650335657645,-220.10351616851747,135.5189172762848,-227.28903951559624,376.89427618602474,-13.900395774311813,307.4344550407179,-418.85924584109443,-65.31502077065545
2026-04-10 18:29:33.109,132,31.34394985851356,-221.35717853624314,136.97405625525013,-228.67217171903877,380.25237700096386,-13.46011041887979,310.09913174769434,-421.38066182319034,-65.42482533865228
2026-04-10 18:29:33.118,133,31.871558749820725,-222.61320287903783,138.4305586234615,-230.362813356669,383.31742077850924,-13.306998937000976,312.2475293695317,-424.42548732871387,-66.05225058662006
2026-04-10 18:29:33.125,134,31.86083598491571,-224.40460453217256,139.36361926646123,-231.85372119061344,386.55787436039134,-12.980381827866175,313.8446899874625,-428.0243644804662,-67.24413929580744
2026-04-10 18:29:33.134,135,32.19156515634717,-225.85925849302055,140.6460755908509,-233.33400173774052,389.7923602770539,-12.66976558664642,316.0494580564337,-431.0211179135744,-67.84798075649528
2026-04-10 18:29:33.142,136,32.719231603123276,-227.1314708748351,142.12894750623312,-235.57522432424346,392.2599920479765,-13.121453048527126,318.74010296450194,-433.5246876564229,-67.98270789279542
2026-04-10 18:29:33.150,137,32.52778402486785,-229.13958742139715,142.88936776734363,-236.40822953328797,396.1535680754255,-12.152454665814222,321.7021776633307,-435.7524660723845,-67.82560916779136
2026-04-10 18:29:33.158,138,33.25847649592904,-230.24658800462944,144.5611810900939,-238.63889399959427,398.6643747126492,-12.554561541994518,323.8601894722294,-438.78594986827284,-68.46888957814215
2026-04-10 18:29:33.168,139,33.51969908377132,-231.80740569527174,145.77532119771968,-241.37639520031115,400.6610785059859,-13.437325497198275,326.28811537189495,-441.5480632843898,-68.81633019065546
2026-04-10 18:29:33.176,140,33.67612238420972,-233.43954152456712,146.92516555581992,-242.959747395047,403.8075205261446,-13.176690880018393,328.7645034536046,-444.2633064143066,-69.13916055560777
2026-04-10 18:29:33.185,141,33.559989866540455,-235.33077844457748,147.79688063781452,-244.27110263722076,407.2212018445576,-12.657500096109754,330.9289258194326,-447.2962635546712,-69.78836680219275
2026-04-10 18:29:33.193,142,33.34317889673101,-237.30970292094315,148.56417528424106,-246.14116118123872,410.0717572555566,-12.682970406640182,333.05096537506677,-450.37596050102024,-70.476999410924
2026-04-10 18:29:33.201,143,33.12071734227013,-239.29606370958237,149.33802726918634,-247.83128093574769,413.098388257219,-12.508638769846579,335.5333468588162,-453.0893413908569,-70.794731182565
2026-04-10 18:29:33.209,144,33.085510698554,-241.1083590372444,150.28014353476283,-250.0961331884638,415.5566954464039,-12.888012105600346,336.8477593326509,-456.9560266290072,-72.26809723418313
2026-04-10 18:29:33.218,145,33.69021192555875,-242.29230118406858,151.8475012747583,-251.51823479369082,418.8676996491812,-12.412326082753598,339.011459884298,-459.98604675601086,-72.91399272831019
2026-04-10 18:29:33.226,146,34.129723612338346,-243.64134151770432,153.25678771930592,-253.99198716566426,421.1395837957234,-12.970803770743034,341.74203472253237,-462.4542270092436,-73.00128597954182
2026-04-10 18:29:33.235,147,33.989755904474016,-245.55926541212648,154.1065374851354,-255.1323129791147,424.7470359833191,-12.188434142070573,344.15620100361417,-465.2522013626439,-73.42169153170127
2026-04-10 18:29:33.243,148,34.14936443991066,-247.18563380117843,155.25559809568023,-256.77272666236837,427.86424307568166,-11.890665856943123,346.94485562482316,-467.6771402150037,-73.46518258321194
2026-04-10 18:29:33.251,149,34.3099001031225,-248.8143647670671,156.4119213437093,-259.4471035622766,429.93745173417705,-12.62727275464402,347.50820764165223,-472.3129038253592,-75.71895414767765
2026-04-10 18:29:33.260,150,35.10181745498963,-249.8060995744394,158.20491559625296,-261.0780559085016,433.0369364896166,-12.332392037590418,349.90968620256984,-475.10086879896954,-76.13597508572884
2026-04-10 18:29:33.268,151,34.78513516180271,-251.9011747027136,158.87871196774645,-263.08154410568085,435.7687070699955,-12.394228007137201,351.7961320717944,-478.41197260910855,-77.07210273886996
2026-04-10 18:29:33.276,152,34.66247129198823,-253.78954590214258,159.75860501389548,-264.2459190258262,439.3423703189515,-11.619438933224838,352.88213340926984,-482.5388027577894,-78.81280946035801
2026-04-10 18:29:33.284,153,35.15780931713409,-255.0419253189959,161.2725106050102,-265.30707541478625,443.00904956724384,-10.724491788044498,355.32446667743596,-485.2914905492363,-79.17966300865305
2026-04-10 18:29:33.292,154,35.63393930679264,-256.318803370961,162.7522404942399,-266.166302993422,446.85668176247276,-9.64373934318724,356.39951425327695,-489.39620526140874,-80.88901224913701
2026-04-10 18:29:33.300,155,35.6798595907123,-258.0212311639019,163.8129310607846,-268.44110301297,449.299544364123,-9.972927159547483,358.5113866705653,-492.46450756943506,-81.56170901908283
2026-04-10 18:29:33.309,156,35.71989350532926,-259.7205171835122,164.8825103363864,-269.87076382699246,452.57545998768956,-9.48657819499464,360.6725575949596,-495.4955411776131,-82.20860497242445
2026-04-10 18:29:33.318,157,36.3199255822505,-260.8756051426242,166.49497207233432,-272.0475401502391,455.1059162690359,-9.747837962675945,363.082008357481,-498.2911513521764,-82.62639005198956
2026-04-10 18:29:33.328,158,36.64135397684857,-262.3096935803408,167.8352828912613,-273.2658699354564,458.5794705092721,-9.090062470202643,364.9770904059267,-501.6191229128623,-83.56936311049576
2026-04-10 18:29:33.336,159,36.96324232741114,-263.7462526440382,169.18335930938997,-275.59710320491786,460.9372688428142,-9.573254141356593,365.7815577690414,-506.0367604708727,-85.59303937086719
2026-04-10 18:29:33.346,160,36.76133357715749,-265.7142903494759,169.99753835442777,-276.98639157710994,464.22936391994773,-9.126304119599402,367.9456795530219,-509.0843761622596,-86.23204722502106
2026-04-10 18:29:33.354,161,36.88251818593526,-267.36251697066626,171.13639153187694,-277.7179769687607,468.1722178043173,-8.028483084952727,369.026275443916,-513.2222538440145,-87.95126036543114
2026-04-10 18:29:33.361,162,36.64834156258291,-269.3646418551917,171.92698758375138,-278.91967694912137,471.6467634843949,-7.3966553775985915,370.43211735119473,-517.0405386557339,-89.35760356022848
2026-04-10 18:29:33.371,163,36.49850878957609,-271.2904589071297,172.7853596820334,-280.4868840716593,474.74911554145564,-7.12663334247719,372.5949352314523,-520.093540205157,-89.99784438985591
2026-04-10 18:29:33.378,164,36.17249333159541,-273.3841932770505,173.46360273431392,-281.88894887912545,478.02160929037495,-6.6882400987540205,374.4717058697183,-523.4285864672815,-90.90515290845916
2026-04-10 18:29:33.389,165,35.95993475201935,-275.379013421149,174.2322410357278,-284.03259115276404,480.5669988508967,-6.987373823597623,375.26927479088977,-527.8341363705941,-92.8783823787616
2026-04-10 18:29:33.396,166,35.834447873660885,-277.29747583221183,175.07613224264975,-285.62814054533703,483.6737397052271,-6.737047069256819,377.13950245531055,-531.1572334883001,-93.7787463382665
2026-04-10 18:29:33.405,167,35.734756988075105,-279.19847232302976,175.91542976467204,-286.9398309364536,487.0657743403741,-6.200371905269618,379.0076689075698,-534.4801791396277,-94.67427347222709
2026-04-10 18:29:33.413,168,36.00136148713408,-280.7304263375224,177.11104187801627,-289.0861615544161,489.620879346663,-6.504882519722334,381.20105542722445,-537.4748916988077,-95.26914587726483
2026-04-10 18:29:33.422,169,35.984435530697766,-282.5503011397204,178.0238104551919,-291.6209592132917,491.7898550676749,-7.204016846302673,383.3176877740966,-540.5456767289709,-95.95741999097346
2026-04-10 18:29:33.430,170,36.24195022389589,-284.0968389040957,179.21975852546512,-293.1223099523005,495.0059262074101,-6.847920438391077,385.4288367405055,-543.6083415074796,-96.64299561357157
2026-04-10 18:29:33.439,171,36.41507433784157,-285.73587630937243,180.34028405688574,-294.80156079904697,498.0411634034137,-6.684866483725897,387.296238684455,-546.9064210397376,-97.56074642498301
2026-04-10 18:29:33.447,172,36.21504702111191,-287.74509014431203,181.08939542517058,-296.6663692861945,500.88916419577674,-6.704916020837147,389.4793032078786,-549.8743686099943,-98.15630126549134
2026-04-10 18:29:33.456,173,36.576063641414216,-289.20554002114636,182.37978830107002,-298.1674555122807,504.10480378862366,-6.351403229822931,392.37715719692966,-552.1285976599382,-98.0498566916988
2026-04-10 18:29:33.464,174,36.482565940001784,-291.1257627319653,183.2013434125273,-299.3846740864047,507.59329951660453,-5.70441319856439,393.77449230325084,-555.8974975634485,-99.44998749914807
2026-04-10 18:29:33.471,175,36.479933892662544,-292.9432426805203,184.1190237933488,-300.12636751422866,511.53381111870397,-4.593384738874644,396.1687582766887,-558.6826136700292,-99.85868971452237
2026-04-10 18:29:33.480,176,36.91842316009146,-294.30626595002,185.49747410170076,-301.7938350677255,514.5388452645884,-4.426033064063773,399.4077897930391,-560.6200744749158,-99.42706496863703
2026-04-10 18:29:33.488,177,37.07964908313761,-295.9472444143586,186.60559511172156,-303.9297927199869,517.0716088653319,-4.726211484233887,401.5236651474397,-563.6806118235072,-100.12740440345104
2026-04-10 18:29:33.498,178,36.8018183499274,-298.04013469610805,187.24785770593368,-306.9903698662254,518.6777412405231,-5.965661294192705,404.1564252980463,-566.220477088756,-100.30235111406273
2026-04-10 18:29:33.505,179,36.34641299964148,-300.31993947708895,187.7023623083221,-307.9984802286285,522.3337964437579,-5.16987122845536,406.2645630276122,-569.273039264389,-100.9958147367396
2026-04-10 18:29:33.516,180,36.80279277106755,-301.6910346581432,189.07267554958946,-309.75673705738626,525.2261209037783,-5.123441987273378,408.9828030169196,-571.7117916473494,-101.08887955235491
2026-04-10 18:29:33.524,181,36.43974152179931,-303.8815226598246,189.62271770723225,-310.5827499295129,529.0454146348022,-4.140071864712164,411.15370876853007,-574.7085144996083,-101.75249938340009
2026-04-10 18:29:33.536,182,36.071150784921905,-306.07454781931136,190.1718706578144,-312.4269151223536,531.852020958635,-4.158866514929105,412.7525790365357,-578.2671792972432,-102.99575991498999
2026-04-10 18:29:33.544,183,36.61521016434444,-307.34383763597947,191.65466343244373,-314.37462578329655,534.5605670038507,-4.269776850700491,414.3484778276522,-581.8219466418647,-104.22305987543076
2026-04-10 18:29:33.555,184,36.32627105555065,-309.4447896071964,192.30479918423634,-315.7598414578701,537.8285302880156,-3.8164718391992434,416.7380038786843,-584.5781751951369,-104.65304738920018
2026-04-10 18:29:33.562,185,36.77739539312129,-310.8008953341485,193.70111500656097,-317.6061954076163,540.6354131870959,-3.832640569286326,418.38596925403107,-588.0781466715054,-105.83502301188578
2026-04-10 18:29:33.573,186,36.83157249432431,-312.5332126670012,194.72301792490455,-318.89805067775313,543.9811032915798,-3.305124861914169,421.3979686463267,-590.2103298747221,-105.65538437084426
2026-04-10 18:29:33.614,187,37.33417875947064,-313.81112004796347,196.19332475300033,-320.8373023678036,546.6794776981446,-3.4195908202051903,423.6159190635072,-593.1363718744167,-106.27627210032314
2026-04-10 18:29:33.620,188,37.298560315640216,-315.6297715770308,197.1354754899646,-322.20727473574357,549.9432552558808,-2.97423216503273,425.8229694653376,-596.0669698761933,-106.89015893514201
2026-04-10 18:29:33.626,189,36.819599007203365,-317.9041496628883,197.61895328981578,-324.02749333689263,552.7541184256397,-3.003293544062342,426.954843884713,-600.0808461452076,-108.59173610478507
2026-04-10 18:29:33.636,190,36.53845785346127,-319.97018068825724,198.2778479277625,-325.1950419175113,556.2048513452753,-2.4103050642203008,429.39932664801717,-602.7924022534929,-108.97597179101311
2026-04-10 18:29:33.643,191,36.41889270219251,-321.8613057467078,199.10682863466278,-326.819897327272,559.1941288066976,-2.2789623528694047,429.96234858323277,-607.385506990486,-111.22763201681683
2026-04-10 18:29:33.650,192,36.488528867558344,-323.55719475613836,200.1219707172461,-327.9846867646872,562.6417364086072,-1.6845184073438106,431.8328141633524,-610.6620064239548,-112.15820722745234
2026-04-10 18:29:33.659,193,36.39520788462275,-325.42985741623494,200.96207922945516,-329.33031498640815,565.912672289884,-1.2610458137594223,435.05659112544424,-612.5884147952346,-111.73274260145361
2026-04-10 18:29:33.667,194,36.37750537214482,-327.2279981436962,201.88074103160506,-330.4973979452641,569.3680511756054,-0.665914752051932,436.69494253269164,-616.1051429913522,-112.9010676586373
2026-04-10 18:29:33.675,195,37.08031798181363,-328.3074947033727,203.52323090339783,-331.3116247785877,573.1721867478775,0.2836908416140888,439.3732012252866,-618.5850706223819,-113.04719179375473
2026-04-10 18:29:33.682,196,36.888471102559926,-330.26750837815536,204.29070367655808,-333.68226100556694,575.4149670094546,-0.33328032057988255,440.96672197855077,-622.14243058922,-114.26926337849243
2026-04-10 18:29:33.690,197,36.75722240861092,-332.1694064075573,205.13025250753878,-335.6981621642776,578.0025407810759,-0.6062669551894637,443.1189133873749,-625.1381540466305,-114.92384701035681
2026-04-10 18:29:33.697,198,37.09332626840588,-333.59932620810554,206.43931048992226,-337.31349221811814,580.9855870864642,-0.4837187783683811,445.5607773608564,-627.8519525005457,-115.30236177288069
2026-04-10 18:29:33.705,199,36.9794463872048,-335.4827540914019,207.2949364076479,-338.7052097901782,584.1863042552906,-0.13832136233333378,447.90236648951543,-630.6573631611217,-115.78021471041568
2026-04-10 18:29:33.712,200,37.59086454391458,-336.64548975306826,208.87863469840494,-339.9735583615446,587.5170422197417,0.34928902455096145,450.56449255968926,-633.1342866531184,-115.91876430840921
2026-04-10 18:29:33.720,201,37.66493105201076,-338.36392048678243,209.90083315283653,-340.95589745854716,591.1308583706829,1.1128127171461506,452.9848042389036,-635.8536590824798,-116.28214251273786
2026-04-10 18:29:33.728,202,37.10017314811225,-340.72583452937306,210.27676401418194,-341.94211622992947,594.7517281577459,1.8794592082120403,454.36777121544526,-639.6017118796681,-117.66530989945896
2026-04-10 18:29:33.735,203,37.17193037057915,-342.4606232828608,211.28899676980322,-343.63446595998755,597.665365132037,1.9444539243764951,457.52594571625053,-641.5802931393584,-117.2706554183079
2026-04-10 18:29:33.743,204,37.347002460123356,-344.0925068659447,212.39892771803824,-345.25334321106726,600.6432608951811,2.083825973756476,460.40681626340154,-643.8374925599556,-117.14317241120224
2026-04-10 18:29:33.751,205,37.43405073792785,-345.81620237127464,213.40080509847385,-345.88558200664426,604.5920382672178,3.1867314271250806,463.83825609942454,-645.5448565115922,-116.46404787098334
2026-04-10 18:29:33.762,206,37.79414295436724,-347.26540596441913,214.68129620912134,-347.39097845208624,607.6673868516955,3.425952192731772,466.48084676525923,-648.0374816813815,-116.5719489093722
2026-04-10 18:29:33.770,207,37.61593236815574,-349.2658637846781,215.4048549770801,-348.55044546980616,611.0901835433357,4.016820221483222,468.33338340813776,-651.3184184285379,-117.47049197020652
2026-04-10 18:29:33.779,208,37.53588045346115,-351.18163373888075,216.19842368711295,-349.24276229938914,614.9715947984678,5.057226149732523,469.43277073159743,-655.3527363090341,-119.11982276547579
2026-04-10 18:29:33.786,209,37.649670470612406,-352.9162072972669,217.1691356880305,-350.67450264093355,618.1075500723351,5.348055491856081,470.49247785421795,-659.4210369460985,-120.80475502510858
2026-04-10 18:29:33.795,210,37.846620662312496,-354.5645668098765,218.22389075233286,-351.30761842685297,622.0625141329216,6.460623187235019,472.62220601953794,-662.4281833173234,-121.43041376230515
2026-04-10 18:29:33.802,211,38.69227822520606,-355.5622472565788,219.935325802985,-353.04018732090316,624.9327978273265,6.489557599455432,475.26949815650715,-664.9247638511387,-121.54371554169097
2026-04-10 18:29:33.814,212,38.70200939301585,-357.39763654371825,220.81755405192246,-355.87601821671296,626.7044124445459,5.42496495441354,477.67671133641596,-667.6665174497984,-121.89154914038056
2026-04-10 18:29:33.823,213,38.89914113866956,-359.05045050907,221.88051606009756,-357.0466910815737,630.1443761724775,6.02886534990673,480.07980359465904,-670.4110172970428,-122.23567827035957
2026-04-10 18:29:33.832,214,39.023688382864094,-360.78320505776463,222.870367094037,-358.5031498546863,633.3038911896344,6.352188728296445,482.20983995503406,-673.4250408726176,-122.8564340377551
2026-04-10 18:29:33.844,215,39.046989314999315,-362.61072048214936,223.76039350659235,-359.3221787089724,637.10373956729,7.3171218285605,484.61406555890113,-676.1719316365411,-123.20336192771241
2026-04-10 18:29:33.854,216,38.97472558733108,-364.5411734875457,224.5416910862497,-361.52911488306233,639.5213230759048,6.901340459656764,486.2236127471048,-679.7129951316614,-124.32635571628401
2026-04-10 18:29:33.866,217,38.98975684982456,-366.38419845669017,225.41211318630943,-363.4563211967305,642.2246312741585,6.771237851728608,488.6165080296845,-682.4642618130886,-124.65866088679039
2026-04-10 18:29:33.875,218,38.934555486614364,-368.2957756396689,226.21128970025714,-364.35953205224877,645.9617499885269,7.674455724729572,490.49446581708554,-685.7298424168487,-125.50624015321142
2026-04-10 18:29:33.884,219,39.04418968671363,-370.0288380591933,227.1812842399409,-365.72044291699285,649.2358385251498,8.108123726978958,492.3413252075185,-689.0289920065812,-126.3854225635982
2026-04-10 18:29:33.893,220,38.61782894856021,-372.31124508301315,227.60927239819566,-366.8978185898944,652.7012371099808,8.71679642287907,494.1858499632514,-692.3309346491955,-127.25698930009877
2026-04-10 18:29:33.902,221,38.63427588950125,-374.15438690539696,228.47264828288377,-368.3616278102345,655.8814831589963,9.034962072886337,495.78460715294034,-695.882120104162,-128.36839240333802
2026-04-10 18:29:33.910,222,38.19949547850465,-376.43076593185947,228.9066529525623,-370.00539907090695,658.8843635379566,9.178861368155717,497.0802885728736,-699.7237489065352,-129.76122325547547
2026-04-10 18:29:33.920,223,38.205459942596605,-378.2574981988267,229.79877604929732,-370.72520240089733,662.8161054425212,10.257921665502899,498.6671627553272,-703.2746445677355,-130.85785604568372
2026-04-10 18:29:33.927,224,38.20904687324675,-380.07854053248406,230.7038698186482,-371.45362321578796,666.7411233599877,11.349288796212797,501.0127416640898,-706.0626957125199,-131.1967032883537
2026-04-10 18:29:33.937,225,38.48411220033341,-381.631919146111,231.8880766893757,-373.57949724671323,669.2661109546614,11.050601517460578,502.59682362163454,-709.6077940905983,-132.2892760464692
2026-04-10 18:29:33.945,226,38.115868568482334,-383.82997637132314,232.43834553917793,-374.22680657295456,673.2656941081075,12.225750593867136,503.66613250166006,-713.657609893167,-133.89280337404836
2026-04-10 18:29:33.954,227,38.11186849745383,-385.6587986536308,233.35611205066516,-375.23447995939534,676.8944756749285,13.030553543105311,506.51038363220516,-715.9270765287384,-133.7120949300209
2026-04-10 18:29:33.962,228,37.7386102768583,-387.8513720224438,233.91676494381244,-377.1677669381761,679.6001189212662,12.901605086147026,507.8244713100879,-719.7310640767578,-135.0723722442775
2026-04-10 18:29:33.972,229,37.82615607352345,-389.57385708929223,234.94359548636294,-378.9925133070037,682.4150435778774,12.87125518522459,509.1388945833903,-723.5421780157071,-136.4331463777326
2026-04-10 18:29:33.980,230,37.72748872109884,-391.4873950850916,235.77776319249705,-380.18207064568446,685.8733275396784,13.49540591980796,511.5010050148113,-726.3099451645096,-136.74279231747377
2026-04-10 18:29:33.988,231,37.90884473052901,-393.1329714701459,236.87645055928584,-381.6541174615408,689.0495988926274,13.83259130050019,513.340377698424,-729.593247261823,-137.55469910474727
2026-04-10 18:29:33.997,232,37.91664826428415,-394.961220593437,237.7815176825708,-382.94924050655624,692.4100377221455,14.36137176292867,515.9275096875589,-732.1195933111436,-137.6041156963017
2026-04-10 18:29:34.004,233,37.6549875947325,-397.0519250766968,238.41228763664242,-384.6061552638398,695.4067441212754,14.521340498590407,517.728358462174,-735.4394817563052,-138.446776837157
2026-04-10 18:29:34.013,234,38.027854396944484,-398.5103062630139,239.66451780697201,-385.15376284352317,699.5216800220442,15.800925201497884,519.5494604639792,-738.7407545508779,-139.27840489193693
2026-04-10 18:29:34.020,235,37.67525768394237,-400.68296075555145,240.19530522422775,-386.81775402706035,702.5196051977003,15.967459776777275,521.661812795429,-741.7514606273589,-139.83166063289661
2026-04-10 18:29:34.033,236,37.78425772808912,-402.3926702487574,241.17667719373068,-387.82939721192747,706.1688531036444,16.77504035778898,523.7852244337148,-744.7573874913219,-140.39377959892423
2026-04-10 18:29:34.039,237,37.804828454008394,-404.1931821454031,242.0590532733764,-389.58839021079456,709.0702634937952,16.822749843764885,526.6652943499092,-747.013109240336,-140.1932919720079
2026-04-10 18:29:34.049,238,37.811335859246824,-405.99397398392114,242.93338428500292,-390.41016494602485,712.8927339562247,17.787693683578233,528.8031720594055,-750.0146943635432,-140.7266881057913
2026-04-10 18:29:34.058,239,38.10119960035123,-407.5209156064276,244.07241943309006,-391.59749239107833,716.3519426127007,18.404033680211953,530.1214455758744,-753.8360126081019,-142.0887850958662
2026-04-10 18:29:34.070,240,38.4861673375914,-408.95030108050656,245.3088039247249,-392.61139299754876,719.9977151952263,19.22258077708794,532.7457054053402,-756.3552254297266,-142.16691958848517
2026-04-10 18:29:34.078,241,38.956241575557264,-410.2953683343484,246.63146408557662,-393.9905999878355,723.274068546002,19.66966150617218,535.0747492171478,-759.1719230116735,-142.54531478139933
2026-04-10 18:29:34.089,242,39.233621718067525,-411.832370393078,247.76179416266493,-394.9969434555015,726.9123174066764,20.467852336804285,536.8930588271487,-762.5108599783202,-143.4416900985314
2026-04-10 18:29:34.096,243,39.24997572192257,-413.6269512850558,248.64509710711002,-396.2837615298334,730.2655913239304,20.977172069348857,538.7440223502057,-765.8245918829923,-144.31699071775603
2026-04-10 18:29:34.103,244,39.88993980611959,-414.8015330213584,250.1463276015219,-397.65381182483657,733.5394754508793,21.42174107234819,540.623382680485,-769.1077872677579,-145.1646559398368
2026-04-10 18:29:34.113,245,39.82119462358757,-416.68846561083006,250.940916671694,-398.94310836644274,736.8889558160882,21.94288944091148,541.4390122511645,-773.4524745852078,-147.06423596936412
2026-04-10 18:29:34.122,246,39.74381882431362,-418.5915141108079,251.7318355469583,-400.7761358708864,739.6966128368487,21.920541483477148,543.2805448731837,-776.7639758826633,-147.92304664646196
2026-04-10 18:29:34.131,247,40.11333413189938,-420.04081577517513,252.9839915351992,-402.6064683621008,742.5028450809298,21.896025511397077,544.3368031671152,-780.8610400000689,-149.56746015841802
2026-04-10 18:29:34.138,248,40.479589989639365,-421.48616989756596,254.23983041709135,-403.7837103203806,745.9525477100917,22.507979804373676,546.4434595647592,-783.9053478612533,-150.15142058694983
2026-04-10 18:29:34.181,249,40.848033163943924,-422.9282923839349,255.49826748517842,-404.96497814460946,749.3989296798794,23.118488356738442,548.0380899162164,-787.4705367763163,-151.25354974081213
2026-04-10 18:29:34.188,250,41.29653553064568,-424.27737959749015,256.8502926155795,-406.1459708474168,752.8453431149485,23.733495074337142,550.1311088104642,-790.5452894108087,-151.8732094152357
2026-04-10 18:29:34.195,251,41.92416524185744,-425.4460560747861,258.3851903227093,-407.2276084100849,756.3886600226014,24.45339050935966,552.526542547312,-793.3196315619151,-152.20100499434034
2026-04-10 18:29:34.203,252,41.82664325085368,-427.33247284705976,259.20774291211285,-408.87579243214515,759.3667084631276,24.610375532039885,554.4085626079543,-796.6167327916996,-153.0475485357639
2026-04-10 18:29:34.211,253,41.46214419405905,-429.49705683386134,259.752858731582,-410.80857413906585,762.0643545410196,24.491914571498526,555.990458424661,-800.2174223591657,-154.1881582796582
2026-04-10 18:29:34.218,254,41.1129938066415,-431.6536491072479,260.28801997040205,-413.3927537561457,764.1150031641638,23.733015057327727,557.8673408073353,-803.5166282998792,-155.02608667294166
2026-04-10 18:29:34.226,255,41.20913932149101,-433.3632789857545,261.2681068688881,-415.33007324033906,766.8063897936598,23.622036663320518,559.7362330368741,-806.8147921348724,-155.8612657329937
2026-04-10 18:29:34.233,256,41.132114289866834,-435.2495959243366,262.06985045949006,-416.4184218318413,770.3370828368868,24.348502726994997,562.1022984785815,-809.6173813826233,-156.21352679813313
2026-04-10 18:29:34.241,257,41.76775079224577,-436.4224040483822,263.5758311340278,-417.4273607440716,773.9544573036846,25.15912476603135,564.2502465508534,-812.6377596142852,-156.78415699991552
2026-04-10 18:29:34.248,258,41.78680188101352,-438.2142511550626,264.4677833270119,-419.18318513877057,776.8320716239119,25.232477508202216,566.6365029681645,-815.4170851311524,-157.10697561435666
2026-04-10 18:29:34.255,259,42.51088102995799,-439.29754493467965,266.07121222654945,-420.01215037729753,780.6403638696057,26.23291138321493,569.5650890610029,-817.6488141316357,-156.88540066280024
2026-04-10 18:29:34.262,260,42.6987169433746,-440.90652450497845,267.1392859241735,-421.0265742100741,784.2736168710532,27.051800230668537,571.7317330233599,-820.644966133136,-157.4269480839229
2026-04-10 18:29:34.269,261,42.88071737532579,-442.5168594719957,268.201900034314,-422.22519063097775,787.7305485705982,27.684094040555234,573.8525112619683,-823.6872639947093,-158.02644021249978
2026-04-10 18:29:34.277,262,42.62154124827354,-444.5742698707646,268.8187457607999,-422.7719735190677,791.8408752341112,28.96235585341119,574.9137262769367,-827.7935702861826,-159.69089424404066
2026-04-10 18:29:34.284,263,42.72312161017728,-446.28053910175225,269.78513941913025,-424.2560350924625,795.0268064145718,29.3116595511412,576.7670638255923,-831.108164788397,-160.5687745354225
2026-04-10 18:29:34.295,264,42.56116995366012,-448.2591573022346,270.4816617594765,-425.74896269347505,798.218205493253,29.672156737044826,578.4072345924794,-834.6379153107089,-161.66417079025982
2026-04-10 18:29:34.304,265,42.567694661953404,-450.0633143808676,271.3556862740784,-426.30638940083065,802.3431578134233,30.972117700120634,580.5433329937013,-837.680028543606,-162.2795887134997
2026-04-10 18:29:34.313,266,42.49177751010093,-451.9584626719333,272.13740996297724,-428.2617420477926,805.0586812542673,30.86670990129876,581.9147701301314,-841.4836212672708,-163.65203489695608
2026-04-10 18:29:34.319,267,42.419976213191,-453.86075074700904,272.9167760955641,-429.9334999166348,808.0536100450361,31.039180331732187,582.9805905791014,-845.5877740540483,-165.3303781650679
2026-04-10 18:29:34.327,268,42.266642486037995,-455.8437547260853,273.6069032632803,-430.58183760573087,812.0596642646851,32.22168053744875,584.8373465773988,-848.9058031227834,-166.21730919465153
2026-04-10 18:29:34.333,269,42.46071333615892,-457.4719777336113,274.6530865914022,-431.95847157984605,815.327699366313,32.664580357770056,586.175418522243,-852.7364520786936,-167.61555350999066
2026-04-10 18:29:34.340,270,42.56719814177309,-459.18445732393894,275.615011997615,-432.32635097688825,819.6138523853288,34.13524583202563,588.05667370276,-856.0173345228685,-168.4661796896839
2026-04-10 18:29:34.347,271,42.30783193423624,-461.26253247759286,276.22175556052855,-432.87875308315074,823.7258364118775,35.425858400603225,590.728700300303,-858.5125617875225,-168.525915460372
2026-04-10 18:29:34.354,272,41.87152666625097,-463.51047328784097,276.66147649802804,-434.2645166115087,827.0110160329679,35.88015211485371,592.0667071166314,-862.3500459860102,-169.9225931781875
2026-04-10 18:29:34.362,273,41.87743627465247,-465.3145017582437,277.5414234862205,-435.46939446407043,830.4826185350116,36.520182301677764,594.1655574948442,-865.4257766000447,-170.5573068408143
2026-04-10 18:29:34.369,274,41.706071703398926,-467.2926564810818,278.250976574323,-436.96374132043593,833.676649745747,36.88227453606287,594.9841183601909,-869.7800662036851,-172.46870473959385
2026-04-10 18:29:34.378,275,41.61835402397266,-469.18173722773685,279.0548263071722,-437.98932570096895,837.3460536687838,37.71302372295344,596.045004938585,-873.8776521873825,-174.13073541788847
2026-04-10 18:29:34.385,276,41.88865857029036,-470.7123447513087,280.22407591702944,-439.017560735601,841.0177489958112,38.543155254998766,597.4065234225837,-877.6722101635339,-175.4911109452365
2026-04-10 18:29:34.393,277,42.51830881702477,-471.8816870036058,281.75461226037345,-441.2666497062228,843.4634711129845,38.148436095103456,599.2743541850676,-880.9541483502684,-176.33053621882524
2026-04-10 18:29:34.400,278,42.25411941772218,-473.94982954372006,282.38180513583285,-442.0081408484116,847.4131217380781,39.26076676557225,601.383905191964,-883.9984458616697,-176.9179729601422
2026-04-10 18:29:34.409,279,41.99266030953278,-476.018439764845,283.0043048673531,-443.5946127309312,850.5191892938649,39.53533840633851,603.7183039237127,-886.826541745056,-177.28522049351184
2026-04-10 18:29:34.415,280,42.63079060522273,-477.19582624984434,284.5244259931602,-444.53058436250734,854.2759065709382,40.474555666212,605.5875557935133,-890.1276981059855,-178.12168694708333
2026-04-10 18:29:34.423,281,42.81839877110742,-478.8249555859621,285.59027540108093,-445.5621459702833,857.9408043976555,41.316026593791534,607.4094220986188,-893.475229994533,-179.00845604144442
2026-04-10 18:29:34.430,282,42.64433591296931,-480.8100533607472,286.3040136558613,-446.587451596965,861.6004254101468,42.14371350867431,609.0150131225193,-897.0451025832066,-180.12267930702515
2026-04-10 18:29:34.439,283,42.653520497395675,-482.60878377927247,287.19552062582494,-447.7021960845408,865.170458793536,42.886481095470906,612.1749590595857,-899.0622203829423,-179.6868815362942
2026-04-10 18:29:34.448,284,42.6538477723546,-484.4037735182005,288.0923524782083,-448.2643265479877,869.2990788175838,44.20043941787664,613.7529454180907,-902.6587944385606,-180.82285803991417
2026-04-10 18:29:34.456,285,43.643615046352984,-485.21364378333055,289.9781242082997,-449.2999481007149,872.9577806179535,45.05264344886065,616.1440292273052,-905.4401791996394,-181.1448411699225
2026-04-10 18:29:34.463,286,43.46545555541933,-487.19170214388555,290.69708031194546,-450.1454259115152,876.8018668745127,46.09025698340909,618.0487560793671,-908.710742922849,-181.9597636237926
2026-04-10 18:29:34.471,287,43.1096196224978,-489.3471479310839,291.2348877728136,-451.17945254443407,880.4595812186865,46.93769421028303,620.9557908484782,-910.9778295838607,-181.76264042125325
2026-04-10 18:29:34.479,288,43.205041234989686,-491.0551011683795,292.2135740564028,-452.210965601612,884.118554196314,47.78072913927258,623.1171866375889,-913.9879478679494,-182.30301045798922
2026-04-10 18:29:34.486,289,42.94680691277748,-493.1201218385242,292.8340560953586,-452.77006963931404,888.2421466519845,49.084731482875966,625.7513781720678,-916.5285635091896,-182.37279222932716
2026-04-10 18:29:34.497,290,43.13261328488097,-494.74116472024,293.8997697895207,-454.1646641524406,891.5189348912506,49.545966365075756,627.349244020626,-920.1086883129185,-183.47624228810642
2026-04-10 18:29:34.508,291,43.49933896783862,-496.1856353153016,295.14346297219635,-455.18803963456634,895.1648296790298,50.37501063837798,628.4332850313957,-924.20658187806,-185.1013131214295
2026-04-10 18:29:34.518,292,43.778205929181425,-497.7184973370918,296.30456803350455,-456.774246938272,898.2505283837143,50.6534434227483,630.2796394148015,-927.5357577519846,-185.95837624358043
2026-04-10 18:29:34.525,293,43.87302043680451,-499.42783642173003,297.28849872838816,-457.42905097429036,902.2750945751548,51.87273457413056,631.6312137183702,-931.3622655844578,-187.31102957105173
2026-04-10 18:29:34.534,294,44.0555573720307,-501.0480629046184,298.3588720220795,-459.30334326492465,905.0826001719582,51.87251602967957,633.4762729120763,-934.6965996205679,-188.1639896347229
2026-04-10 18:29:34.541,295,43.96841633360867,-502.93944549163143,299.16344334975133,-460.41741686937655,908.6359084518436,52.61575366195421,635.6080404072607,-937.7411906333507,-188.7222680666167
2026-04-10 18:29:34.552,296,43.968219981559606,-504.7378278911295,300.0641116575402,-461.25580442177505,912.4622157172628,53.63556679740445,637.699514289299,-940.825408890051,-189.3248449850177
2026-04-10 18:29:34.560,297,43.51690091138116,-506.9902719163835,300.51395971248246,-462.4632682506207,915.9152856627552,54.28189627148193,639.2958346257133,-944.407547904472,-190.42559982199006
2026-04-10 18:29:34.570,298,43.60717742789593,-508.7038353967206,301.5073323042445,-463.673000779619,919.3605342100038,54.93121865198912,641.1586556264255,-947.7233611607779,-191.25287040523352
2026-04-10 18:29:34.577,299,43.51973148458175,-510.6008973644147,302.3178083314688,-465.1664529963818,922.5289235831093,55.30600840410135,644.3394649651248,-949.714907073891,-190.75467131058025
2026-04-10 18:29:34.588,300,43.164334658425346,-512.7650942979216,302.85714021912503,-465.92038608318296,926.4400885638418,56.43506869883628,645.3919690894611,-953.8331409402396,-192.37790145965894
