timestamp,episode,carol_openness,carol_conscientiousness,carol_extraversion,carol_agreeableness,carol_neuroticism
2026-04-26 18:45:33.246,1,0.1999,-0.1980,0.1985,-0.3959,-0.0025
2026-04-26 18:45:33.315,2,0.2005,-0.1960,0.1969,-0.3925,-0.0051
2026-04-26 18:45:33.361,3,0.2004,-0.1940,0.1954,-0.3884,-0.0076
2026-04-26 18:45:33.395,4,0.2009,-0.1921,0.1938,-0.3850,-0.0102
2026-04-26 18:45:33.427,5,0.2014,-0.1901,0.1922,-0.3816,-0.0127
2026-04-26 18:45:33.457,6,0.2020,-0.1881,0.1906,-0.3783,-0.0153
2026-04-26 18:45:33.486,7,0.2029,-0.1862,0.1889,-0.3753,-0.0180
2026-04-26 18:45:33.517,8,0.2040,-0.1843,0.1872,-0.3725,-0.0206
2026-04-26 18:45:33.550,9,0.2046,-0.1824,0.1856,-0.3693,-0.0232
2026-04-26 18:45:33.583,10,0.2053,-0.1804,0.1840,-0.3661,-0.0258
2026-04-26 18:45:33.606,11,0.2058,-0.1785,0.1825,-0.3629,-0.0283
2026-04-26 18:45:33.634,12,0.2066,-0.1766,0.1808,-0.3599,-0.0308
2026-04-26 18:45:33.659,13,0.2075,-0.1748,0.1792,-0.3570,-0.0334
2026-04-26 18:45:33.683,14,0.2083,-0.1729,0.1776,-0.3541,-0.0360
2026-04-26 18:45:33.706,15,0.2091,-0.1710,0.1760,-0.3512,-0.0385
2026-04-26 18:45:33.764,16,0.2101,-0.1692,0.1744,-0.3484,-0.0411
2026-04-26 18:45:33.792,17,0.2110,-0.1673,0.1728,-0.3456,-0.0436
2026-04-26 18:45:33.814,18,0.2119,-0.1655,0.1712,-0.3428,-0.0461
2026-04-26 18:45:33.843,19,0.2128,-0.1637,0.1695,-0.3402,-0.0486
2026-04-26 18:45:33.874,20,0.2137,-0.1618,0.1680,-0.3373,-0.0511
2026-04-26 18:45:33.899,21,0.2142,-0.1600,0.1665,-0.3343,-0.0535
2026-04-26 18:45:33.925,22,0.2149,-0.1582,0.1649,-0.3314,-0.0559
2026-04-26 18:45:33.946,23,0.2155,-0.1564,0.1635,-0.3284,-0.0583
2026-04-26 18:45:33.975,24,0.2161,-0.1547,0.1620,-0.3254,-0.0607
2026-04-26 18:45:33.996,25,0.2166,-0.1529,0.1605,-0.3224,-0.0630
2026-04-26 18:45:34.017,26,0.2171,-0.1511,0.1591,-0.3193,-0.0654
2026-04-26 18:45:34.036,27,0.2174,-0.1494,0.1577,-0.3162,-0.0676
2026-04-26 18:45:34.056,28,0.2178,-0.1476,0.1563,-0.3130,-0.0699
2026-04-26 18:45:34.079,29,0.2180,-0.1459,0.1549,-0.3097,-0.0721
2026-04-26 18:45:34.100,30,0.2181,-0.1442,0.1536,-0.3064,-0.0743
2026-04-26 18:45:34.119,31,0.2182,-0.1424,0.1523,-0.3031,-0.0765
2026-04-26 18:45:34.147,32,0.2183,-0.1407,0.1510,-0.2998,-0.0787
2026-04-26 18:45:34.162,33,0.2184,-0.1390,0.1497,-0.2965,-0.0808
2026-04-26 18:45:34.177,34,0.2185,-0.1373,0.1484,-0.2932,-0.0830
2026-04-26 18:45:34.193,35,0.2186,-0.1356,0.1471,-0.2899,-0.0851
2026-04-26 18:45:34.209,36,0.2187,-0.1340,0.1458,-0.2866,-0.0872
2026-04-26 18:45:34.225,37,0.2188,-0.1323,0.1445,-0.2833,-0.0893
2026-04-26 18:45:34.242,38,0.2189,-0.1306,0.1432,-0.2802,-0.0914
2026-04-26 18:45:34.257,39,0.2190,-0.1290,0.1420,-0.2770,-0.0935
2026-04-26 18:45:34.272,40,0.2191,-0.1273,0.1407,-0.2737,-0.0956
2026-04-26 18:45:34.287,41,0.2192,-0.1257,0.1395,-0.2706,-0.0977
2026-04-26 18:45:34.304,42,0.2194,-0.1241,0.1382,-0.2675,-0.0998
2026-04-26 18:45:34.320,43,0.2194,-0.1224,0.1370,-0.2643,-0.1018
2026-04-26 18:45:34.339,44,0.2195,-0.1208,0.1357,-0.2612,-0.1038
2026-04-26 18:45:34.353,45,0.2196,-0.1192,0.1345,-0.2581,-0.1059
2026-04-26 18:45:34.369,46,0.2196,-0.1176,0.1333,-0.2549,-0.1079
2026-04-26 18:45:34.383,47,0.2196,-0.1160,0.1321,-0.2517,-0.1098
2026-04-26 18:45:34.396,48,0.2195,-0.1145,0.1310,-0.2484,-0.1118
2026-04-26 18:45:34.409,49,0.2193,-0.1129,0.1298,-0.2451,-0.1137
2026-04-26 18:45:34.423,50,0.2192,-0.1113,0.1287,-0.2418,-0.1156
2026-04-26 18:45:34.436,51,0.2190,-0.1098,0.1276,-0.2385,-0.1175
2026-04-26 18:45:34.451,52,0.2188,-0.1082,0.1265,-0.2353,-0.1194
2026-04-26 18:45:34.470,53,0.2186,-0.1067,0.1254,-0.2320,-0.1213
2026-04-26 18:45:34.483,54,0.2184,-0.1051,0.1243,-0.2287,-0.1232
2026-04-26 18:45:34.498,55,0.2182,-0.1036,0.1232,-0.2254,-0.1250
2026-04-26 18:45:34.511,56,0.2180,-0.1021,0.1221,-0.2222,-0.1269
2026-04-26 18:45:34.527,57,0.2178,-0.1006,0.1210,-0.2190,-0.1287
2026-04-26 18:45:34.542,58,0.2176,-0.0991,0.1199,-0.2158,-0.1305
2026-04-26 18:45:34.554,59,0.2174,-0.0976,0.1189,-0.2125,-0.1323
2026-04-26 18:45:34.569,60,0.2172,-0.0961,0.1178,-0.2094,-0.1342
2026-04-26 18:45:34.581,61,0.2170,-0.0946,0.1167,-0.2063,-0.1360
2026-04-26 18:45:34.597,62,0.2168,-0.0932,0.1157,-0.2031,-0.1378
2026-04-26 18:45:34.614,63,0.2166,-0.0917,0.1146,-0.2000,-0.1395
2026-04-26 18:45:34.630,64,0.2164,-0.0902,0.1136,-0.1968,-0.1413
2026-04-26 18:45:34.648,65,0.2162,-0.0888,0.1125,-0.1937,-0.1431
2026-04-26 18:45:34.666,66,0.2160,-0.0873,0.1115,-0.1907,-0.1448
2026-04-26 18:45:34.684,67,0.2158,-0.0859,0.1105,-0.1876,-0.1466
2026-04-26 18:45:34.701,68,0.2157,-0.0845,0.1094,-0.1846,-0.1483
2026-04-26 18:45:34.715,69,0.2155,-0.0830,0.1084,-0.1816,-0.1501
2026-04-26 18:45:34.733,70,0.2153,-0.0816,0.1074,-0.1786,-0.1518
2026-04-26 18:45:34.745,71,0.2152,-0.0802,0.1064,-0.1756,-0.1535
2026-04-26 18:45:34.759,72,0.2150,-0.0788,0.1054,-0.1727,-0.1552
2026-04-26 18:45:34.774,73,0.2149,-0.0774,0.1044,-0.1697,-0.1569
2026-04-26 18:45:34.788,74,0.2147,-0.0760,0.1033,-0.1668,-0.1586
2026-04-26 18:45:34.802,75,0.2147,-0.0747,0.1023,-0.1640,-0.1603
2026-04-26 18:45:34.814,76,0.2145,-0.0733,0.1013,-0.1611,-0.1620
2026-04-26 18:45:34.828,77,0.2144,-0.0719,0.1003,-0.1582,-0.1637
2026-04-26 18:45:34.842,78,0.2143,-0.0706,0.0993,-0.1554,-0.1654
2026-04-26 18:45:34.856,79,0.2142,-0.0692,0.0984,-0.1526,-0.1670
2026-04-26 18:45:34.873,80,0.2140,-0.0679,0.0974,-0.1497,-0.1687
2026-04-26 18:45:34.889,81,0.2138,-0.0665,0.0964,-0.1469,-0.1703
2026-04-26 18:45:34.906,82,0.2137,-0.0652,0.0955,-0.1440,-0.1719
2026-04-26 18:45:34.923,83,0.2135,-0.0639,0.0945,-0.1412,-0.1735
2026-04-26 18:45:34.938,84,0.2132,-0.0625,0.0936,-0.1383,-0.1751
2026-04-26 18:45:34.964,85,0.2130,-0.0612,0.0927,-0.1354,-0.1767
2026-04-26 18:45:35.012,86,0.2127,-0.0599,0.0918,-0.1325,-0.1783
2026-04-26 18:45:35.026,87,0.2124,-0.0586,0.0909,-0.1296,-0.1798
2026-04-26 18:45:35.041,88,0.2121,-0.0573,0.0900,-0.1267,-0.1814
2026-04-26 18:45:35.055,89,0.2118,-0.0560,0.0891,-0.1239,-0.1829
2026-04-26 18:45:35.072,90,0.2115,-0.0548,0.0882,-0.1210,-0.1844
2026-04-26 18:45:35.087,91,0.2112,-0.0535,0.0873,-0.1182,-0.1859
2026-04-26 18:45:35.103,92,0.2109,-0.0522,0.0864,-0.1154,-0.1874
2026-04-26 18:45:35.119,93,0.2106,-0.0510,0.0856,-0.1125,-0.1890
2026-04-26 18:45:35.134,94,0.2104,-0.0497,0.0847,-0.1098,-0.1905
2026-04-26 18:45:35.151,95,0.2101,-0.0485,0.0838,-0.1071,-0.1920
2026-04-26 18:45:35.164,96,0.2099,-0.0472,0.0829,-0.1044,-0.1935
2026-04-26 18:45:35.175,97,0.2097,-0.0460,0.0821,-0.1016,-0.1949
2026-04-26 18:45:35.188,98,0.2094,-0.0447,0.0812,-0.0989,-0.1964
2026-04-26 18:45:35.202,99,0.2092,-0.0435,0.0803,-0.0962,-0.1979
2026-04-26 18:45:35.223,100,0.2090,-0.0423,0.0795,-0.0936,-0.1994
2026-04-26 18:45:35.240,101,0.2087,-0.0411,0.0786,-0.0909,-0.2008
2026-04-26 18:45:35.257,102,0.2085,-0.0399,0.0778,-0.0882,-0.2023
2026-04-26 18:45:35.276,103,0.2082,-0.0387,0.0770,-0.0856,-0.2037
2026-04-26 18:45:35.287,104,0.2079,-0.0375,0.0761,-0.0829,-0.2051
2026-04-26 18:45:35.301,105,0.2076,-0.0363,0.0753,-0.0802,-0.2065
2026-04-26 18:45:35.314,106,0.2073,-0.0351,0.0745,-0.0775,-0.2079
2026-04-26 18:45:35.325,107,0.2069,-0.0340,0.0737,-0.0748,-0.2093
2026-04-26 18:45:35.336,108,0.2066,-0.0328,0.0729,-0.0721,-0.2107
2026-04-26 18:45:35.346,109,0.2062,-0.0316,0.0722,-0.0695,-0.2120
2026-04-26 18:45:35.360,110,0.2059,-0.0305,0.0714,-0.0668,-0.2134
2026-04-26 18:45:35.377,111,0.2056,-0.0293,0.0706,-0.0642,-0.2148
2026-04-26 18:45:35.391,112,0.2052,-0.0282,0.0698,-0.0615,-0.2161
2026-04-26 18:45:35.409,113,0.2048,-0.0270,0.0691,-0.0589,-0.2174
2026-04-26 18:45:35.421,114,0.2044,-0.0259,0.0683,-0.0562,-0.2188
2026-04-26 18:45:35.437,115,0.2041,-0.0248,0.0676,-0.0536,-0.2201
2026-04-26 18:45:35.453,116,0.2037,-0.0236,0.0668,-0.0509,-0.2214
2026-04-26 18:45:35.468,117,0.2033,-0.0225,0.0661,-0.0483,-0.2227
2026-04-26 18:45:35.483,118,0.2029,-0.0214,0.0653,-0.0457,-0.2240
2026-04-26 18:45:35.495,119,0.2025,-0.0203,0.0646,-0.0431,-0.2253
2026-04-26 18:45:35.513,120,0.2021,-0.0192,0.0639,-0.0405,-0.2265
2026-04-26 18:45:35.525,121,0.2018,-0.0181,0.0631,-0.0380,-0.2278
2026-04-26 18:45:35.534,122,0.2014,-0.0170,0.0624,-0.0354,-0.2291
2026-04-26 18:45:35.546,123,0.2011,-0.0159,0.0617,-0.0329,-0.2304
2026-04-26 18:45:35.557,124,0.2008,-0.0148,0.0609,-0.0304,-0.2316
2026-04-26 18:45:35.568,125,0.2004,-0.0138,0.0602,-0.0280,-0.2329
2026-04-26 18:45:35.579,126,0.2001,-0.0127,0.0595,-0.0255,-0.2342
2026-04-26 18:45:35.587,127,0.1998,-0.0116,0.0588,-0.0231,-0.2354
2026-04-26 18:45:35.597,128,0.1995,-0.0106,0.0581,-0.0206,-0.2366
2026-04-26 18:45:35.606,129,0.1992,-0.0095,0.0574,-0.0182,-0.2379
2026-04-26 18:45:35.616,130,0.1988,-0.0085,0.0567,-0.0158,-0.2391
2026-04-26 18:45:35.627,131,0.1985,-0.0074,0.0559,-0.0134,-0.2403
2026-04-26 18:45:35.634,132,0.1982,-0.0064,0.0552,-0.0110,-0.2416
2026-04-26 18:45:35.644,133,0.1980,-0.0054,0.0545,-0.0087,-0.2428
2026-04-26 18:45:35.652,134,0.1977,-0.0043,0.0538,-0.0064,-0.2440
2026-04-26 18:45:35.662,135,0.1975,-0.0033,0.0531,-0.0041,-0.2452
2026-04-26 18:45:35.672,136,0.1972,-0.0023,0.0524,-0.0018,-0.2464
2026-04-26 18:45:35.679,137,0.1970,-0.0013,0.0517,0.0004,-0.2476
2026-04-26 18:45:35.726,138,0.1967,-0.0003,0.0510,0.0027,-0.2488
2026-04-26 18:45:35.736,139,0.1965,0.0007,0.0503,0.0049,-0.2500
2026-04-26 18:45:35.745,140,0.1963,0.0017,0.0496,0.0071,-0.2512
2026-04-26 18:45:35.757,141,0.1961,0.0027,0.0489,0.0093,-0.2524
2026-04-26 18:45:35.767,142,0.1959,0.0037,0.0483,0.0115,-0.2536
2026-04-26 18:45:35.782,143,0.1957,0.0047,0.0476,0.0137,-0.2548
2026-04-26 18:45:35.791,144,0.1955,0.0057,0.0469,0.0158,-0.2559
2026-04-26 18:45:35.804,145,0.1954,0.0066,0.0462,0.0179,-0.2571
2026-04-26 18:45:35.816,146,0.1952,0.0076,0.0455,0.0200,-0.2583
2026-04-26 18:45:35.826,147,0.1950,0.0086,0.0448,0.0221,-0.2594
2026-04-26 18:45:35.837,148,0.1949,0.0095,0.0442,0.0242,-0.2606
2026-04-26 18:45:35.847,149,0.1947,0.0105,0.0435,0.0262,-0.2617
2026-04-26 18:45:35.858,150,0.1945,0.0114,0.0428,0.0283,-0.2629
2026-04-26 18:45:35.869,151,0.1943,0.0124,0.0421,0.0304,-0.2640
2026-04-26 18:45:35.879,152,0.1942,0.0133,0.0415,0.0324,-0.2652
2026-04-26 18:45:35.890,153,0.1941,0.0142,0.0408,0.0343,-0.2663
2026-04-26 18:45:35.900,154,0.1940,0.0152,0.0401,0.0363,-0.2674
2026-04-26 18:45:35.908,155,0.1939,0.0161,0.0395,0.0383,-0.2686
2026-04-26 18:45:35.918,156,0.1938,0.0170,0.0388,0.0402,-0.2697
2026-04-26 18:45:35.927,157,0.1937,0.0179,0.0381,0.0421,-0.2708
2026-04-26 18:45:35.937,158,0.1936,0.0188,0.0375,0.0440,-0.2719
2026-04-26 18:45:35.948,159,0.1936,0.0197,0.0368,0.0459,-0.2731
2026-04-26 18:45:35.958,160,0.1935,0.0206,0.0362,0.0477,-0.2742
2026-04-26 18:45:35.969,161,0.1934,0.0215,0.0355,0.0496,-0.2753
2026-04-26 18:45:35.978,162,0.1933,0.0224,0.0349,0.0515,-0.2764
2026-04-26 18:45:35.989,163,0.1933,0.0233,0.0342,0.0534,-0.2774
2026-04-26 18:45:35.999,164,0.1932,0.0242,0.0336,0.0552,-0.2785
2026-04-26 18:45:36.009,165,0.1931,0.0251,0.0329,0.0571,-0.2796
2026-04-26 18:45:36.019,166,0.1930,0.0259,0.0323,0.0589,-0.2807
2026-04-26 18:45:36.027,167,0.1929,0.0268,0.0317,0.0608,-0.2817
2026-04-26 18:45:36.035,168,0.1928,0.0277,0.0310,0.0626,-0.2828
2026-04-26 18:45:36.044,169,0.1927,0.0285,0.0304,0.0644,-0.2838
2026-04-26 18:45:36.051,170,0.1926,0.0294,0.0298,0.0662,-0.2849
2026-04-26 18:45:36.060,171,0.1925,0.0303,0.0292,0.0680,-0.2859
2026-04-26 18:45:36.068,172,0.1924,0.0311,0.0286,0.0698,-0.2870
2026-04-26 18:45:36.078,173,0.1924,0.0319,0.0280,0.0715,-0.2880
2026-04-26 18:45:36.089,174,0.1923,0.0328,0.0273,0.0733,-0.2891
2026-04-26 18:45:36.097,175,0.1922,0.0336,0.0267,0.0750,-0.2901
2026-04-26 18:45:36.109,176,0.1922,0.0345,0.0261,0.0767,-0.2911
2026-04-26 18:45:36.118,177,0.1922,0.0353,0.0255,0.0784,-0.2921
2026-04-26 18:45:36.129,178,0.1921,0.0361,0.0249,0.0801,-0.2932
2026-04-26 18:45:36.138,179,0.1921,0.0369,0.0243,0.0817,-0.2942
2026-04-26 18:45:36.148,180,0.1921,0.0377,0.0237,0.0834,-0.2952
2026-04-26 18:45:36.159,181,0.1921,0.0386,0.0231,0.0850,-0.2962
2026-04-26 18:45:36.169,182,0.1921,0.0394,0.0225,0.0866,-0.2972
2026-04-26 18:45:36.225,183,0.1921,0.0402,0.0219,0.0882,-0.2982
2026-04-26 18:45:36.233,184,0.1920,0.0410,0.0213,0.0899,-0.2992
2026-04-26 18:45:36.242,185,0.1920,0.0418,0.0207,0.0915,-0.3002
2026-04-26 18:45:36.251,186,0.1920,0.0425,0.0201,0.0931,-0.3012
2026-04-26 18:45:36.259,187,0.1919,0.0433,0.0195,0.0947,-0.3021
2026-04-26 18:45:36.269,188,0.1919,0.0441,0.0189,0.0964,-0.3031
2026-04-26 18:45:36.280,189,0.1918,0.0449,0.0184,0.0980,-0.3041
2026-04-26 18:45:36.290,190,0.1918,0.0457,0.0178,0.0996,-0.3050
2026-04-26 18:45:36.301,191,0.1917,0.0464,0.0172,0.1012,-0.3060
2026-04-26 18:45:36.311,192,0.1916,0.0472,0.0167,0.1028,-0.3069
2026-04-26 18:45:36.320,193,0.1915,0.0480,0.0161,0.1044,-0.3078
2026-04-26 18:45:36.329,194,0.1914,0.0487,0.0156,0.1061,-0.3088
2026-04-26 18:45:36.337,195,0.1913,0.0495,0.0151,0.1077,-0.3097
2026-04-26 18:45:36.346,196,0.1911,0.0502,0.0145,0.1093,-0.3106
2026-04-26 18:45:36.354,197,0.1910,0.0510,0.0140,0.1110,-0.3115
2026-04-26 18:45:36.362,198,0.1909,0.0517,0.0135,0.1126,-0.3124
2026-04-26 18:45:36.369,199,0.1908,0.0525,0.0130,0.1142,-0.3133
2026-04-26 18:45:36.377,200,0.1906,0.0532,0.0124,0.1158,-0.3142
2026-04-26 18:45:36.386,201,0.1905,0.0540,0.0119,0.1174,-0.3151
2026-04-26 18:45:36.396,202,0.1904,0.0547,0.0114,0.1190,-0.3159
2026-04-26 18:45:36.405,203,0.1903,0.0554,0.0109,0.1205,-0.3168
2026-04-26 18:45:36.415,204,0.1902,0.0561,0.0104,0.1221,-0.3177
2026-04-26 18:45:36.423,205,0.1900,0.0568,0.0099,0.1237,-0.3186
2026-04-26 18:45:36.433,206,0.1899,0.0576,0.0094,0.1252,-0.3194
2026-04-26 18:45:36.441,207,0.1898,0.0583,0.0088,0.1268,-0.3203
2026-04-26 18:45:36.449,208,0.1897,0.0590,0.0083,0.1283,-0.3211
2026-04-26 18:45:36.457,209,0.1895,0.0597,0.0079,0.1299,-0.3220
2026-04-26 18:45:36.464,210,0.1894,0.0604,0.0074,0.1314,-0.3228
2026-04-26 18:45:36.473,211,0.1893,0.0611,0.0069,0.1329,-0.3237
2026-04-26 18:45:36.482,212,0.1892,0.0618,0.0064,0.1344,-0.3245
2026-04-26 18:45:36.490,213,0.1891,0.0625,0.0059,0.1359,-0.3254
2026-04-26 18:45:36.500,214,0.1890,0.0632,0.0054,0.1374,-0.3262
2026-04-26 18:45:36.508,215,0.1889,0.0638,0.0049,0.1388,-0.3270
2026-04-26 18:45:36.518,216,0.1888,0.0645,0.0044,0.1403,-0.3278
2026-04-26 18:45:36.528,217,0.1886,0.0652,0.0039,0.1418,-0.3287
2026-04-26 18:45:36.536,218,0.1885,0.0659,0.0035,0.1432,-0.3295
2026-04-26 18:45:36.545,219,0.1884,0.0666,0.0030,0.1447,-0.3303
2026-04-26 18:45:36.552,220,0.1883,0.0672,0.0025,0.1461,-0.3311
2026-04-26 18:45:36.561,221,0.1882,0.0679,0.0020,0.1475,-0.3319
2026-04-26 18:45:36.571,222,0.1881,0.0685,0.0016,0.1490,-0.3327
2026-04-26 18:45:36.579,223,0.1880,0.0692,0.0011,0.1504,-0.3335
2026-04-26 18:45:36.588,224,0.1879,0.0699,0.0006,0.1518,-0.3343
2026-04-26 18:45:36.596,225,0.1878,0.0705,0.0002,0.1532,-0.3351
2026-04-26 18:45:36.643,226,0.1877,0.0712,-0.0003,0.1546,-0.3359
2026-04-26 18:45:36.652,227,0.1875,0.0718,-0.0007,0.1561,-0.3366
2026-04-26 18:45:36.660,228,0.1874,0.0724,-0.0012,0.1575,-0.3374
2026-04-26 18:45:36.668,229,0.1873,0.0731,-0.0016,0.1589,-0.3382
2026-04-26 18:45:36.677,230,0.1872,0.0737,-0.0021,0.1603,-0.3389
2026-04-26 18:45:36.684,231,0.1870,0.0743,-0.0025,0.1616,-0.3397
2026-04-26 18:45:36.693,232,0.1869,0.0750,-0.0030,0.1630,-0.3404
2026-04-26 18:45:36.701,233,0.1868,0.0756,-0.0034,0.1644,-0.3412
2026-04-26 18:45:36.710,234,0.1867,0.0762,-0.0038,0.1657,-0.3419
2026-04-26 18:45:36.718,235,0.1866,0.0768,-0.0043,0.1671,-0.3427
2026-04-26 18:45:36.727,236,0.1865,0.0775,-0.0047,0.1684,-0.3434
2026-04-26 18:45:36.736,237,0.1864,0.0781,-0.0051,0.1698,-0.3442
2026-04-26 18:45:36.744,238,0.1863,0.0787,-0.0056,0.1711,-0.3449
2026-04-26 18:45:36.753,239,0.1862,0.0793,-0.0060,0.1724,-0.3456
2026-04-26 18:45:36.762,240,0.1860,0.0799,-0.0064,0.1737,-0.3464
2026-04-26 18:45:36.770,241,0.1859,0.0805,-0.0068,0.1750,-0.3471
2026-04-26 18:45:36.779,242,0.1858,0.0811,-0.0073,0.1763,-0.3478
2026-04-26 18:45:36.787,243,0.1857,0.0817,-0.0077,0.1776,-0.3485
2026-04-26 18:45:36.796,244,0.1856,0.0823,-0.0081,0.1789,-0.3492
2026-04-26 18:45:36.806,245,0.1855,0.0829,-0.0085,0.1802,-0.3499
2026-04-26 18:45:36.814,246,0.1854,0.0834,-0.0089,0.1815,-0.3507
2026-04-26 18:45:36.825,247,0.1853,0.0840,-0.0093,0.1828,-0.3514
2026-04-26 18:45:36.834,248,0.1852,0.0846,-0.0098,0.1840,-0.3521
2026-04-26 18:45:36.844,249,0.1851,0.0852,-0.0102,0.1853,-0.3528
2026-04-26 18:45:36.852,250,0.1850,0.0858,-0.0106,0.1865,-0.3535
2026-04-26 18:45:36.859,251,0.1849,0.0863,-0.0110,0.1877,-0.3541
2026-04-26 18:45:36.866,252,0.1848,0.0869,-0.0114,0.1890,-0.3548
2026-04-26 18:45:36.874,253,0.1847,0.0875,-0.0118,0.1902,-0.3555
2026-04-26 18:45:36.884,254,0.1846,0.0880,-0.0122,0.1914,-0.3562
2026-04-26 18:45:36.892,255,0.1845,0.0886,-0.0126,0.1927,-0.3569
2026-04-26 18:45:36.901,256,0.1844,0.0891,-0.0129,0.1939,-0.3575
2026-04-26 18:45:36.914,257,0.1842,0.0897,-0.0133,0.1952,-0.3582
2026-04-26 18:45:36.923,258,0.1841,0.0902,-0.0137,0.1964,-0.3588
2026-04-26 18:45:36.934,259,0.1840,0.0908,-0.0141,0.1976,-0.3595
2026-04-26 18:45:36.946,260,0.1839,0.0913,-0.0145,0.1988,-0.3601
2026-04-26 18:45:36.954,261,0.1837,0.0919,-0.0148,0.2000,-0.3608
2026-04-26 18:45:36.964,262,0.1836,0.0924,-0.0152,0.2013,-0.3614
2026-04-26 18:45:36.972,263,0.1834,0.0930,-0.0156,0.2025,-0.3621
2026-04-26 18:45:36.982,264,0.1833,0.0935,-0.0159,0.2037,-0.3627
2026-04-26 18:45:36.992,265,0.1831,0.0940,-0.0163,0.2049,-0.3633
2026-04-26 18:45:37.001,266,0.1830,0.0946,-0.0167,0.2062,-0.3639
2026-04-26 18:45:37.011,267,0.1828,0.0951,-0.0170,0.2074,-0.3646
2026-04-26 18:45:37.019,268,0.1826,0.0956,-0.0174,0.2086,-0.3652
2026-04-26 18:45:37.028,269,0.1825,0.0961,-0.0177,0.2098,-0.3658
2026-04-26 18:45:37.036,270,0.1823,0.0967,-0.0181,0.2110,-0.3664
2026-04-26 18:45:37.045,271,0.1821,0.0972,-0.0184,0.2122,-0.3670
2026-04-26 18:45:37.053,272,0.1820,0.0977,-0.0188,0.2134,-0.3676
2026-04-26 18:45:37.063,273,0.1818,0.0982,-0.0191,0.2146,-0.3682
2026-04-26 18:45:37.070,274,0.1817,0.0987,-0.0194,0.2158,-0.3688
2026-04-26 18:45:37.081,275,0.1815,0.0992,-0.0198,0.2169,-0.3694
2026-04-26 18:45:37.089,276,0.1813,0.0997,-0.0201,0.2181,-0.3700
2026-04-26 18:45:37.098,277,0.1812,0.1002,-0.0205,0.2193,-0.3706
2026-04-26 18:45:37.108,278,0.1810,0.1007,-0.0208,0.2204,-0.3712
2026-04-26 18:45:37.116,279,0.1809,0.1012,-0.0211,0.2215,-0.3717
2026-04-26 18:45:37.125,280,0.1807,0.1017,-0.0215,0.2227,-0.3723
2026-04-26 18:45:37.133,281,0.1806,0.1022,-0.0218,0.2238,-0.3729
2026-04-26 18:45:37.142,282,0.1805,0.1027,-0.0221,0.2249,-0.3735
2026-04-26 18:45:37.151,283,0.1803,0.1032,-0.0225,0.2260,-0.3740
2026-04-26 18:45:37.158,284,0.1802,0.1037,-0.0228,0.2271,-0.3746
2026-04-26 18:45:37.169,285,0.1801,0.1041,-0.0231,0.2282,-0.3752
2026-04-26 18:45:37.176,286,0.1799,0.1046,-0.0234,0.2293,-0.3758
2026-04-26 18:45:37.186,287,0.1798,0.1051,-0.0238,0.2304,-0.3763
2026-04-26 18:45:37.196,288,0.1797,0.1056,-0.0241,0.2314,-0.3769
2026-04-26 18:45:37.204,289,0.1796,0.1060,-0.0244,0.2325,-0.3775
2026-04-26 18:45:37.216,290,0.1795,0.1065,-0.0248,0.2336,-0.3780
2026-04-26 18:45:37.226,291,0.1793,0.1070,-0.0251,0.2346,-0.3786
2026-04-26 18:45:37.282,292,0.1792,0.1074,-0.0254,0.2357,-0.3791
2026-04-26 18:45:37.291,293,0.1790,0.1079,-0.0257,0.2368,-0.3796
2026-04-26 18:45:37.300,294,0.1789,0.1084,-0.0260,0.2378,-0.3802
2026-04-26 18:45:37.308,295,0.1788,0.1088,-0.0263,0.2389,-0.3807
2026-04-26 18:45:37.316,296,0.1786,0.1093,-0.0266,0.2399,-0.3813
2026-04-26 18:45:37.325,297,0.1785,0.1097,-0.0269,0.2410,-0.3818
2026-04-26 18:45:37.335,298,0.1783,0.1102,-0.0272,0.2420,-0.3823
2026-04-26 18:45:37.345,299,0.1782,0.1106,-0.0275,0.2431,-0.3828
2026-04-26 18:45:37.354,300,0.1780,0.1111,-0.0278,0.2441,-0.3834
2026-04-26 18:45:37.363,301,0.1779,0.1115,-0.0281,0.2452,-0.3839
2026-04-26 18:45:37.372,302,0.1778,0.1120,-0.0284,0.2462,-0.3844
2026-04-26 18:45:37.381,303,0.1776,0.1124,-0.0287,0.2472,-0.3849
2026-04-26 18:45:37.391,304,0.1775,0.1128,-0.0290,0.2482,-0.3854
2026-04-26 18:45:37.399,305,0.1773,0.1133,-0.0293,0.2492,-0.3859
2026-04-26 18:45:37.407,306,0.1772,0.1137,-0.0296,0.2502,-0.3865
2026-04-26 18:45:37.415,307,0.1771,0.1141,-0.0299,0.2512,-0.3870
2026-04-26 18:45:37.423,308,0.1769,0.1146,-0.0302,0.2522,-0.3875
2026-04-26 18:45:37.429,309,0.1768,0.1150,-0.0305,0.2532,-0.3880
2026-04-26 18:45:37.436,310,0.1767,0.1154,-0.0307,0.2542,-0.3885
2026-04-26 18:45:37.445,311,0.1765,0.1159,-0.0310,0.2552,-0.3889
2026-04-26 18:45:37.452,312,0.1764,0.1163,-0.0313,0.2562,-0.3894
2026-04-26 18:45:37.460,313,0.1762,0.1167,-0.0316,0.2572,-0.3899
2026-04-26 18:45:37.467,314,0.1761,0.1171,-0.0319,0.2581,-0.3904
2026-04-26 18:45:37.476,315,0.1759,0.1175,-0.0321,0.2591,-0.3909
2026-04-26 18:45:37.487,316,0.1758,0.1179,-0.0324,0.2601,-0.3914
2026-04-26 18:45:37.496,317,0.1756,0.1183,-0.0327,0.2610,-0.3918
2026-04-26 18:45:37.505,318,0.1755,0.1188,-0.0329,0.2620,-0.3923
2026-04-26 18:45:37.513,319,0.1754,0.1192,-0.0332,0.2629,-0.3928
2026-04-26 18:45:37.522,320,0.1752,0.1196,-0.0335,0.2639,-0.3933
2026-04-26 18:45:37.533,321,0.1751,0.1200,-0.0337,0.2648,-0.3937
2026-04-26 18:45:37.542,322,0.1750,0.1204,-0.0340,0.2658,-0.3942
2026-04-26 18:45:37.552,323,0.1748,0.1208,-0.0343,0.2667,-0.3947
2026-04-26 18:45:37.560,324,0.1747,0.1212,-0.0345,0.2677,-0.3951
2026-04-26 18:45:37.571,325,0.1745,0.1216,-0.0348,0.2686,-0.3956
2026-04-26 18:45:37.581,326,0.1744,0.1219,-0.0350,0.2695,-0.3960
2026-04-26 18:45:37.590,327,0.1742,0.1223,-0.0353,0.2705,-0.3965
2026-04-26 18:45:37.601,328,0.1741,0.1227,-0.0356,0.2714,-0.3969
2026-04-26 18:45:37.609,329,0.1739,0.1231,-0.0358,0.2723,-0.3974
2026-04-26 18:45:37.620,330,0.1737,0.1235,-0.0361,0.2733,-0.3978
2026-04-26 18:45:37.629,331,0.1736,0.1239,-0.0363,0.2742,-0.3982
2026-04-26 18:45:37.637,332,0.1734,0.1243,-0.0365,0.2751,-0.3987
2026-04-26 18:45:37.646,333,0.1732,0.1246,-0.0368,0.2760,-0.3991
2026-04-26 18:45:37.654,334,0.1731,0.1250,-0.0370,0.2770,-0.3995
2026-04-26 18:45:37.665,335,0.1729,0.1254,-0.0373,0.2779,-0.4000
2026-04-26 18:45:37.676,336,0.1728,0.1258,-0.0375,0.2788,-0.4004
2026-04-26 18:45:37.685,337,0.1726,0.1261,-0.0378,0.2797,-0.4008
2026-04-26 18:45:37.696,338,0.1725,0.1265,-0.0380,0.2806,-0.4012
2026-04-26 18:45:37.705,339,0.1723,0.1269,-0.0382,0.2814,-0.4017
2026-04-26 18:45:37.715,340,0.1721,0.1272,-0.0385,0.2823,-0.4021
2026-04-26 18:45:37.726,341,0.1720,0.1276,-0.0387,0.2832,-0.4025
2026-04-26 18:45:37.733,342,0.1718,0.1280,-0.0389,0.2841,-0.4029
2026-04-26 18:45:37.743,343,0.1717,0.1283,-0.0392,0.2850,-0.4033
2026-04-26 18:45:37.751,344,0.1715,0.1287,-0.0394,0.2859,-0.4037
2026-04-26 18:45:37.761,345,0.1713,0.1290,-0.0396,0.2867,-0.4041
2026-04-26 18:45:37.772,346,0.1712,0.1294,-0.0398,0.2876,-0.4045
2026-04-26 18:45:37.780,347,0.1710,0.1297,-0.0401,0.2885,-0.4049
2026-04-26 18:45:37.792,348,0.1708,0.1301,-0.0403,0.2894,-0.4053
2026-04-26 18:45:37.800,349,0.1707,0.1304,-0.0405,0.2902,-0.4057
2026-04-26 18:45:37.810,350,0.1705,0.1308,-0.0407,0.2911,-0.4061
2026-04-26 18:45:37.820,351,0.1703,0.1311,-0.0409,0.2919,-0.4065
2026-04-26 18:45:37.827,352,0.1702,0.1315,-0.0412,0.2928,-0.4069
2026-04-26 18:45:37.838,353,0.1700,0.1318,-0.0414,0.2936,-0.4073
2026-04-26 18:45:37.848,354,0.1698,0.1322,-0.0416,0.2945,-0.4077
2026-04-26 18:45:37.916,355,0.1697,0.1325,-0.0418,0.2953,-0.4081
2026-04-26 18:45:37.923,356,0.1695,0.1328,-0.0420,0.2962,-0.4084
2026-04-26 18:45:37.930,357,0.1694,0.1332,-0.0422,0.2970,-0.4088
2026-04-26 18:45:37.936,358,0.1692,0.1335,-0.0424,0.2978,-0.4092
2026-04-26 18:45:37.943,359,0.1690,0.1338,-0.0426,0.2987,-0.4096
2026-04-26 18:45:37.952,360,0.1688,0.1342,-0.0428,0.2995,-0.4099
2026-04-26 18:45:37.960,361,0.1687,0.1345,-0.0430,0.3003,-0.4103
2026-04-26 18:45:37.968,362,0.1685,0.1348,-0.0433,0.3012,-0.4107
2026-04-26 18:45:37.976,363,0.1683,0.1352,-0.0435,0.3020,-0.4110
2026-04-26 18:45:37.983,364,0.1682,0.1355,-0.0437,0.3028,-0.4114
2026-04-26 18:45:37.990,365,0.1680,0.1358,-0.0439,0.3036,-0.4118
2026-04-26 18:45:37.998,366,0.1679,0.1361,-0.0441,0.3044,-0.4121
2026-04-26 18:45:38.006,367,0.1677,0.1364,-0.0443,0.3052,-0.4125
2026-04-26 18:45:38.014,368,0.1676,0.1368,-0.0445,0.3060,-0.4129
2026-04-26 18:45:38.023,369,0.1674,0.1371,-0.0447,0.3067,-0.4132
2026-04-26 18:45:38.030,370,0.1673,0.1374,-0.0449,0.3075,-0.4136
2026-04-26 18:45:38.038,371,0.1671,0.1377,-0.0451,0.3083,-0.4139
2026-04-26 18:45:38.045,372,0.1670,0.1380,-0.0453,0.3090,-0.4143
2026-04-26 18:45:38.053,373,0.1669,0.1383,-0.0455,0.3098,-0.4146
2026-04-26 18:45:38.062,374,0.1667,0.1386,-0.0457,0.3106,-0.4150
2026-04-26 18:45:38.069,375,0.1666,0.1389,-0.0459,0.3113,-0.4153
2026-04-26 18:45:38.077,376,0.1664,0.1393,-0.0460,0.3121,-0.4157
2026-04-26 18:45:38.085,377,0.1663,0.1396,-0.0462,0.3128,-0.4160
2026-04-26 18:45:38.093,378,0.1661,0.1399,-0.0464,0.3136,-0.4163
2026-04-26 18:45:38.101,379,0.1660,0.1402,-0.0466,0.3144,-0.4167
2026-04-26 18:45:38.108,380,0.1658,0.1405,-0.0468,0.3151,-0.4170
2026-04-26 18:45:38.116,381,0.1656,0.1408,-0.0470,0.3159,-0.4174
2026-04-26 18:45:38.123,382,0.1655,0.1411,-0.0472,0.3166,-0.4177
2026-04-26 18:45:38.131,383,0.1653,0.1413,-0.0473,0.3173,-0.4180
2026-04-26 18:45:38.139,384,0.1652,0.1416,-0.0475,0.3181,-0.4183
2026-04-26 18:45:38.147,385,0.1650,0.1419,-0.0477,0.3188,-0.4187
2026-04-26 18:45:38.156,386,0.1649,0.1422,-0.0479,0.3195,-0.4190
2026-04-26 18:45:38.163,387,0.1648,0.1425,-0.0481,0.3203,-0.4193
2026-04-26 18:45:38.172,388,0.1646,0.1428,-0.0483,0.3210,-0.4196
2026-04-26 18:45:38.181,389,0.1645,0.1431,-0.0484,0.3217,-0.4200
2026-04-26 18:45:38.190,390,0.1643,0.1434,-0.0486,0.3224,-0.4203
2026-04-26 18:45:38.199,391,0.1642,0.1437,-0.0488,0.3231,-0.4206
2026-04-26 18:45:38.206,392,0.1640,0.1439,-0.0490,0.3238,-0.4209
2026-04-26 18:45:38.215,393,0.1639,0.1442,-0.0491,0.3245,-0.4212
2026-04-26 18:45:38.224,394,0.1637,0.1445,-0.0493,0.3252,-0.4216
2026-04-26 18:45:38.233,395,0.1636,0.1448,-0.0495,0.3260,-0.4219
2026-04-26 18:45:38.243,396,0.1634,0.1450,-0.0496,0.3267,-0.4222
2026-04-26 18:45:38.251,397,0.1633,0.1453,-0.0498,0.3274,-0.4225
2026-04-26 18:45:38.261,398,0.1631,0.1456,-0.0500,0.3281,-0.4228
2026-04-26 18:45:38.270,399,0.1629,0.1459,-0.0501,0.3288,-0.4231
2026-04-26 18:45:38.279,400,0.1628,0.1461,-0.0503,0.3295,-0.4234
2026-04-26 18:45:38.291,401,0.1626,0.1464,-0.0505,0.3302,-0.4237
2026-04-26 18:45:38.300,402,0.1625,0.1467,-0.0506,0.3309,-0.4240
2026-04-26 18:45:38.312,403,0.1623,0.1469,-0.0508,0.3316,-0.4243
2026-04-26 18:45:38.323,404,0.1621,0.1472,-0.0509,0.3323,-0.4245
2026-04-26 18:45:38.331,405,0.1620,0.1475,-0.0511,0.3329,-0.4248
2026-04-26 18:45:38.341,406,0.1619,0.1477,-0.0513,0.3336,-0.4251
2026-04-26 18:45:38.351,407,0.1617,0.1480,-0.0514,0.3343,-0.4254
2026-04-26 18:45:38.359,408,0.1616,0.1483,-0.0516,0.3349,-0.4257
2026-04-26 18:45:38.370,409,0.1615,0.1485,-0.0517,0.3356,-0.4260
2026-04-26 18:45:38.380,410,0.1613,0.1488,-0.0519,0.3362,-0.4263
2026-04-26 18:45:38.392,411,0.1612,0.1490,-0.0521,0.3369,-0.4266
2026-04-26 18:45:38.405,412,0.1610,0.1493,-0.0522,0.3375,-0.4269
2026-04-26 18:45:38.416,413,0.1609,0.1495,-0.0524,0.3382,-0.4271
2026-04-26 18:45:38.429,414,0.1608,0.1498,-0.0525,0.3388,-0.4274
2026-04-26 18:45:38.439,415,0.1607,0.1500,-0.0527,0.3394,-0.4277
2026-04-26 18:45:38.453,416,0.1605,0.1503,-0.0528,0.3401,-0.4280
2026-04-26 18:45:38.465,417,0.1604,0.1505,-0.0530,0.3407,-0.4283
2026-04-26 18:45:38.474,418,0.1603,0.1508,-0.0532,0.3413,-0.4285
2026-04-26 18:45:38.486,419,0.1601,0.1510,-0.0533,0.3420,-0.4288
2026-04-26 18:45:38.551,420,0.1600,0.1513,-0.0534,0.3426,-0.4291
2026-04-26 18:45:38.561,421,0.1598,0.1515,-0.0536,0.3432,-0.4294
2026-04-26 18:45:38.571,422,0.1597,0.1518,-0.0537,0.3439,-0.4296
2026-04-26 18:45:38.580,423,0.1595,0.1520,-0.0539,0.3445,-0.4299
2026-04-26 18:45:38.588,424,0.1594,0.1522,-0.0540,0.3451,-0.4301
2026-04-26 18:45:38.596,425,0.1592,0.1525,-0.0542,0.3457,-0.4304
2026-04-26 18:45:38.605,426,0.1591,0.1527,-0.0543,0.3464,-0.4307
2026-04-26 18:45:38.615,427,0.1589,0.1530,-0.0544,0.3470,-0.4309
2026-04-26 18:45:38.625,428,0.1588,0.1532,-0.0546,0.3476,-0.4312
2026-04-26 18:45:38.635,429,0.1586,0.1534,-0.0547,0.3482,-0.4314
2026-04-26 18:45:38.645,430,0.1584,0.1537,-0.0549,0.3489,-0.4317
2026-04-26 18:45:38.657,431,0.1583,0.1539,-0.0550,0.3495,-0.4319
2026-04-26 18:45:38.670,432,0.1581,0.1541,-0.0551,0.3501,-0.4322
2026-04-26 18:45:38.682,433,0.1580,0.1543,-0.0553,0.3507,-0.4324
2026-04-26 18:45:38.692,434,0.1578,0.1546,-0.0554,0.3514,-0.4327
2026-04-26 18:45:38.703,435,0.1576,0.1548,-0.0555,0.3520,-0.4329
2026-04-26 18:45:38.715,436,0.1575,0.1550,-0.0556,0.3526,-0.4332
2026-04-26 18:45:38.726,437,0.1573,0.1553,-0.0558,0.3532,-0.4334
2026-04-26 18:45:38.737,438,0.1572,0.1555,-0.0559,0.3538,-0.4336
2026-04-26 18:45:38.747,439,0.1570,0.1557,-0.0560,0.3544,-0.4339
2026-04-26 18:45:38.756,440,0.1568,0.1559,-0.0562,0.3550,-0.4341
2026-04-26 18:45:38.766,441,0.1567,0.1561,-0.0563,0.3556,-0.4344
2026-04-26 18:45:38.777,442,0.1565,0.1564,-0.0564,0.3562,-0.4346
2026-04-26 18:45:38.787,443,0.1564,0.1566,-0.0565,0.3568,-0.4348
2026-04-26 18:45:38.799,444,0.1562,0.1568,-0.0567,0.3574,-0.4351
2026-04-26 18:45:38.810,445,0.1561,0.1570,-0.0568,0.3579,-0.4353
2026-04-26 18:45:38.821,446,0.1559,0.1572,-0.0569,0.3585,-0.4355
2026-04-26 18:45:38.831,447,0.1558,0.1574,-0.0570,0.3591,-0.4357
2026-04-26 18:45:38.839,448,0.1556,0.1577,-0.0571,0.3597,-0.4360
2026-04-26 18:45:38.850,449,0.1554,0.1579,-0.0573,0.3603,-0.4362
2026-04-26 18:45:38.858,450,0.1552,0.1581,-0.0574,0.3609,-0.4364
2026-04-26 18:45:38.868,451,0.1551,0.1583,-0.0575,0.3615,-0.4366
2026-04-26 18:45:38.878,452,0.1549,0.1585,-0.0576,0.3621,-0.4368
2026-04-26 18:45:38.887,453,0.1548,0.1587,-0.0577,0.3626,-0.4371
2026-04-26 18:45:38.896,454,0.1546,0.1589,-0.0578,0.3632,-0.4373
2026-04-26 18:45:38.903,455,0.1544,0.1591,-0.0579,0.3638,-0.4375
2026-04-26 18:45:38.912,456,0.1543,0.1593,-0.0581,0.3644,-0.4377
2026-04-26 18:45:38.920,457,0.1541,0.1595,-0.0582,0.3650,-0.4379
2026-04-26 18:45:38.927,458,0.1539,0.1597,-0.0583,0.3656,-0.4381
2026-04-26 18:45:38.935,459,0.1537,0.1599,-0.0584,0.3661,-0.4383
2026-04-26 18:45:38.945,460,0.1536,0.1601,-0.0585,0.3667,-0.4385
2026-04-26 18:45:38.952,461,0.1534,0.1603,-0.0586,0.3673,-0.4388
2026-04-26 18:45:38.960,462,0.1532,0.1605,-0.0587,0.3678,-0.4390
2026-04-26 18:45:38.967,463,0.1530,0.1607,-0.0588,0.3684,-0.4392
2026-04-26 18:45:38.977,464,0.1529,0.1609,-0.0589,0.3690,-0.4394
2026-04-26 18:45:38.988,465,0.1527,0.1611,-0.0590,0.3695,-0.4396
2026-04-26 18:45:38.995,466,0.1525,0.1613,-0.0591,0.3701,-0.4398
2026-04-26 18:45:39.003,467,0.1524,0.1615,-0.0592,0.3706,-0.4400
2026-04-26 18:45:39.009,468,0.1522,0.1617,-0.0593,0.3712,-0.4402
2026-04-26 18:45:39.018,469,0.1521,0.1619,-0.0594,0.3717,-0.4404
2026-04-26 18:45:39.026,470,0.1519,0.1621,-0.0595,0.3722,-0.4406
2026-04-26 18:45:39.034,471,0.1518,0.1623,-0.0596,0.3728,-0.4408
2026-04-26 18:45:39.043,472,0.1516,0.1625,-0.0597,0.3733,-0.4410
2026-04-26 18:45:39.049,473,0.1515,0.1626,-0.0598,0.3738,-0.4412
2026-04-26 18:45:39.059,474,0.1513,0.1628,-0.0599,0.3743,-0.4414
2026-04-26 18:45:39.068,475,0.1512,0.1630,-0.0601,0.3749,-0.4416
2026-04-26 18:45:39.075,476,0.1510,0.1632,-0.0602,0.3754,-0.4418
2026-04-26 18:45:39.085,477,0.1508,0.1634,-0.0602,0.3759,-0.4419
2026-04-26 18:45:39.093,478,0.1507,0.1636,-0.0603,0.3764,-0.4421
2026-04-26 18:45:39.103,479,0.1505,0.1637,-0.0604,0.3770,-0.4423
2026-04-26 18:45:39.113,480,0.1504,0.1639,-0.0605,0.3775,-0.4425
2026-04-26 18:45:39.121,481,0.1502,0.1641,-0.0606,0.3780,-0.4427
2026-04-26 18:45:39.132,482,0.1501,0.1643,-0.0607,0.3785,-0.4429
2026-04-26 18:45:39.140,483,0.1499,0.1645,-0.0608,0.3790,-0.4431
2026-04-26 18:45:39.151,484,0.1498,0.1646,-0.0609,0.3795,-0.4433
2026-04-26 18:45:39.229,485,0.1496,0.1648,-0.0610,0.3800,-0.4434
2026-04-26 18:45:39.239,486,0.1495,0.1650,-0.0611,0.3805,-0.4436
2026-04-26 18:45:39.249,487,0.1493,0.1652,-0.0612,0.3810,-0.4438
2026-04-26 18:45:39.258,488,0.1492,0.1653,-0.0613,0.3815,-0.4440
2026-04-26 18:45:39.268,489,0.1490,0.1655,-0.0614,0.3820,-0.4442
2026-04-26 18:45:39.278,490,0.1489,0.1657,-0.0615,0.3825,-0.4443
2026-04-26 18:45:39.287,491,0.1487,0.1659,-0.0616,0.3830,-0.4445
2026-04-26 18:45:39.296,492,0.1486,0.1660,-0.0617,0.3835,-0.4447
2026-04-26 18:45:39.305,493,0.1484,0.1662,-0.0618,0.3840,-0.4449
2026-04-26 18:45:39.315,494,0.1483,0.1664,-0.0618,0.3845,-0.4450
2026-04-26 18:45:39.326,495,0.1481,0.1665,-0.0619,0.3850,-0.4452
2026-04-26 18:45:39.336,496,0.1480,0.1667,-0.0620,0.3854,-0.4454
2026-04-26 18:45:39.349,497,0.1478,0.1669,-0.0621,0.3859,-0.4456
2026-04-26 18:45:39.361,498,0.1477,0.1670,-0.0622,0.3864,-0.4457
2026-04-26 18:45:39.370,499,0.1476,0.1672,-0.0623,0.3868,-0.4459
2026-04-26 18:45:39.380,500,0.1475,0.1674,-0.0624,0.3873,-0.4461
2026-04-26 18:45:39.389,501,0.1473,0.1675,-0.0625,0.3877,-0.4463
2026-04-26 18:45:39.400,502,0.1472,0.1677,-0.0626,0.3882,-0.4464
2026-04-26 18:45:39.410,503,0.1471,0.1679,-0.0627,0.3887,-0.4466
2026-04-26 18:45:39.420,504,0.1469,0.1680,-0.0627,0.3891,-0.4468
2026-04-26 18:45:39.429,505,0.1468,0.1682,-0.0628,0.3896,-0.4469
2026-04-26 18:45:39.438,506,0.1466,0.1683,-0.0629,0.3901,-0.4471
2026-04-26 18:45:39.448,507,0.1465,0.1685,-0.0630,0.3905,-0.4472
2026-04-26 18:45:39.459,508,0.1463,0.1687,-0.0631,0.3910,-0.4474
2026-04-26 18:45:39.470,509,0.1462,0.1688,-0.0631,0.3915,-0.4476
2026-04-26 18:45:39.481,510,0.1460,0.1690,-0.0632,0.3919,-0.4477
2026-04-26 18:45:39.492,511,0.1459,0.1691,-0.0633,0.3924,-0.4479
2026-04-26 18:45:39.504,512,0.1457,0.1693,-0.0634,0.3928,-0.4480
2026-04-26 18:45:39.515,513,0.1456,0.1694,-0.0635,0.3933,-0.4482
2026-04-26 18:45:39.525,514,0.1454,0.1696,-0.0635,0.3937,-0.4483
2026-04-26 18:45:39.535,515,0.1453,0.1697,-0.0636,0.3942,-0.4485
2026-04-26 18:45:39.544,516,0.1451,0.1699,-0.0637,0.3946,-0.4486
2026-04-26 18:45:39.554,517,0.1450,0.1700,-0.0638,0.3951,-0.4488
2026-04-26 18:45:39.563,518,0.1448,0.1702,-0.0638,0.3955,-0.4489
2026-04-26 18:45:39.572,519,0.1447,0.1703,-0.0639,0.3960,-0.4491
2026-04-26 18:45:39.582,520,0.1445,0.1705,-0.0640,0.3965,-0.4492
2026-04-26 18:45:39.590,521,0.1444,0.1706,-0.0641,0.3969,-0.4494
2026-04-26 18:45:39.600,522,0.1442,0.1708,-0.0641,0.3974,-0.4495
2026-04-26 18:45:39.611,523,0.1440,0.1709,-0.0642,0.3978,-0.4497
2026-04-26 18:45:39.619,524,0.1439,0.1711,-0.0643,0.3982,-0.4498
2026-04-26 18:45:39.629,525,0.1437,0.1712,-0.0643,0.3987,-0.4500
2026-04-26 18:45:39.638,526,0.1436,0.1714,-0.0644,0.3991,-0.4501
2026-04-26 18:45:39.649,527,0.1434,0.1715,-0.0645,0.3996,-0.4502
2026-04-26 18:45:39.659,528,0.1433,0.1716,-0.0646,0.4000,-0.4504
2026-04-26 18:45:39.667,529,0.1432,0.1718,-0.0646,0.4004,-0.4505
2026-04-26 18:45:39.677,530,0.1430,0.1719,-0.0647,0.4008,-0.4507
2026-04-26 18:45:39.686,531,0.1429,0.1721,-0.0648,0.4013,-0.4508
2026-04-26 18:45:39.697,532,0.1427,0.1722,-0.0648,0.4017,-0.4509
2026-04-26 18:45:39.707,533,0.1426,0.1723,-0.0649,0.4021,-0.4511
2026-04-26 18:45:39.715,534,0.1425,0.1725,-0.0650,0.4025,-0.4512
2026-04-26 18:45:39.725,535,0.1423,0.1726,-0.0651,0.4029,-0.4514
2026-04-26 18:45:39.734,536,0.1422,0.1728,-0.0651,0.4033,-0.4515
2026-04-26 18:45:39.746,537,0.1421,0.1729,-0.0652,0.4037,-0.4516
2026-04-26 18:45:39.757,538,0.1419,0.1730,-0.0653,0.4041,-0.4518
2026-04-26 18:45:39.766,539,0.1418,0.1732,-0.0653,0.4046,-0.4519
2026-04-26 18:45:39.778,540,0.1416,0.1733,-0.0654,0.4050,-0.4520
2026-04-26 18:45:39.789,541,0.1415,0.1734,-0.0654,0.4054,-0.4522
2026-04-26 18:45:39.798,542,0.1413,0.1736,-0.0655,0.4058,-0.4523
2026-04-26 18:45:39.809,543,0.1412,0.1737,-0.0656,0.4062,-0.4524
2026-04-26 18:45:39.818,544,0.1411,0.1738,-0.0656,0.4066,-0.4526
2026-04-26 18:45:39.831,545,0.1409,0.1740,-0.0657,0.4070,-0.4527
2026-04-26 18:45:39.842,546,0.1408,0.1741,-0.0658,0.4074,-0.4528
2026-04-26 18:45:39.851,547,0.1407,0.1742,-0.0658,0.4077,-0.4529
2026-04-26 18:45:39.864,548,0.1406,0.1743,-0.0659,0.4081,-0.4531
2026-04-26 18:45:39.872,549,0.1404,0.1745,-0.0660,0.4085,-0.4532
2026-04-26 18:45:39.884,550,0.1403,0.1746,-0.0660,0.4089,-0.4533
2026-04-26 18:45:39.894,551,0.1402,0.1747,-0.0661,0.4093,-0.4535
2026-04-26 18:45:39.901,552,0.1401,0.1749,-0.0662,0.4097,-0.4536
2026-04-26 18:45:39.913,553,0.1399,0.1750,-0.0662,0.4100,-0.4537
2026-04-26 18:45:39.920,554,0.1398,0.1751,-0.0663,0.4104,-0.4538
2026-04-26 18:45:39.932,555,0.1397,0.1752,-0.0663,0.4108,-0.4540
2026-04-26 18:45:39.944,556,0.1395,0.1754,-0.0664,0.4112,-0.4541
2026-04-26 18:45:39.953,557,0.1394,0.1755,-0.0665,0.4116,-0.4542
2026-04-26 18:45:39.966,558,0.1392,0.1756,-0.0665,0.4120,-0.4543
2026-04-26 18:45:39.974,559,0.1391,0.1757,-0.0666,0.4123,-0.4544
2026-04-26 18:45:39.985,560,0.1390,0.1758,-0.0666,0.4127,-0.4545
2026-04-26 18:45:39.997,561,0.1388,0.1760,-0.0667,0.4131,-0.4547
2026-04-26 18:45:40.007,562,0.1387,0.1761,-0.0667,0.4135,-0.4548
2026-04-26 18:45:40.021,563,0.1386,0.1762,-0.0668,0.4139,-0.4549
2026-04-26 18:45:40.031,564,0.1384,0.1763,-0.0668,0.4142,-0.4550
2026-04-26 18:45:40.045,565,0.1383,0.1764,-0.0669,0.4146,-0.4551
2026-04-26 18:45:40.057,566,0.1382,0.1766,-0.0670,0.4150,-0.4552
2026-04-26 18:45:40.064,567,0.1380,0.1767,-0.0670,0.4153,-0.4554
2026-04-26 18:45:40.077,568,0.1379,0.1768,-0.0671,0.4157,-0.4555
2026-04-26 18:45:40.086,569,0.1378,0.1769,-0.0671,0.4161,-0.4556
2026-04-26 18:45:40.098,570,0.1376,0.1770,-0.0672,0.4164,-0.4557
2026-04-26 18:45:40.110,571,0.1375,0.1771,-0.0672,0.4168,-0.4558
2026-04-26 18:45:40.119,572,0.1374,0.1773,-0.0673,0.4172,-0.4559
2026-04-26 18:45:40.132,573,0.1372,0.1774,-0.0673,0.4175,-0.4560
2026-04-26 18:45:40.141,574,0.1371,0.1775,-0.0674,0.4179,-0.4561
2026-04-26 18:45:40.153,575,0.1370,0.1776,-0.0674,0.4182,-0.4562
2026-04-26 18:45:40.164,576,0.1368,0.1777,-0.0675,0.4186,-0.4563
2026-04-26 18:45:40.171,577,0.1367,0.1778,-0.0675,0.4189,-0.4564
2026-04-26 18:45:40.182,578,0.1366,0.1779,-0.0676,0.4193,-0.4566
2026-04-26 18:45:40.190,579,0.1365,0.1780,-0.0676,0.4196,-0.4567
2026-04-26 18:45:40.201,580,0.1363,0.1782,-0.0677,0.4200,-0.4568
2026-04-26 18:45:40.213,581,0.1362,0.1783,-0.0677,0.4203,-0.4569
2026-04-26 18:45:40.222,582,0.1361,0.1784,-0.0678,0.4206,-0.4570
2026-04-26 18:45:40.233,583,0.1360,0.1785,-0.0679,0.4210,-0.4571
2026-04-26 18:45:40.244,584,0.1359,0.1786,-0.0679,0.4213,-0.4572
2026-04-26 18:45:40.253,585,0.1357,0.1787,-0.0680,0.4217,-0.4573
2026-04-26 18:45:40.264,586,0.1356,0.1788,-0.0680,0.4220,-0.4574
2026-04-26 18:45:40.271,587,0.1355,0.1789,-0.0681,0.4223,-0.4575
2026-04-26 18:45:40.282,588,0.1354,0.1790,-0.0681,0.4226,-0.4576
2026-04-26 18:45:40.293,589,0.1352,0.1791,-0.0681,0.4230,-0.4577
2026-04-26 18:45:40.302,590,0.1351,0.1792,-0.0682,0.4233,-0.4578
2026-04-26 18:45:40.313,591,0.1350,0.1793,-0.0682,0.4236,-0.4579
2026-04-26 18:45:40.321,592,0.1349,0.1794,-0.0683,0.4240,-0.4580
2026-04-26 18:45:40.332,593,0.1348,0.1795,-0.0683,0.4243,-0.4581
2026-04-26 18:45:40.345,594,0.1347,0.1796,-0.0684,0.4246,-0.4582
2026-04-26 18:45:40.353,595,0.1345,0.1797,-0.0684,0.4249,-0.4583
2026-04-26 18:45:40.455,596,0.1344,0.1798,-0.0685,0.4252,-0.4584
2026-04-26 18:45:40.463,597,0.1343,0.1799,-0.0685,0.4255,-0.4585
2026-04-26 18:45:40.470,598,0.1342,0.1800,-0.0686,0.4259,-0.4586
2026-04-26 18:45:40.478,599,0.1341,0.1801,-0.0686,0.4262,-0.4587
2026-04-26 18:45:40.486,600,0.1340,0.1802,-0.0687,0.4265,-0.4588
2026-04-26 18:45:40.495,601,0.1339,0.1803,-0.0687,0.4268,-0.4589
2026-04-26 18:45:40.503,602,0.1338,0.1804,-0.0688,0.4271,-0.4590
2026-04-26 18:45:40.512,603,0.1336,0.1805,-0.0688,0.4274,-0.4591
2026-04-26 18:45:40.523,604,0.1335,0.1806,-0.0688,0.4277,-0.4592
2026-04-26 18:45:40.533,605,0.1334,0.1807,-0.0689,0.4280,-0.4593
2026-04-26 18:45:40.544,606,0.1333,0.1808,-0.0689,0.4284,-0.4593
2026-04-26 18:45:40.555,607,0.1332,0.1809,-0.0690,0.4287,-0.4594
2026-04-26 18:45:40.566,608,0.1331,0.1810,-0.0690,0.4290,-0.4595
2026-04-26 18:45:40.576,609,0.1329,0.1811,-0.0691,0.4293,-0.4596
2026-04-26 18:45:40.586,610,0.1328,0.1812,-0.0691,0.4296,-0.4597
2026-04-26 18:45:40.597,611,0.1327,0.1813,-0.0692,0.4299,-0.4598
2026-04-26 18:45:40.607,612,0.1326,0.1814,-0.0692,0.4302,-0.4599
2026-04-26 18:45:40.617,613,0.1325,0.1815,-0.0692,0.4305,-0.4600
2026-04-26 18:45:40.625,614,0.1324,0.1816,-0.0693,0.4308,-0.4601
2026-04-26 18:45:40.633,615,0.1323,0.1817,-0.0693,0.4311,-0.4601
2026-04-26 18:45:40.642,616,0.1321,0.1818,-0.0694,0.4314,-0.4602
2026-04-26 18:45:40.651,617,0.1320,0.1818,-0.0694,0.4317,-0.4603
2026-04-26 18:45:40.660,618,0.1319,0.1819,-0.0694,0.4320,-0.4604
2026-04-26 18:45:40.669,619,0.1318,0.1820,-0.0695,0.4323,-0.4605
2026-04-26 18:45:40.677,620,0.1317,0.1821,-0.0695,0.4325,-0.4606
2026-04-26 18:45:40.686,621,0.1316,0.1822,-0.0696,0.4328,-0.4607
2026-04-26 18:45:40.696,622,0.1315,0.1823,-0.0696,0.4331,-0.4607
2026-04-26 18:45:40.703,623,0.1314,0.1824,-0.0696,0.4334,-0.4608
2026-04-26 18:45:40.712,624,0.1313,0.1825,-0.0697,0.4337,-0.4609
2026-04-26 18:45:40.720,625,0.1311,0.1826,-0.0697,0.4340,-0.4610
2026-04-26 18:45:40.729,626,0.1310,0.1826,-0.0697,0.4343,-0.4611
2026-04-26 18:45:40.739,627,0.1309,0.1827,-0.0698,0.4346,-0.4611
2026-04-26 18:45:40.748,628,0.1308,0.1828,-0.0698,0.4348,-0.4612
2026-04-26 18:45:40.758,629,0.1307,0.1829,-0.0699,0.4351,-0.4613
2026-04-26 18:45:40.766,630,0.1306,0.1830,-0.0699,0.4354,-0.4614
2026-04-26 18:45:40.775,631,0.1305,0.1831,-0.0699,0.4357,-0.4615
2026-04-26 18:45:40.785,632,0.1303,0.1832,-0.0700,0.4360,-0.4615
2026-04-26 18:45:40.793,633,0.1302,0.1832,-0.0700,0.4363,-0.4616
2026-04-26 18:45:40.802,634,0.1301,0.1833,-0.0700,0.4366,-0.4617
2026-04-26 18:45:40.810,635,0.1300,0.1834,-0.0701,0.4369,-0.4618
2026-04-26 18:45:40.819,636,0.1299,0.1835,-0.0701,0.4371,-0.4618
2026-04-26 18:45:40.828,637,0.1297,0.1836,-0.0701,0.4374,-0.4619
2026-04-26 18:45:40.837,638,0.1296,0.1837,-0.0702,0.4377,-0.4620
2026-04-26 18:45:40.845,639,0.1295,0.1837,-0.0702,0.4380,-0.4621
2026-04-26 18:45:40.853,640,0.1294,0.1838,-0.0702,0.4383,-0.4621
2026-04-26 18:45:40.862,641,0.1292,0.1839,-0.0702,0.4386,-0.4622
2026-04-26 18:45:40.872,642,0.1291,0.1840,-0.0703,0.4389,-0.4623
2026-04-26 18:45:40.880,643,0.1290,0.1841,-0.0703,0.4391,-0.4623
2026-04-26 18:45:40.890,644,0.1289,0.1841,-0.0703,0.4394,-0.4624
2026-04-26 18:45:40.899,645,0.1287,0.1842,-0.0704,0.4397,-0.4625
2026-04-26 18:45:40.909,646,0.1286,0.1843,-0.0704,0.4400,-0.4625
2026-04-26 18:45:40.919,647,0.1285,0.1844,-0.0704,0.4403,-0.4626
2026-04-26 18:45:40.927,648,0.1283,0.1845,-0.0704,0.4406,-0.4627
2026-04-26 18:45:40.937,649,0.1282,0.1845,-0.0705,0.4409,-0.4627
2026-04-26 18:45:40.945,650,0.1281,0.1846,-0.0705,0.4412,-0.4628
2026-04-26 18:45:40.955,651,0.1279,0.1847,-0.0705,0.4415,-0.4628
2026-04-26 18:45:40.967,652,0.1278,0.1848,-0.0705,0.4418,-0.4629
2026-04-26 18:45:40.975,653,0.1276,0.1848,-0.0705,0.4421,-0.4630
2026-04-26 18:45:40.985,654,0.1275,0.1849,-0.0706,0.4424,-0.4630
2026-04-26 18:45:40.993,655,0.1273,0.1850,-0.0706,0.4427,-0.4631
2026-04-26 18:45:41.003,656,0.1272,0.1851,-0.0706,0.4429,-0.4631
2026-04-26 18:45:41.014,657,0.1271,0.1851,-0.0706,0.4432,-0.4632
2026-04-26 18:45:41.021,658,0.1269,0.1852,-0.0706,0.4435,-0.4633
2026-04-26 18:45:41.032,659,0.1268,0.1853,-0.0707,0.4438,-0.4633
2026-04-26 18:45:41.040,660,0.1267,0.1854,-0.0707,0.4441,-0.4634
2026-04-26 18:45:41.051,661,0.1265,0.1854,-0.0707,0.4443,-0.4634
2026-04-26 18:45:41.062,662,0.1264,0.1855,-0.0707,0.4446,-0.4635
2026-04-26 18:45:41.072,663,0.1263,0.1856,-0.0708,0.4449,-0.4636
2026-04-26 18:45:41.082,664,0.1261,0.1857,-0.0708,0.4452,-0.4636
2026-04-26 18:45:41.093,665,0.1260,0.1857,-0.0708,0.4454,-0.4637
2026-04-26 18:45:41.103,666,0.1259,0.1858,-0.0708,0.4457,-0.4637
2026-04-26 18:45:41.115,667,0.1258,0.1859,-0.0709,0.4460,-0.4638
2026-04-26 18:45:41.122,668,0.1257,0.1859,-0.0709,0.4462,-0.4638
2026-04-26 18:45:41.132,669,0.1256,0.1860,-0.0709,0.4465,-0.4639
2026-04-26 18:45:41.145,670,0.1255,0.1861,-0.0709,0.4467,-0.4640
2026-04-26 18:45:41.153,671,0.1253,0.1862,-0.0710,0.4470,-0.4640
2026-04-26 18:45:41.166,672,0.1252,0.1862,-0.0710,0.4472,-0.4641
2026-04-26 18:45:41.175,673,0.1251,0.1863,-0.0710,0.4475,-0.4641
2026-04-26 18:45:41.187,674,0.1250,0.1864,-0.0710,0.4477,-0.4642
2026-04-26 18:45:41.197,675,0.1249,0.1864,-0.0710,0.4480,-0.4643
2026-04-26 18:45:41.205,676,0.1248,0.1865,-0.0711,0.4482,-0.4643
2026-04-26 18:45:41.215,677,0.1247,0.1866,-0.0711,0.4485,-0.4644
2026-04-26 18:45:41.222,678,0.1245,0.1866,-0.0711,0.4487,-0.4644
2026-04-26 18:45:41.234,679,0.1244,0.1867,-0.0711,0.4490,-0.4645
2026-04-26 18:45:41.247,680,0.1243,0.1868,-0.0711,0.4492,-0.4645
2026-04-26 18:45:41.255,681,0.1242,0.1868,-0.0712,0.4495,-0.4646
2026-04-26 18:45:41.267,682,0.1241,0.1869,-0.0712,0.4497,-0.4646
2026-04-26 18:45:41.275,683,0.1239,0.1870,-0.0712,0.4500,-0.4647
2026-04-26 18:45:41.287,684,0.1238,0.1870,-0.0712,0.4503,-0.4647
2026-04-26 18:45:41.299,685,0.1237,0.1871,-0.0712,0.4505,-0.4648
2026-04-26 18:45:41.307,686,0.1235,0.1872,-0.0713,0.4508,-0.4648
2026-04-26 18:45:41.318,687,0.1234,0.1872,-0.0713,0.4510,-0.4649
2026-04-26 18:45:41.326,688,0.1233,0.1873,-0.0713,0.4513,-0.4649
2026-04-26 18:45:41.337,689,0.1232,0.1873,-0.0713,0.4515,-0.4650
2026-04-26 18:45:41.349,690,0.1230,0.1874,-0.0713,0.4518,-0.4650
2026-04-26 18:45:41.358,691,0.1229,0.1875,-0.0713,0.4520,-0.4651
2026-04-26 18:45:41.375,692,0.1228,0.1875,-0.0714,0.4523,-0.4651
2026-04-26 18:45:41.385,693,0.1227,0.1876,-0.0714,0.4525,-0.4652
2026-04-26 18:45:41.399,694,0.1226,0.1877,-0.0714,0.4528,-0.4652
2026-04-26 18:45:41.413,695,0.1224,0.1877,-0.0714,0.4530,-0.4653
2026-04-26 18:45:41.421,696,0.1223,0.1878,-0.0714,0.4532,-0.4653
2026-04-26 18:45:41.432,697,0.1222,0.1878,-0.0714,0.4535,-0.4654
2026-04-26 18:45:41.440,698,0.1221,0.1879,-0.0715,0.4537,-0.4654
2026-04-26 18:45:41.453,699,0.1220,0.1880,-0.0715,0.4540,-0.4654
2026-04-26 18:45:41.467,700,0.1218,0.1880,-0.0715,0.4542,-0.4655
2026-04-26 18:45:41.476,701,0.1217,0.1881,-0.0715,0.4545,-0.4655
2026-04-26 18:45:41.489,702,0.1216,0.1881,-0.0715,0.4547,-0.4656
2026-04-26 18:45:41.503,703,0.1215,0.1882,-0.0715,0.4549,-0.4656
2026-04-26 18:45:41.512,704,0.1213,0.1883,-0.0715,0.4552,-0.4657
2026-04-26 18:45:41.645,705,0.1212,0.1883,-0.0715,0.4555,-0.4657
2026-04-26 18:45:41.656,706,0.1211,0.1884,-0.0715,0.4557,-0.4657
2026-04-26 18:45:41.664,707,0.1209,0.1884,-0.0716,0.4560,-0.4658
2026-04-26 18:45:41.673,708,0.1208,0.1885,-0.0716,0.4562,-0.4658
2026-04-26 18:45:41.682,709,0.1206,0.1886,-0.0716,0.4565,-0.4659
2026-04-26 18:45:41.690,710,0.1205,0.1886,-0.0716,0.4567,-0.4659
2026-04-26 18:45:41.698,711,0.1204,0.1887,-0.0716,0.4570,-0.4659
2026-04-26 18:45:41.707,712,0.1202,0.1887,-0.0716,0.4572,-0.4660
2026-04-26 18:45:41.715,713,0.1201,0.1888,-0.0716,0.4575,-0.4660
2026-04-26 18:45:41.722,714,0.1200,0.1888,-0.0716,0.4577,-0.4660
2026-04-26 18:45:41.730,715,0.1198,0.1889,-0.0716,0.4580,-0.4661
2026-04-26 18:45:41.739,716,0.1197,0.1889,-0.0716,0.4582,-0.4661
2026-04-26 18:45:41.747,717,0.1196,0.1890,-0.0716,0.4585,-0.4661
2026-04-26 18:45:41.755,718,0.1194,0.1891,-0.0717,0.4587,-0.4662
2026-04-26 18:45:41.764,719,0.1193,0.1891,-0.0717,0.4589,-0.4662
2026-04-26 18:45:41.774,720,0.1192,0.1892,-0.0717,0.4592,-0.4662
2026-04-26 18:45:41.784,721,0.1190,0.1892,-0.0717,0.4594,-0.4663
2026-04-26 18:45:41.794,722,0.1189,0.1893,-0.0717,0.4597,-0.4663
2026-04-26 18:45:41.805,723,0.1188,0.1893,-0.0717,0.4599,-0.4664
2026-04-26 18:45:41.814,724,0.1186,0.1894,-0.0717,0.4601,-0.4664
2026-04-26 18:45:41.824,725,0.1185,0.1894,-0.0717,0.4604,-0.4664
2026-04-26 18:45:41.833,726,0.1184,0.1895,-0.0717,0.4606,-0.4665
2026-04-26 18:45:41.843,727,0.1183,0.1895,-0.0717,0.4608,-0.4665
2026-04-26 18:45:41.853,728,0.1181,0.1896,-0.0717,0.4611,-0.4665
2026-04-26 18:45:41.862,729,0.1180,0.1896,-0.0717,0.4613,-0.4666
2026-04-26 18:45:41.872,730,0.1179,0.1897,-0.0717,0.4615,-0.4666
2026-04-26 18:45:41.880,731,0.1178,0.1897,-0.0718,0.4617,-0.4666
2026-04-26 18:45:41.889,732,0.1176,0.1898,-0.0718,0.4620,-0.4667
2026-04-26 18:45:41.899,733,0.1175,0.1899,-0.0718,0.4622,-0.4667
2026-04-26 18:45:41.906,734,0.1174,0.1899,-0.0718,0.4624,-0.4667
2026-04-26 18:45:41.915,735,0.1173,0.1900,-0.0718,0.4626,-0.4668
2026-04-26 18:45:41.923,736,0.1171,0.1900,-0.0718,0.4629,-0.4668
2026-04-26 18:45:41.933,737,0.1170,0.1901,-0.0718,0.4631,-0.4668
2026-04-26 18:45:41.942,738,0.1169,0.1901,-0.0718,0.4633,-0.4669
2026-04-26 18:45:41.950,739,0.1168,0.1902,-0.0718,0.4635,-0.4669
2026-04-26 18:45:41.959,740,0.1167,0.1902,-0.0718,0.4638,-0.4669
2026-04-26 18:45:41.968,741,0.1165,0.1903,-0.0718,0.4640,-0.4669
2026-04-26 18:45:41.975,742,0.1164,0.1903,-0.0718,0.4642,-0.4670
2026-04-26 18:45:41.984,743,0.1163,0.1903,-0.0718,0.4644,-0.4670
2026-04-26 18:45:41.991,744,0.1162,0.1904,-0.0718,0.4646,-0.4670
2026-04-26 18:45:42.000,745,0.1161,0.1904,-0.0719,0.4648,-0.4671
2026-04-26 18:45:42.009,746,0.1160,0.1905,-0.0719,0.4650,-0.4671
2026-04-26 18:45:42.017,747,0.1159,0.1905,-0.0719,0.4652,-0.4671
2026-04-26 18:45:42.027,748,0.1157,0.1906,-0.0719,0.4654,-0.4672
2026-04-26 18:45:42.034,749,0.1156,0.1906,-0.0719,0.4656,-0.4672
2026-04-26 18:45:42.044,750,0.1155,0.1907,-0.0719,0.4658,-0.4672
2026-04-26 18:45:42.053,751,0.1154,0.1907,-0.0719,0.4660,-0.4673
2026-04-26 18:45:42.061,752,0.1153,0.1908,-0.0719,0.4663,-0.4673
2026-04-26 18:45:42.071,753,0.1152,0.1908,-0.0719,0.4665,-0.4673
2026-04-26 18:45:42.079,754,0.1151,0.1909,-0.0719,0.4667,-0.4673
2026-04-26 18:45:42.089,755,0.1149,0.1909,-0.0719,0.4669,-0.4674
2026-04-26 18:45:42.100,756,0.1148,0.1910,-0.0719,0.4671,-0.4674
2026-04-26 18:45:42.109,757,0.1147,0.1910,-0.0719,0.4673,-0.4674
2026-04-26 18:45:42.120,758,0.1146,0.1910,-0.0719,0.4675,-0.4675
2026-04-26 18:45:42.128,759,0.1145,0.1911,-0.0719,0.4677,-0.4675
2026-04-26 18:45:42.138,760,0.1144,0.1911,-0.0719,0.4679,-0.4675
2026-04-26 18:45:42.149,761,0.1143,0.1912,-0.0720,0.4681,-0.4675
2026-04-26 18:45:42.158,762,0.1142,0.1912,-0.0720,0.4683,-0.4676
2026-04-26 18:45:42.171,763,0.1141,0.1913,-0.0720,0.4685,-0.4676
2026-04-26 18:45:42.181,764,0.1139,0.1913,-0.0720,0.4687,-0.4676
2026-04-26 18:45:42.193,765,0.1138,0.1914,-0.0720,0.4689,-0.4677
2026-04-26 18:45:42.206,766,0.1137,0.1914,-0.0720,0.4691,-0.4677
2026-04-26 18:45:42.216,767,0.1136,0.1914,-0.0720,0.4692,-0.4677
2026-04-26 18:45:42.230,768,0.1135,0.1915,-0.0720,0.4694,-0.4677
2026-04-26 18:45:42.240,769,0.1134,0.1915,-0.0720,0.4696,-0.4678
2026-04-26 18:45:42.251,770,0.1133,0.1916,-0.0720,0.4698,-0.4678
2026-04-26 18:45:42.262,771,0.1132,0.1916,-0.0720,0.4700,-0.4678
2026-04-26 18:45:42.269,772,0.1131,0.1917,-0.0720,0.4702,-0.4678
2026-04-26 18:45:42.280,773,0.1130,0.1917,-0.0720,0.4704,-0.4679
2026-04-26 18:45:42.292,774,0.1129,0.1917,-0.0720,0.4705,-0.4679
2026-04-26 18:45:42.300,775,0.1128,0.1918,-0.0720,0.4707,-0.4679
2026-04-26 18:45:42.312,776,0.1127,0.1918,-0.0721,0.4709,-0.4680
2026-04-26 18:45:42.321,777,0.1127,0.1919,-0.0721,0.4711,-0.4680
2026-04-26 18:45:42.334,778,0.1126,0.1919,-0.0721,0.4712,-0.4680
2026-04-26 18:45:42.350,779,0.1125,0.1919,-0.0721,0.4714,-0.4680
2026-04-26 18:45:42.360,780,0.1124,0.1920,-0.0721,0.4716,-0.4681
2026-04-26 18:45:42.374,781,0.1123,0.1920,-0.0721,0.4718,-0.4681
2026-04-26 18:45:42.384,782,0.1122,0.1921,-0.0721,0.4720,-0.4681
2026-04-26 18:45:42.397,783,0.1121,0.1921,-0.0721,0.4721,-0.4681
2026-04-26 18:45:42.411,784,0.1120,0.1921,-0.0721,0.4723,-0.4682
2026-04-26 18:45:42.422,785,0.1119,0.1922,-0.0721,0.4725,-0.4682
2026-04-26 18:45:42.440,786,0.1118,0.1922,-0.0721,0.4727,-0.4682
2026-04-26 18:45:42.451,787,0.1117,0.1923,-0.0721,0.4728,-0.4682
2026-04-26 18:45:42.466,788,0.1116,0.1923,-0.0721,0.4730,-0.4683
2026-04-26 18:45:42.482,789,0.1115,0.1923,-0.0721,0.4732,-0.4683
2026-04-26 18:45:42.491,790,0.1114,0.1924,-0.0721,0.4733,-0.4683
2026-04-26 18:45:42.504,791,0.1114,0.1924,-0.0721,0.4735,-0.4684
2026-04-26 18:45:42.513,792,0.1113,0.1925,-0.0722,0.4736,-0.4684
2026-04-26 18:45:42.526,793,0.1112,0.1925,-0.0722,0.4738,-0.4684
2026-04-26 18:45:42.538,794,0.1111,0.1925,-0.0722,0.4739,-0.4684
2026-04-26 18:45:42.546,795,0.1111,0.1926,-0.0722,0.4741,-0.4685
2026-04-26 18:45:42.556,796,0.1110,0.1926,-0.0722,0.4742,-0.4685
2026-04-26 18:45:42.564,797,0.1109,0.1926,-0.0722,0.4744,-0.4685
2026-04-26 18:45:42.576,798,0.1109,0.1927,-0.0722,0.4745,-0.4686
2026-04-26 18:45:42.589,799,0.1108,0.1927,-0.0722,0.4746,-0.4686
2026-04-26 18:45:42.598,800,0.1107,0.1927,-0.0722,0.4748,-0.4686
2026-04-26 18:45:42.611,801,0.1107,0.1928,-0.0723,0.4749,-0.4686
2026-04-26 18:45:42.619,802,0.1106,0.1928,-0.0723,0.4750,-0.4687
2026-04-26 18:45:42.633,803,0.1105,0.1929,-0.0723,0.4752,-0.4687
2026-04-26 18:45:42.646,804,0.1105,0.1929,-0.0723,0.4753,-0.4687
2026-04-26 18:45:42.655,805,0.1104,0.1929,-0.0723,0.4755,-0.4688
2026-04-26 18:45:42.667,806,0.1103,0.1930,-0.0723,0.4756,-0.4688
2026-04-26 18:45:42.676,807,0.1103,0.1930,-0.0723,0.4757,-0.4688
2026-04-26 18:45:42.690,808,0.1102,0.1930,-0.0723,0.4759,-0.4688
2026-04-26 18:45:42.706,809,0.1101,0.1931,-0.0723,0.4760,-0.4689
2026-04-26 18:45:42.717,810,0.1101,0.1931,-0.0723,0.4761,-0.4689
2026-04-26 18:45:42.732,811,0.1100,0.1931,-0.0724,0.4763,-0.4689
2026-04-26 18:45:42.748,812,0.1099,0.1932,-0.0724,0.4764,-0.4689
2026-04-26 18:45:42.756,813,0.1099,0.1932,-0.0724,0.4765,-0.4690
2026-04-26 18:45:42.877,814,0.1098,0.1932,-0.0724,0.4767,-0.4690
2026-04-26 18:45:42.885,815,0.1097,0.1933,-0.0724,0.4768,-0.4690
2026-04-26 18:45:42.893,816,0.1097,0.1933,-0.0724,0.4769,-0.4690
2026-04-26 18:45:42.900,817,0.1096,0.1933,-0.0724,0.4771,-0.4691
2026-04-26 18:45:42.908,818,0.1095,0.1934,-0.0724,0.4772,-0.4691
2026-04-26 18:45:42.918,819,0.1094,0.1934,-0.0724,0.4774,-0.4691
2026-04-26 18:45:42.926,820,0.1094,0.1934,-0.0724,0.4775,-0.4691
2026-04-26 18:45:42.936,821,0.1093,0.1935,-0.0724,0.4776,-0.4692
2026-04-26 18:45:42.944,822,0.1092,0.1935,-0.0724,0.4778,-0.4692
2026-04-26 18:45:42.953,823,0.1092,0.1935,-0.0724,0.4779,-0.4692
2026-04-26 18:45:42.962,824,0.1091,0.1936,-0.0725,0.4780,-0.4692
2026-04-26 18:45:42.969,825,0.1090,0.1936,-0.0725,0.4782,-0.4693
2026-04-26 18:45:42.978,826,0.1090,0.1936,-0.0725,0.4783,-0.4693
2026-04-26 18:45:42.987,827,0.1089,0.1937,-0.0725,0.4784,-0.4693
2026-04-26 18:45:42.995,828,0.1089,0.1937,-0.0725,0.4785,-0.4693
2026-04-26 18:45:43.005,829,0.1088,0.1937,-0.0725,0.4787,-0.4694
2026-04-26 18:45:43.014,830,0.1087,0.1938,-0.0725,0.4788,-0.4694
2026-04-26 18:45:43.022,831,0.1087,0.1938,-0.0725,0.4789,-0.4694
2026-04-26 18:45:43.032,832,0.1086,0.1938,-0.0725,0.4790,-0.4694
2026-04-26 18:45:43.041,833,0.1085,0.1939,-0.0725,0.4792,-0.4695
2026-04-26 18:45:43.050,834,0.1085,0.1939,-0.0725,0.4793,-0.4695
2026-04-26 18:45:43.058,835,0.1084,0.1939,-0.0725,0.4794,-0.4695
2026-04-26 18:45:43.067,836,0.1083,0.1939,-0.0725,0.4795,-0.4695
2026-04-26 18:45:43.076,837,0.1083,0.1940,-0.0726,0.4797,-0.4695
2026-04-26 18:45:43.084,838,0.1082,0.1940,-0.0726,0.4798,-0.4696
2026-04-26 18:45:43.093,839,0.1081,0.1940,-0.0726,0.4799,-0.4696
2026-04-26 18:45:43.101,840,0.1081,0.1941,-0.0726,0.4801,-0.4696
2026-04-26 18:45:43.111,841,0.1080,0.1941,-0.0726,0.4802,-0.4696
2026-04-26 18:45:43.121,842,0.1079,0.1941,-0.0726,0.4803,-0.4696
2026-04-26 18:45:43.130,843,0.1079,0.1942,-0.0726,0.4804,-0.4697
2026-04-26 18:45:43.140,844,0.1078,0.1942,-0.0726,0.4805,-0.4697
2026-04-26 18:45:43.149,845,0.1078,0.1942,-0.0726,0.4807,-0.4697
2026-04-26 18:45:43.158,846,0.1077,0.1942,-0.0726,0.4808,-0.4697
2026-04-26 18:45:43.167,847,0.1076,0.1943,-0.0726,0.4809,-0.4697
2026-04-26 18:45:43.175,848,0.1076,0.1943,-0.0726,0.4810,-0.4698
2026-04-26 18:45:43.184,849,0.1075,0.1943,-0.0726,0.4811,-0.4698
2026-04-26 18:45:43.192,850,0.1075,0.1944,-0.0726,0.4812,-0.4698
2026-04-26 18:45:43.200,851,0.1074,0.1944,-0.0726,0.4813,-0.4698
2026-04-26 18:45:43.209,852,0.1074,0.1944,-0.0726,0.4815,-0.4699
2026-04-26 18:45:43.218,853,0.1073,0.1944,-0.0727,0.4816,-0.4699
2026-04-26 18:45:43.228,854,0.1073,0.1945,-0.0727,0.4817,-0.4699
2026-04-26 18:45:43.237,855,0.1072,0.1945,-0.0727,0.4818,-0.4699
2026-04-26 18:45:43.245,856,0.1072,0.1945,-0.0727,0.4819,-0.4699
2026-04-26 18:45:43.253,857,0.1071,0.1945,-0.0727,0.4820,-0.4700
2026-04-26 18:45:43.261,858,0.1071,0.1946,-0.0727,0.4821,-0.4700
2026-04-26 18:45:43.271,859,0.1070,0.1946,-0.0727,0.4822,-0.4700
2026-04-26 18:45:43.281,860,0.1070,0.1946,-0.0727,0.4823,-0.4700
2026-04-26 18:45:43.291,861,0.1069,0.1947,-0.0727,0.4824,-0.4701
2026-04-26 18:45:43.302,862,0.1069,0.1947,-0.0727,0.4825,-0.4701
2026-04-26 18:45:43.313,863,0.1068,0.1947,-0.0727,0.4826,-0.4701
2026-04-26 18:45:43.325,864,0.1068,0.1947,-0.0728,0.4827,-0.4701
2026-04-26 18:45:43.336,865,0.1068,0.1948,-0.0728,0.4828,-0.4701
2026-04-26 18:45:43.345,866,0.1067,0.1948,-0.0728,0.4829,-0.4702
2026-04-26 18:45:43.355,867,0.1067,0.1948,-0.0728,0.4829,-0.4702
2026-04-26 18:45:43.363,868,0.1066,0.1948,-0.0728,0.4830,-0.4702
2026-04-26 18:45:43.372,869,0.1066,0.1949,-0.0728,0.4831,-0.4702
2026-04-26 18:45:43.382,870,0.1066,0.1949,-0.0728,0.4832,-0.4703
2026-04-26 18:45:43.389,871,0.1065,0.1949,-0.0728,0.4833,-0.4703
2026-04-26 18:45:43.398,872,0.1065,0.1949,-0.0728,0.4834,-0.4703
2026-04-26 18:45:43.405,873,0.1065,0.1950,-0.0728,0.4835,-0.4703
2026-04-26 18:45:43.416,874,0.1064,0.1950,-0.0729,0.4836,-0.4703
2026-04-26 18:45:43.426,875,0.1064,0.1950,-0.0729,0.4837,-0.4704
2026-04-26 18:45:43.433,876,0.1063,0.1950,-0.0729,0.4837,-0.4704
2026-04-26 18:45:43.443,877,0.1063,0.1951,-0.0729,0.4838,-0.4704
2026-04-26 18:45:43.451,878,0.1063,0.1951,-0.0729,0.4839,-0.4704
2026-04-26 18:45:43.462,879,0.1062,0.1951,-0.0729,0.4840,-0.4705
2026-04-26 18:45:43.473,880,0.1062,0.1951,-0.0729,0.4841,-0.4705
2026-04-26 18:45:43.481,881,0.1061,0.1952,-0.0729,0.4842,-0.4705
2026-04-26 18:45:43.494,882,0.1061,0.1952,-0.0729,0.4843,-0.4705
2026-04-26 18:45:43.505,883,0.1061,0.1952,-0.0729,0.4844,-0.4705
2026-04-26 18:45:43.513,884,0.1060,0.1952,-0.0729,0.4844,-0.4706
2026-04-26 18:45:43.525,885,0.1060,0.1953,-0.0729,0.4845,-0.4706
2026-04-26 18:45:43.535,886,0.1060,0.1953,-0.0730,0.4846,-0.4706
2026-04-26 18:45:43.548,887,0.1059,0.1953,-0.0730,0.4847,-0.4706
2026-04-26 18:45:43.559,888,0.1059,0.1953,-0.0730,0.4848,-0.4706
2026-04-26 18:45:43.567,889,0.1058,0.1954,-0.0730,0.4849,-0.4707
2026-04-26 18:45:43.581,890,0.1058,0.1954,-0.0730,0.4850,-0.4707
2026-04-26 18:45:43.591,891,0.1058,0.1954,-0.0730,0.4850,-0.4707
2026-04-26 18:45:43.609,892,0.1057,0.1954,-0.0730,0.4851,-0.4707
2026-04-26 18:45:43.624,893,0.1057,0.1954,-0.0730,0.4852,-0.4707
2026-04-26 18:45:43.635,894,0.1057,0.1955,-0.0730,0.4853,-0.4708
2026-04-26 18:45:43.650,895,0.1056,0.1955,-0.0730,0.4854,-0.4708
2026-04-26 18:45:43.661,896,0.1056,0.1955,-0.0730,0.4854,-0.4708
2026-04-26 18:45:43.676,897,0.1056,0.1955,-0.0730,0.4855,-0.4708
2026-04-26 18:45:43.692,898,0.1055,0.1956,-0.0731,0.4856,-0.4708
2026-04-26 18:45:43.703,899,0.1055,0.1956,-0.0731,0.4857,-0.4709
2026-04-26 18:45:43.719,900,0.1055,0.1956,-0.0731,0.4858,-0.4709
2026-04-26 18:45:43.730,901,0.1054,0.1956,-0.0731,0.4858,-0.4709
2026-04-26 18:45:43.745,902,0.1054,0.1957,-0.0731,0.4859,-0.4709
2026-04-26 18:45:43.760,903,0.1054,0.1957,-0.0731,0.4860,-0.4709
2026-04-26 18:45:43.772,904,0.1053,0.1957,-0.0731,0.4861,-0.4709
2026-04-26 18:45:43.792,905,0.1053,0.1957,-0.0731,0.4861,-0.4710
2026-04-26 18:45:43.806,906,0.1053,0.1957,-0.0731,0.4862,-0.4710
2026-04-26 18:45:43.821,907,0.1052,0.1958,-0.0731,0.4863,-0.4710
2026-04-26 18:45:43.837,908,0.1052,0.1958,-0.0731,0.4863,-0.4710
2026-04-26 18:45:43.845,909,0.1052,0.1958,-0.0731,0.4864,-0.4710
2026-04-26 18:45:43.859,910,0.1052,0.1958,-0.0732,0.4865,-0.4711
2026-04-26 18:45:43.869,911,0.1051,0.1958,-0.0732,0.4865,-0.4711
2026-04-26 18:45:43.881,912,0.1051,0.1959,-0.0732,0.4866,-0.4711
2026-04-26 18:45:43.892,913,0.1051,0.1959,-0.0732,0.4867,-0.4711
2026-04-26 18:45:43.900,914,0.1051,0.1959,-0.0732,0.4867,-0.4712
2026-04-26 18:45:43.911,915,0.1051,0.1959,-0.0732,0.4868,-0.4712
2026-04-26 18:45:43.920,916,0.1051,0.1959,-0.0732,0.4868,-0.4712
2026-04-26 18:45:43.931,917,0.1050,0.1960,-0.0732,0.4869,-0.4712
2026-04-26 18:45:43.943,918,0.1050,0.1960,-0.0732,0.4870,-0.4712
2026-04-26 18:45:43.951,919,0.1050,0.1960,-0.0733,0.4870,-0.4713
2026-04-26 18:45:43.965,920,0.1050,0.1960,-0.0733,0.4871,-0.4713
2026-04-26 18:45:44.090,921,0.1050,0.1960,-0.0733,0.4871,-0.4713
2026-04-26 18:45:44.100,922,0.1050,0.1961,-0.0733,0.4872,-0.4713
2026-04-26 18:45:44.110,923,0.1049,0.1961,-0.0733,0.4872,-0.4713
2026-04-26 18:45:44.119,924,0.1049,0.1961,-0.0733,0.4873,-0.4714
2026-04-26 18:45:44.127,925,0.1049,0.1961,-0.0733,0.4873,-0.4714
2026-04-26 18:45:44.136,926,0.1049,0.1961,-0.0733,0.4874,-0.4714
2026-04-26 18:45:44.145,927,0.1049,0.1962,-0.0733,0.4875,-0.4714
2026-04-26 18:45:44.155,928,0.1049,0.1962,-0.0734,0.4875,-0.4714
2026-04-26 18:45:44.164,929,0.1048,0.1962,-0.0734,0.4876,-0.4715
2026-04-26 18:45:44.173,930,0.1048,0.1962,-0.0734,0.4876,-0.4715
2026-04-26 18:45:44.183,931,0.1048,0.1962,-0.0734,0.4877,-0.4715
2026-04-26 18:45:44.191,932,0.1048,0.1963,-0.0734,0.4877,-0.4715
2026-04-26 18:45:44.202,933,0.1048,0.1963,-0.0734,0.4878,-0.4715
2026-04-26 18:45:44.211,934,0.1048,0.1963,-0.0734,0.4878,-0.4716
2026-04-26 18:45:44.221,935,0.1048,0.1963,-0.0734,0.4879,-0.4716
2026-04-26 18:45:44.231,936,0.1047,0.1963,-0.0734,0.4879,-0.4716
2026-04-26 18:45:44.241,937,0.1047,0.1964,-0.0734,0.4880,-0.4716
2026-04-26 18:45:44.250,938,0.1047,0.1964,-0.0735,0.4880,-0.4716
2026-04-26 18:45:44.259,939,0.1047,0.1964,-0.0735,0.4880,-0.4717
2026-04-26 18:45:44.268,940,0.1047,0.1964,-0.0735,0.4881,-0.4717
2026-04-26 18:45:44.278,941,0.1047,0.1964,-0.0735,0.4881,-0.4717
2026-04-26 18:45:44.287,942,0.1047,0.1964,-0.0735,0.4882,-0.4717
2026-04-26 18:45:44.297,943,0.1047,0.1965,-0.0735,0.4882,-0.4717
2026-04-26 18:45:44.306,944,0.1047,0.1965,-0.0735,0.4883,-0.4718
2026-04-26 18:45:44.316,945,0.1047,0.1965,-0.0735,0.4883,-0.4718
2026-04-26 18:45:44.326,946,0.1047,0.1965,-0.0736,0.4883,-0.4718
2026-04-26 18:45:44.336,947,0.1047,0.1965,-0.0736,0.4884,-0.4718
2026-04-26 18:45:44.347,948,0.1047,0.1965,-0.0736,0.4884,-0.4718
2026-04-26 18:45:44.357,949,0.1046,0.1966,-0.0736,0.4885,-0.4719
2026-04-26 18:45:44.369,950,0.1046,0.1966,-0.0736,0.4885,-0.4719
2026-04-26 18:45:44.382,951,0.1046,0.1966,-0.0736,0.4886,-0.4719
2026-04-26 18:45:44.394,952,0.1046,0.1966,-0.0736,0.4886,-0.4719
2026-04-26 18:45:44.406,953,0.1046,0.1966,-0.0736,0.4887,-0.4719
2026-04-26 18:45:44.419,954,0.1046,0.1966,-0.0736,0.4887,-0.4720
2026-04-26 18:45:44.429,955,0.1046,0.1967,-0.0736,0.4887,-0.4720
2026-04-26 18:45:44.440,956,0.1046,0.1967,-0.0737,0.4888,-0.4720
2026-04-26 18:45:44.449,957,0.1046,0.1967,-0.0737,0.4888,-0.4720
2026-04-26 18:45:44.460,958,0.1046,0.1967,-0.0737,0.4889,-0.4720
2026-04-26 18:45:44.471,959,0.1046,0.1967,-0.0737,0.4889,-0.4721
2026-04-26 18:45:44.483,960,0.1046,0.1967,-0.0737,0.4889,-0.4721
2026-04-26 18:45:44.497,961,0.1046,0.1968,-0.0737,0.4889,-0.4721
2026-04-26 18:45:44.508,962,0.1046,0.1968,-0.0737,0.4890,-0.4721
2026-04-26 18:45:44.520,963,0.1046,0.1968,-0.0737,0.4890,-0.4721
2026-04-26 18:45:44.532,964,0.1046,0.1968,-0.0738,0.4890,-0.4722
2026-04-26 18:45:44.542,965,0.1046,0.1968,-0.0738,0.4891,-0.4722
2026-04-26 18:45:44.552,966,0.1046,0.1968,-0.0738,0.4891,-0.4722
2026-04-26 18:45:44.561,967,0.1046,0.1969,-0.0738,0.4891,-0.4722
2026-04-26 18:45:44.572,968,0.1046,0.1969,-0.0738,0.4892,-0.4722
2026-04-26 18:45:44.586,969,0.1046,0.1969,-0.0738,0.4892,-0.4723
2026-04-26 18:45:44.598,970,0.1046,0.1969,-0.0738,0.4892,-0.4723
2026-04-26 18:45:44.613,971,0.1046,0.1969,-0.0738,0.4892,-0.4723
2026-04-26 18:45:44.623,972,0.1046,0.1969,-0.0739,0.4893,-0.4723
2026-04-26 18:45:44.635,973,0.1046,0.1970,-0.0739,0.4893,-0.4723
2026-04-26 18:45:44.647,974,0.1046,0.1970,-0.0739,0.4893,-0.4724
2026-04-26 18:45:44.656,975,0.1046,0.1970,-0.0739,0.4893,-0.4724
2026-04-26 18:45:44.669,976,0.1046,0.1970,-0.0739,0.4894,-0.4724
2026-04-26 18:45:44.680,977,0.1046,0.1970,-0.0739,0.4894,-0.4724
2026-04-26 18:45:44.694,978,0.1046,0.1970,-0.0739,0.4894,-0.4724
2026-04-26 18:45:44.708,979,0.1046,0.1970,-0.0739,0.4895,-0.4725
2026-04-26 18:45:44.719,980,0.1046,0.1971,-0.0740,0.4895,-0.4725
2026-04-26 18:45:44.732,981,0.1046,0.1971,-0.0740,0.4895,-0.4725
2026-04-26 18:45:44.741,982,0.1046,0.1971,-0.0740,0.4895,-0.4725
2026-04-26 18:45:44.752,983,0.1046,0.1971,-0.0740,0.4896,-0.4725
2026-04-26 18:45:44.763,984,0.1046,0.1971,-0.0740,0.4896,-0.4726
2026-04-26 18:45:44.772,985,0.1046,0.1971,-0.0740,0.4896,-0.4726
2026-04-26 18:45:44.783,986,0.1047,0.1971,-0.0740,0.4896,-0.4726
2026-04-26 18:45:44.792,987,0.1047,0.1972,-0.0740,0.4897,-0.4726
2026-04-26 18:45:44.804,988,0.1047,0.1972,-0.0740,0.4897,-0.4726
2026-04-26 18:45:44.815,989,0.1047,0.1972,-0.0741,0.4897,-0.4727
2026-04-26 18:45:44.825,990,0.1047,0.1972,-0.0741,0.4897,-0.4727
2026-04-26 18:45:44.836,991,0.1047,0.1972,-0.0741,0.4897,-0.4727
2026-04-26 18:45:44.847,992,0.1047,0.1972,-0.0741,0.4897,-0.4727
2026-04-26 18:45:44.857,993,0.1047,0.1972,-0.0741,0.4898,-0.4727
2026-04-26 18:45:44.871,994,0.1047,0.1973,-0.0741,0.4898,-0.4728
2026-04-26 18:45:44.880,995,0.1048,0.1973,-0.0741,0.4898,-0.4728
2026-04-26 18:45:44.891,996,0.1048,0.1973,-0.0742,0.4898,-0.4728
2026-04-26 18:45:44.901,997,0.1048,0.1973,-0.0742,0.4898,-0.4728
2026-04-26 18:45:44.910,998,0.1048,0.1973,-0.0742,0.4898,-0.4728
2026-04-26 18:45:44.922,999,0.1049,0.1973,-0.0742,0.4898,-0.4729
2026-04-26 18:45:44.933,1000,0.1049,0.1973,-0.0742,0.4898,-0.4729
