episode,carol_adapted,carol_innate,bob_adapted,bob_innate,dave_adapted,dave_innate,carol_observed_ratio,carol_phi
1,0.1090,0.10,0.4054,0.40,0.8994,0.90,0.0000,1
2,0.1090,0.10,0.4054,0.40,0.8994,0.90,0.1429,1
3,0.1179,0.10,0.4054,0.40,0.8994,0.90,0.1111,1
4,0.1178,0.10,0.4054,0.40,0.8994,0.90,0.0714,1
5,0.1178,0.10,0.4107,0.40,0.8994,0.90,0.1579,1
6,0.1177,0.10,0.4160,0.40,0.8988,0.90,0.1429,1
7,0.1265,0.10,0.4159,0.40,0.8982,0.90,0.1304,1
8,0.1264,0.10,0.4159,0.40,0.8982,0.90,0.1481,1
9,0.1263,0.10,0.4158,0.40,0.8977,0.90,0.1379,1
10,0.1263,0.10,0.4210,0.40,0.8971,0.90,0.1875,1
11,0.1349,0.10,0.4210,0.40,0.8971,0.90,0.1622,1
12,0.1348,0.10,0.4209,0.40,0.8965,0.90,0.1463,1
13,0.1434,0.10,0.4208,0.40,0.8965,0.90,0.1429,1
14,0.1519,0.10,0.4208,0.40,0.8965,0.90,0.1364,1
15,0.1517,0.10,0.4259,0.40,0.8966,0.90,0.1224,1
16,0.1601,0.10,0.4258,0.40,0.8960,0.90,0.1429,1
17,0.1684,0.10,0.4309,0.40,0.8960,0.90,0.1429,1
18,0.1766,0.10,0.4360,0.40,0.8960,0.90,0.1379,1
19,0.1763,0.10,0.4409,0.40,0.8955,0.90,0.1250,1
20,0.1761,0.10,0.4408,0.40,0.8955,0.90,0.1343,1
21,0.1842,0.10,0.4407,0.40,0.8949,0.90,0.1268,1
22,0.1840,0.10,0.4406,0.40,0.8950,0.90,0.1429,1
23,0.1837,0.10,0.4404,0.40,0.8950,0.90,0.1500,1
24,0.1834,0.10,0.4454,0.40,0.8944,0.90,0.1412,1
25,0.1914,0.10,0.4502,0.40,0.8939,0.90,0.1379,1
26,0.1912,0.10,0.4550,0.40,0.8939,0.90,0.1333,1
27,0.1991,0.10,0.4598,0.40,0.8939,0.90,0.1429,1
28,0.1988,0.10,0.4596,0.40,0.8934,0.90,0.1413,1
29,0.1985,0.10,0.4643,0.40,0.8934,0.90,0.1474,1
30,0.1982,0.10,0.4641,0.40,0.8934,0.90,0.1400,1
31,0.1979,0.10,0.4639,0.40,0.8929,0.90,0.1471,1
32,0.2057,0.10,0.4685,0.40,0.8924,0.90,0.1509,1
33,0.2135,0.10,0.4683,0.40,0.8919,0.90,0.1622,1
34,0.2131,0.10,0.4681,0.40,0.8914,0.90,0.1667,1
35,0.2208,0.10,0.4727,0.40,0.8914,0.90,0.1739,1
36,0.2283,0.10,0.4725,0.40,0.8909,0.90,0.1709,1
37,0.2279,0.10,0.4722,0.40,0.8910,0.90,0.1736,1
38,0.2275,0.10,0.4768,0.40,0.8905,0.90,0.1774,1
39,0.2350,0.10,0.4765,0.40,0.8900,0.90,0.1760,1
40,0.2346,0.10,0.4810,0.40,0.8900,0.90,0.1705,1
41,0.2420,0.10,0.4808,0.40,0.8895,0.90,0.1818,1
42,0.2493,0.10,0.4805,0.40,0.8896,0.90,0.1957,1
43,0.2488,0.10,0.4803,0.40,0.8896,0.90,0.1915,1
44,0.2484,0.10,0.4801,0.40,0.8896,0.90,0.1944,1
45,0.2556,0.10,0.4798,0.40,0.8891,0.90,0.2081,0
46,0.2627,0.10,0.4796,0.40,0.8892,0.90,0.2119,0
47,0.2698,0.10,0.4793,0.40,0.8892,0.90,0.2194,0
48,0.2693,0.10,0.4791,0.40,0.8887,0.90,0.2166,0
49,0.2688,0.10,0.4836,0.40,0.8888,0.90,0.2138,0
50,0.2683,0.10,0.4880,0.40,0.8888,0.90,0.2188,0
51,0.2752,0.10,0.4923,0.40,0.8888,0.90,0.2160,0
52,0.2747,0.10,0.4920,0.40,0.8884,0.90,0.2134,0
53,0.2742,0.10,0.4963,0.40,0.8884,0.90,0.2182,0
54,0.2737,0.10,0.4960,0.40,0.8884,0.90,0.2143,0
55,0.2732,0.10,0.4957,0.40,0.8880,0.90,0.2118,0
56,0.2801,0.10,0.4955,0.40,0.8880,0.90,0.2093,0
57,0.2869,0.10,0.4952,0.40,0.8881,0.90,0.2090,0
58,0.2864,0.10,0.4949,0.40,0.8881,0.90,0.2155,0
59,0.2858,0.10,0.4946,0.40,0.8881,0.90,0.2151,0
60,0.2926,0.10,0.4989,0.40,0.8882,0.90,0.2139,0
61,0.2920,0.10,0.4986,0.40,0.8882,0.90,0.2169,0
62,0.2987,0.10,0.4983,0.40,0.8882,0.90,0.2199,0
63,0.2981,0.10,0.4980,0.40,0.8883,0.90,0.2176,0
64,0.2975,0.10,0.4977,0.40,0.8878,0.90,0.2222,0
65,0.2969,0.10,0.5019,0.40,0.8878,0.90,0.2228,0
66,0.2963,0.10,0.5016,0.40,0.8874,0.90,0.2233,0
67,0.3030,0.10,0.5013,0.40,0.8874,0.90,0.2286,0
68,0.3023,0.10,0.5055,0.40,0.8875,0.90,0.2347,0
69,0.3089,0.10,0.5096,0.40,0.8875,0.90,0.2361,0
70,0.3083,0.10,0.5093,0.40,0.8875,0.90,0.2350,0
71,0.3148,0.10,0.5090,0.40,0.8876,0.90,0.2308,0
72,0.3212,0.10,0.5086,0.40,0.8876,0.90,0.2308,0
73,0.3205,0.10,0.5127,0.40,0.8877,0.90,0.2311,0
74,0.3199,0.10,0.5168,0.40,0.8877,0.90,0.2358,0
75,0.3262,0.10,0.5164,0.40,0.8872,0.90,0.2361,0
76,0.3256,0.10,0.5161,0.40,0.8873,0.90,0.2417,0
77,0.3249,0.10,0.5157,0.40,0.8868,0.90,0.2500,0
78,0.3312,0.10,0.5154,0.40,0.8869,0.90,0.2500,0
79,0.3305,0.10,0.5150,0.40,0.8869,0.90,0.2490,0
80,0.3298,0.10,0.5147,0.40,0.8869,0.90,0.2579,0
81,0.3291,0.10,0.5143,0.40,0.8865,0.90,0.2559,0
82,0.3284,0.10,0.5184,0.40,0.8865,0.90,0.2597,0
83,0.3347,0.10,0.5180,0.40,0.8866,0.90,0.2587,0
84,0.3340,0.10,0.5220,0.40,0.8866,0.90,0.2557,0
85,0.3402,0.10,0.5259,0.40,0.8867,0.90,0.2556,0
86,0.3395,0.10,0.5298,0.40,0.8862,0.90,0.2593,0
87,0.3387,0.10,0.5337,0.40,0.8858,0.90,0.2645,0
88,0.3380,0.10,0.5333,0.40,0.8854,0.90,0.2626,0
89,0.3442,0.10,0.5329,0.40,0.8854,0.90,0.2616,0
90,0.3434,0.10,0.5325,0.40,0.8854,0.90,0.2598,0
91,0.3427,0.10,0.5321,0.40,0.8850,0.90,0.2589,0
92,0.3488,0.10,0.5317,0.40,0.8846,0.90,0.2641,0
93,0.3480,0.10,0.5313,0.40,0.8842,0.90,0.2657,0
94,0.3473,0.10,0.5309,0.40,0.8838,0.90,0.2630,0
95,0.3466,0.10,0.5305,0.40,0.8838,0.90,0.2621,0
96,0.3458,0.10,0.5301,0.40,0.8839,0.90,0.2594,0
97,0.3451,0.10,0.5297,0.40,0.8839,0.90,0.2585,0
98,0.3443,0.10,0.5293,0.40,0.8835,0.90,0.2617,0
99,0.3436,0.10,0.5332,0.40,0.8831,0.90,0.2625,0
100,0.3429,0.10,0.5370,0.40,0.8832,0.90,0.2590,0
101,0.3422,0.10,0.5407,0.40,0.8832,0.90,0.2630,0
102,0.3414,0.10,0.5403,0.40,0.8833,0.90,0.2613,0
103,0.3407,0.10,0.5399,0.40,0.8829,0.90,0.2611,0
104,0.3468,0.10,0.5395,0.40,0.8829,0.90,0.2635,0
105,0.3529,0.10,0.5390,0.40,0.8825,0.90,0.2642,0
106,0.3521,0.10,0.5386,0.40,0.8826,0.90,0.2679,0
107,0.3513,0.10,0.5382,0.40,0.8826,0.90,0.2693,0
108,0.3573,0.10,0.5420,0.40,0.8827,0.90,0.2738,0
109,0.3566,0.10,0.5457,0.40,0.8827,0.90,0.2805,0
110,0.3625,0.10,0.5452,0.40,0.8828,0.90,0.2796,0
111,0.3617,0.10,0.5489,0.40,0.8828,0.90,0.2853,0
112,0.3609,0.10,0.5484,0.40,0.8824,0.90,0.2917,0
113,0.3668,0.10,0.5520,0.40,0.8825,0.90,0.2950,0
114,0.3660,0.10,0.5516,0.40,0.8821,0.90,0.2971,0
115,0.3718,0.10,0.5552,0.40,0.8822,0.90,0.3003,0
116,0.3775,0.10,0.5547,0.40,0.8822,0.90,0.3035,0
117,0.3767,0.10,0.5582,0.40,0.8823,0.90,0.3029,0
118,0.3824,0.10,0.5617,0.40,0.8819,0.90,0.3040,0
119,0.3815,0.10,0.5613,0.40,0.8819,0.90,0.3040,0
120,0.3807,0.10,0.5608,0.40,0.8820,0.90,0.3006,0
121,0.3798,0.10,0.5643,0.40,0.8816,0.90,0.3017,0
122,0.3790,0.10,0.5677,0.40,0.8817,0.90,0.3047,0
123,0.3782,0.10,0.5672,0.40,0.8813,0.90,0.3022,0
124,0.3838,0.10,0.5706,0.40,0.8813,0.90,0.3052,0
125,0.3830,0.10,0.5739,0.40,0.8814,0.90,0.3071,0
126,0.3886,0.10,0.5772,0.40,0.8810,0.90,0.3071,0
127,0.3877,0.10,0.5767,0.40,0.8806,0.90,0.3081,0
128,0.3868,0.10,0.5762,0.40,0.8807,0.90,0.3083,0
129,0.3924,0.10,0.5756,0.40,0.8808,0.90,0.3077,0
130,0.3915,0.10,0.5789,0.40,0.8808,0.90,0.3105,0
131,0.3906,0.10,0.5822,0.40,0.8804,0.90,0.3125,0
132,0.3898,0.10,0.5854,0.40,0.8805,0.90,0.3127,0
133,0.3889,0.10,0.5886,0.40,0.8801,0.90,0.3120,0
134,0.3944,0.10,0.5880,0.40,0.8802,0.90,0.3122,0
135,0.3936,0.10,0.5875,0.40,0.8798,0.90,0.3149,0
136,0.3990,0.10,0.5906,0.40,0.8799,0.90,0.3175,0
137,0.3981,0.10,0.5900,0.40,0.8800,0.90,0.3168,0
138,0.4036,0.10,0.5895,0.40,0.8800,0.90,0.3160,0
139,0.4089,0.10,0.5889,0.40,0.8801,0.90,0.3153,0
140,0.4080,0.10,0.5883,0.40,0.8801,0.90,0.3170,0
141,0.4071,0.10,0.5878,0.40,0.8798,0.90,0.3154,0
142,0.4061,0.10,0.5872,0.40,0.8798,0.90,0.3139,0
143,0.4052,0.10,0.5903,0.40,0.8799,0.90,0.3123,0
144,0.4106,0.10,0.5935,0.40,0.8800,0.90,0.3125,0
145,0.4096,0.10,0.5929,0.40,0.8800,0.90,0.3110,0
146,0.4087,0.10,0.5960,0.40,0.8801,0.90,0.3095,0
147,0.4078,0.10,0.5954,0.40,0.8801,0.90,0.3088,0
148,0.4069,0.10,0.5948,0.40,0.8798,0.90,0.3097,0
149,0.4122,0.10,0.5979,0.40,0.8798,0.90,0.3106,0
150,0.4112,0.10,0.6009,0.40,0.8799,0.90,0.3131,0
151,0.4165,0.10,0.6003,0.40,0.8800,0.90,0.3147,0
152,0.4217,0.10,0.5997,0.40,0.8800,0.90,0.3132,0
153,0.4207,0.10,0.5991,0.40,0.8801,0.90,0.3164,0
154,0.4259,0.10,0.5985,0.40,0.8797,0.90,0.3149,0
155,0.4249,0.10,0.6015,0.40,0.8798,0.90,0.3128,0
156,0.4239,0.10,0.6045,0.40,0.8798,0.90,0.3121,0
157,0.4290,0.10,0.6039,0.40,0.8795,0.90,0.3152,0
158,0.4341,0.10,0.6068,0.40,0.8791,0.90,0.3160,0
159,0.4391,0.10,0.6097,0.40,0.8788,0.90,0.3153,0
160,0.4440,0.10,0.6126,0.40,0.8788,0.90,0.3177,0
161,0.4489,0.10,0.6155,0.40,0.8789,0.90,0.3185,0
162,0.4537,0.10,0.6148,0.40,0.8790,0.90,0.3185,0
163,0.4585,0.10,0.6177,0.40,0.8790,0.90,0.3178,0
164,0.4574,0.10,0.6170,0.40,0.8791,0.90,0.3164,0
165,0.4621,0.10,0.6163,0.40,0.8792,0.90,0.3150,0
166,0.4610,0.10,0.6192,0.40,0.8788,0.90,0.3136,0
167,0.4599,0.10,0.6185,0.40,0.8789,0.90,0.3137,0
168,0.4646,0.10,0.6178,0.40,0.8785,0.90,0.3153,0
169,0.4692,0.10,0.6172,0.40,0.8786,0.90,0.3140,0
170,0.4738,0.10,0.6200,0.40,0.8786,0.90,0.3134,0
171,0.4783,0.10,0.6227,0.40,0.8787,0.90,0.3114,0
172,0.4772,0.10,0.6255,0.40,0.8788,0.90,0.3101,0
173,0.4760,0.10,0.6248,0.40,0.8788,0.90,0.3145,0
174,0.4749,0.10,0.6275,0.40,0.8789,0.90,0.3159,0
175,0.4738,0.10,0.6302,0.40,0.8790,0.90,0.3173,0
176,0.4727,0.10,0.6295,0.40,0.8790,0.90,0.3174,0
177,0.4716,0.10,0.6288,0.40,0.8791,0.90,0.3168,0
178,0.4704,0.10,0.6281,0.40,0.8787,0.90,0.3196,0
179,0.4750,0.10,0.6308,0.40,0.8788,0.90,0.3176,0
180,0.4739,0.10,0.6301,0.40,0.8785,0.90,0.3218,0
181,0.4728,0.10,0.6294,0.40,0.8785,0.90,0.3245,0
182,0.4716,0.10,0.6287,0.40,0.8786,0.90,0.3293,0
183,0.4762,0.10,0.6280,0.40,0.8787,0.90,0.3280,0
184,0.4750,0.10,0.6273,0.40,0.8787,0.90,0.3287,0
185,0.4739,0.10,0.6300,0.40,0.8788,0.90,0.3300,0
186,0.4784,0.10,0.6326,0.40,0.8788,0.90,0.3294,0
187,0.4773,0.10,0.6352,0.40,0.8789,0.90,0.3300,0
188,0.4762,0.10,0.6345,0.40,0.8790,0.90,0.3307,0
189,0.4807,0.10,0.6338,0.40,0.8786,0.90,0.3301,0
190,0.4851,0.10,0.6331,0.40,0.8787,0.90,0.3314,0
191,0.4895,0.10,0.6324,0.40,0.8783,0.90,0.3340,0
192,0.4883,0.10,0.6317,0.40,0.8784,0.90,0.3353,0
193,0.4926,0.10,0.6310,0.40,0.8785,0.90,0.3353,0
194,0.4969,0.10,0.6303,0.40,0.8781,0.90,0.3391,0
195,0.4957,0.10,0.6330,0.40,0.8778,0.90,0.3403,0
196,0.4945,0.10,0.6356,0.40,0.8775,0.90,0.3410,0
197,0.4988,0.10,0.6382,0.40,0.8775,0.90,0.3428,0
198,0.4976,0.10,0.6374,0.40,0.8776,0.90,0.3434,0
199,0.4964,0.10,0.6400,0.40,0.8773,0.90,0.3421,0
200,0.4952,0.10,0.6393,0.40,0.8773,0.90,0.3427,0
201,0.4995,0.10,0.6418,0.40,0.8774,0.90,0.3427,0
202,0.5037,0.10,0.6443,0.40,0.8775,0.90,0.3439,0
203,0.5025,0.10,0.6436,0.40,0.8775,0.90,0.3433,0
204,0.5067,0.10,0.6428,0.40,0.8772,0.90,0.3444,0
205,0.5054,0.10,0.6453,0.40,0.8773,0.90,0.3438,0
206,0.5096,0.10,0.6478,0.40,0.8773,0.90,0.3450,0
207,0.5083,0.10,0.6470,0.40,0.8774,0.90,0.3462,0
208,0.5124,0.10,0.6495,0.40,0.8771,0.90,0.3456,0
209,0.5112,0.10,0.6487,0.40,0.8772,0.90,0.3473,0
210,0.5153,0.10,0.6480,0.40,0.8772,0.90,0.3485,0
211,0.5140,0.10,0.6504,0.40,0.8773,0.90,0.3503,0
212,0.5128,0.10,0.6528,0.40,0.8774,0.90,0.3520,0
213,0.5168,0.10,0.6520,0.40,0.8770,0.90,0.3513,0
214,0.5208,0.10,0.6544,0.40,0.8771,0.90,0.3524,0
215,0.5248,0.10,0.6536,0.40,0.8772,0.90,0.3518,0
216,0.5287,0.10,0.6529,0.40,0.8768,0.90,0.3523,0
217,0.5274,0.10,0.6521,0.40,0.8765,0.90,0.3546,0
218,0.5261,0.10,0.6545,0.40,0.8766,0.90,0.3534,0
219,0.5248,0.10,0.6537,0.40,0.8763,0.90,0.3556,0
220,0.5287,0.10,0.6530,0.40,0.8763,0.90,0.3573,0
221,0.5326,0.10,0.6522,0.40,0.8760,0.90,0.3573,0
222,0.5313,0.10,0.6515,0.40,0.8761,0.90,0.3560,0
223,0.5300,0.10,0.6507,0.40,0.8762,0.90,0.3554,0
224,0.5338,0.10,0.6531,0.40,0.8762,0.90,0.3553,0
225,0.5376,0.10,0.6523,0.40,0.8763,0.90,0.3575,0
226,0.5363,0.10,0.6516,0.40,0.8764,0.90,0.3608,0
227,0.5401,0.10,0.6540,0.40,0.8765,0.90,0.3596,0
228,0.5438,0.10,0.6563,0.40,0.8765,0.90,0.3607,0
229,0.5425,0.10,0.6586,0.40,0.8766,0.90,0.3622,0
230,0.5462,0.10,0.6579,0.40,0.8763,0.90,0.3616,0
231,0.5498,0.10,0.6571,0.40,0.8763,0.90,0.3621,0
232,0.5485,0.10,0.6563,0.40,0.8764,0.90,0.3626,0
233,0.5521,0.10,0.6586,0.40,0.8765,0.90,0.3641,0
234,0.5507,0.10,0.6609,0.40,0.8766,0.90,0.3662,0
235,0.5494,0.10,0.6632,0.40,0.8762,0.90,0.3673,0
236,0.5480,0.10,0.6624,0.40,0.8759,0.90,0.3694,0
237,0.5467,0.10,0.6647,0.40,0.8760,0.90,0.3709,0
238,0.5453,0.10,0.6669,0.40,0.8761,0.90,0.3729,0
239,0.5490,0.10,0.6691,0.40,0.8761,0.90,0.3748,0
240,0.5526,0.10,0.6683,0.40,0.8762,0.90,0.3768,0
241,0.5512,0.10,0.6675,0.40,0.8759,0.90,0.3756,0
242,0.5499,0.10,0.6667,0.40,0.8760,0.90,0.3756,0
243,0.5535,0.10,0.6689,0.40,0.8760,0.90,0.3756,0
244,0.5521,0.10,0.6681,0.40,0.8757,0.90,0.3776,0
245,0.5508,0.10,0.6673,0.40,0.8758,0.90,0.3790,0
246,0.5494,0.10,0.6695,0.40,0.8759,0.90,0.3800,0
247,0.5530,0.10,0.6687,0.40,0.8759,0.90,0.3804,0
248,0.5517,0.10,0.6678,0.40,0.8756,0.90,0.3814,0
249,0.5553,0.10,0.6700,0.40,0.8757,0.90,0.3824,0
250,0.5539,0.10,0.6722,0.40,0.8758,0.90,0.3824,0
251,0.5525,0.10,0.6743,0.40,0.8755,0.90,0.3824,0
252,0.5512,0.10,0.6735,0.40,0.8755,0.90,0.3816,0
253,0.5548,0.10,0.6756,0.40,0.8752,0.90,0.3797,0
254,0.5534,0.10,0.6777,0.40,0.8749,0.90,0.3791,0
255,0.5569,0.10,0.6769,0.40,0.8750,0.90,0.3811,0
256,0.5556,0.10,0.6760,0.40,0.8751,0.90,0.3799,0
257,0.5542,0.10,0.6752,0.40,0.8748,0.90,0.3803,0
258,0.5578,0.10,0.6744,0.40,0.8745,0.90,0.3822,0
259,0.5613,0.10,0.6765,0.40,0.8746,0.90,0.3832,0
260,0.5599,0.10,0.6786,0.40,0.8743,0.90,0.3824,0
261,0.5585,0.10,0.6806,0.40,0.8743,0.90,0.3852,0
262,0.5620,0.10,0.6798,0.40,0.8744,0.90,0.3856,0
263,0.5606,0.10,0.6818,0.40,0.8745,0.90,0.3859,0
264,0.5592,0.10,0.6839,0.40,0.8742,0.90,0.3863,0
265,0.5579,0.10,0.6859,0.40,0.8743,0.90,0.3857,0
266,0.5565,0.10,0.6850,0.40,0.8740,0.90,0.3851,0
267,0.5551,0.10,0.6841,0.40,0.8737,0.90,0.3888,0
268,0.5587,0.10,0.6861,0.40,0.8738,0.90,0.3882,0
269,0.5573,0.10,0.6881,0.40,0.8735,0.90,0.3901,0
270,0.5559,0.10,0.6900,0.40,0.8736,0.90,0.3922,0
271,0.5594,0.10,0.6892,0.40,0.8733,0.90,0.3931,0
272,0.5581,0.10,0.6883,0.40,0.8734,0.90,0.3925,0
273,0.5567,0.10,0.6874,0.40,0.8735,0.90,0.3926,0
274,0.5553,0.10,0.6866,0.40,0.8732,0.90,0.3953,0
275,0.5539,0.10,0.6857,0.40,0.8729,0.90,0.3965,0
276,0.5526,0.10,0.6877,0.40,0.8730,0.90,0.3953,0
277,0.5562,0.10,0.6868,0.40,0.8731,0.90,0.3953,0
278,0.5548,0.10,0.6860,0.40,0.8728,0.90,0.3942,0
279,0.5534,0.10,0.6851,0.40,0.8729,0.90,0.3948,0
280,0.5521,0.10,0.6843,0.40,0.8729,0.90,0.3948,0
281,0.5507,0.10,0.6862,0.40,0.8730,0.90,0.3939,0
282,0.5543,0.10,0.6854,0.40,0.8727,0.90,0.3951,0
283,0.5578,0.10,0.6845,0.40,0.8728,0.90,0.3945,0
284,0.5565,0.10,0.6837,0.40,0.8729,0.90,0.3957,0
285,0.5551,0.10,0.6828,0.40,0.8726,0.90,0.3969,0
286,0.5537,0.10,0.6820,0.40,0.8724,0.90,0.3980,0
287,0.5573,0.10,0.6811,0.40,0.8724,0.90,0.3975,0
288,0.5608,0.10,0.6803,0.40,0.8722,0.90,0.3992,0
289,0.5594,0.10,0.6794,0.40,0.8719,0.90,0.3997,0
290,0.5580,0.10,0.6786,0.40,0.8720,0.90,0.3997,0
291,0.5567,0.10,0.6778,0.40,0.8717,0.90,0.4008,0
292,0.5602,0.10,0.6769,0.40,0.8718,0.90,0.4011,0
293,0.5588,0.10,0.6790,0.40,0.8719,0.90,0.4017,0
294,0.5574,0.10,0.6782,0.40,0.8720,0.90,0.4011,0
295,0.5609,0.10,0.6773,0.40,0.8721,0.90,0.4011,0
296,0.5644,0.10,0.6794,0.40,0.8722,0.90,0.4019,0
297,0.5678,0.10,0.6786,0.40,0.8722,0.90,0.4028,0
298,0.5712,0.10,0.6777,0.40,0.8720,0.90,0.4044,0
299,0.5746,0.10,0.6769,0.40,0.8717,0.90,0.4055,0
300,0.5779,0.10,0.6790,0.40,0.8718,0.90,0.4071,0
301,0.5811,0.10,0.6810,0.40,0.8715,0.90,0.4060,0
302,0.5797,0.10,0.6802,0.40,0.8713,0.90,0.4068,0
303,0.5783,0.10,0.6822,0.40,0.8710,0.90,0.4079,0
304,0.5768,0.10,0.6814,0.40,0.8708,0.90,0.4073,0
305,0.5754,0.10,0.6805,0.40,0.8705,0.90,0.4070,0
306,0.5740,0.10,0.6826,0.40,0.8706,0.90,0.4065,0
307,0.5725,0.10,0.6817,0.40,0.8707,0.90,0.4073,0
308,0.5759,0.10,0.6809,0.40,0.8704,0.90,0.4088,0
309,0.5792,0.10,0.6800,0.40,0.8702,0.90,0.4083,0
310,0.5824,0.10,0.6792,0.40,0.8703,0.90,0.4083,0
311,0.5810,0.10,0.6812,0.40,0.8704,0.90,0.4083,0
312,0.5842,0.10,0.6833,0.40,0.8705,0.90,0.4072,0
313,0.5827,0.10,0.6853,0.40,0.8702,0.90,0.4088,0
314,0.5859,0.10,0.6844,0.40,0.8703,0.90,0.4104,0
315,0.5845,0.10,0.6836,0.40,0.8704,0.90,0.4098,0
316,0.5830,0.10,0.6827,0.40,0.8705,0.90,0.4095,0
317,0.5862,0.10,0.6847,0.40,0.8706,0.90,0.4097,0
318,0.5894,0.10,0.6867,0.40,0.8707,0.90,0.4105,0
319,0.5879,0.10,0.6858,0.40,0.8708,0.90,0.4113,0
320,0.5865,0.10,0.6850,0.40,0.8705,0.90,0.4123,0
321,0.5896,0.10,0.6870,0.40,0.8706,0.90,0.4133,0
322,0.5928,0.10,0.6861,0.40,0.8707,0.90,0.4143,0
323,0.5958,0.10,0.6881,0.40,0.8708,0.90,0.4134,0
324,0.5944,0.10,0.6872,0.40,0.8709,0.90,0.4131,0
325,0.5974,0.10,0.6892,0.40,0.8709,0.90,0.4126,0
326,0.5959,0.10,0.6883,0.40,0.8710,0.90,0.4134,0
327,0.5944,0.10,0.6902,0.40,0.8708,0.90,0.4130,0
328,0.5975,0.10,0.6921,0.40,0.8705,0.90,0.4145,0
329,0.6005,0.10,0.6913,0.40,0.8703,0.90,0.4145,0
330,0.5990,0.10,0.6904,0.40,0.8704,0.90,0.4157,0
331,0.5975,0.10,0.6923,0.40,0.8705,0.90,0.4154,0
332,0.6006,0.10,0.6914,0.40,0.8702,0.90,0.4133,0
333,0.5991,0.10,0.6933,0.40,0.8703,0.90,0.4133,0
334,0.5976,0.10,0.6952,0.40,0.8701,0.90,0.4141,0
335,0.5961,0.10,0.6943,0.40,0.8702,0.90,0.4135,0
336,0.5991,0.10,0.6935,0.40,0.8702,0.90,0.4150,0
337,0.5976,0.10,0.6926,0.40,0.8700,0.90,0.4159,0
338,0.5961,0.10,0.6917,0.40,0.8698,0.90,0.4174,0
339,0.5947,0.10,0.6936,0.40,0.8695,0.90,0.4188,0
340,0.5977,0.10,0.6955,0.40,0.8693,0.90,0.4188,0
341,0.5962,0.10,0.6973,0.40,0.8691,0.90,0.4196,0
342,0.5947,0.10,0.6992,0.40,0.8691,0.90,0.4210,0
343,0.5932,0.10,0.6983,0.40,0.8692,0.90,0.4212,0
344,0.5963,0.10,0.6974,0.40,0.8690,0.90,0.4196,0
345,0.5948,0.10,0.6965,0.40,0.8691,0.90,0.4211,0
346,0.5979,0.10,0.6983,0.40,0.8689,0.90,0.4195,0
347,0.5964,0.10,0.7001,0.40,0.8686,0.90,0.4202,0
348,0.5949,0.10,0.6992,0.40,0.8684,0.90,0.4194,0
349,0.5980,0.10,0.6983,0.40,0.8685,0.90,0.4201,0
350,0.5965,0.10,0.7002,0.40,0.8686,0.90,0.4222,0
351,0.5950,0.10,0.6993,0.40,0.8687,0.90,0.4229,0
352,0.5935,0.10,0.6984,0.40,0.8688,0.90,0.4250,0
353,0.5966,0.10,0.7002,0.40,0.8689,0.90,0.4240,0
354,0.5996,0.10,0.6993,0.40,0.8687,0.90,0.4234,0
355,0.6026,0.10,0.7011,0.40,0.8684,0.90,0.4255,0
356,0.6056,0.10,0.7029,0.40,0.8682,0.90,0.4255,0
357,0.6041,0.10,0.7020,0.40,0.8683,0.90,0.4264,0
358,0.6070,0.10,0.7037,0.40,0.8684,0.90,0.4284,0
359,0.6055,0.10,0.7055,0.40,0.8685,0.90,0.4276,0
360,0.6040,0.10,0.7046,0.40,0.8683,0.90,0.4296,0
361,0.6070,0.10,0.7063,0.40,0.8681,0.90,0.4304,0
362,0.6054,0.10,0.7054,0.40,0.8682,0.90,0.4312,0
363,0.6084,0.10,0.7071,0.40,0.8679,0.90,0.4319,0
364,0.6068,0.10,0.7062,0.40,0.8680,0.90,0.4321,0
365,0.6098,0.10,0.7079,0.40,0.8678,0.90,0.4316,0
366,0.6082,0.10,0.7070,0.40,0.8679,0.90,0.4324,0
367,0.6111,0.10,0.7061,0.40,0.8677,0.90,0.4343,0
368,0.6096,0.10,0.7052,0.40,0.8678,0.90,0.4346,0
369,0.6081,0.10,0.7043,0.40,0.8679,0.90,0.4372,0
370,0.6110,0.10,0.7034,0.40,0.8680,0.90,0.4372,0
371,0.6138,0.10,0.7024,0.40,0.8678,0.90,0.4375,0
372,0.6167,0.10,0.7015,0.40,0.8676,0.90,0.4376,0
373,0.6151,0.10,0.7006,0.40,0.8677,0.90,0.4379,0
374,0.6179,0.10,0.6997,0.40,0.8675,0.90,0.4381,0
375,0.6164,0.10,0.6988,0.40,0.8675,0.90,0.4383,0
376,0.6192,0.10,0.6979,0.40,0.8673,0.90,0.4390,0
377,0.6220,0.10,0.6970,0.40,0.8674,0.90,0.4396,0
378,0.6247,0.10,0.6961,0.40,0.8675,0.90,0.4396,0
379,0.6274,0.10,0.6980,0.40,0.8676,0.90,0.4402,0
380,0.6258,0.10,0.6998,0.40,0.8674,0.90,0.4415,0
381,0.6242,0.10,0.6989,0.40,0.8675,0.90,0.4422,0
382,0.6270,0.10,0.7007,0.40,0.8673,0.90,0.4417,0
383,0.6254,0.10,0.7025,0.40,0.8671,0.90,0.4417,0
384,0.6281,0.10,0.7043,0.40,0.8672,0.90,0.4430,0
385,0.6265,0.10,0.7060,0.40,0.8673,0.90,0.4442,0
386,0.6249,0.10,0.7051,0.40,0.8671,0.90,0.4442,0
387,0.6233,0.10,0.7042,0.40,0.8669,0.90,0.4448,0
388,0.6218,0.10,0.7033,0.40,0.8670,0.90,0.4444,0
389,0.6245,0.10,0.7051,0.40,0.8668,0.90,0.4457,0
390,0.6272,0.10,0.7041,0.40,0.8669,0.90,0.4470,0
391,0.6256,0.10,0.7032,0.40,0.8667,0.90,0.4470,0
392,0.6283,0.10,0.7050,0.40,0.8668,0.90,0.4476,0
393,0.6267,0.10,0.7067,0.40,0.8669,0.90,0.4494,0
394,0.6294,0.10,0.7084,0.40,0.8667,0.90,0.4494,0
395,0.6278,0.10,0.7075,0.40,0.8668,0.90,0.4500,0
396,0.6262,0.10,0.7092,0.40,0.8666,0.90,0.4501,0
397,0.6289,0.10,0.7109,0.40,0.8667,0.90,0.4496,0
398,0.6316,0.10,0.7100,0.40,0.8665,0.90,0.4508,0
399,0.6300,0.10,0.7117,0.40,0.8666,0.90,0.4532,0
400,0.6284,0.10,0.7107,0.40,0.8664,0.90,0.4538,0
401,0.6310,0.10,0.7124,0.40,0.8665,0.90,0.4539,0
402,0.6337,0.10,0.7115,0.40,0.8666,0.90,0.4545,0
403,0.6363,0.10,0.7105,0.40,0.8664,0.90,0.4547,0
404,0.6388,0.10,0.7096,0.40,0.8662,0.90,0.4548,0
405,0.6372,0.10,0.7087,0.40,0.8660,0.90,0.4544,0
406,0.6356,0.10,0.7077,0.40,0.8658,0.90,0.4556,0
407,0.6340,0.10,0.7095,0.40,0.8659,0.90,0.4557,0
408,0.6324,0.10,0.7111,0.40,0.8660,0.90,0.4569,0
409,0.6308,0.10,0.7128,0.40,0.8661,0.90,0.4565,0
410,0.6292,0.10,0.7119,0.40,0.8659,0.90,0.4582,0
411,0.6319,0.10,0.7135,0.40,0.8660,0.90,0.4589,0
412,0.6345,0.10,0.7152,0.40,0.8658,0.90,0.4589,0
413,0.6371,0.10,0.7142,0.40,0.8659,0.90,0.4600,0
414,0.6396,0.10,0.7133,0.40,0.8657,0.90,0.4611,0
415,0.6380,0.10,0.7123,0.40,0.8658,0.90,0.4612,0
416,0.6405,0.10,0.7114,0.40,0.8656,0.90,0.4613,0
417,0.6389,0.10,0.7105,0.40,0.8657,0.90,0.4604,0
418,0.6373,0.10,0.7095,0.40,0.8658,0.90,0.4600,0
419,0.6399,0.10,0.7086,0.40,0.8660,0.90,0.4596,0
420,0.6382,0.10,0.7077,0.40,0.8661,0.90,0.4586,0
421,0.6366,0.10,0.7068,0.40,0.8662,0.90,0.4603,0
422,0.6392,0.10,0.7058,0.40,0.8663,0.90,0.4614,0
423,0.6376,0.10,0.7076,0.40,0.8661,0.90,0.4625,0
424,0.6360,0.10,0.7066,0.40,0.8662,0.90,0.4620,0
425,0.6343,0.10,0.7057,0.40,0.8663,0.90,0.4611,0
426,0.6327,0.10,0.7048,0.40,0.8664,0.90,0.4612,0
427,0.6311,0.10,0.7039,0.40,0.8662,0.90,0.4629,0
428,0.6296,0.10,0.7030,0.40,0.8663,0.90,0.4625,0
429,0.6280,0.10,0.7047,0.40,0.8664,0.90,0.4620,0
430,0.6306,0.10,0.7038,0.40,0.8665,0.90,0.4631,0
431,0.6290,0.10,0.7056,0.40,0.8663,0.90,0.4637,0
432,0.6317,0.10,0.7047,0.40,0.8664,0.90,0.4642,0
433,0.6343,0.10,0.7064,0.40,0.8662,0.90,0.4648,0
434,0.6369,0.10,0.7081,0.40,0.8660,0.90,0.4653,0
435,0.6353,0.10,0.7098,0.40,0.8658,0.90,0.4675,0
436,0.6337,0.10,0.7089,0.40,0.8659,0.90,0.4685,0
437,0.6321,0.10,0.7080,0.40,0.8660,0.90,0.4676,0
438,0.6305,0.10,0.7097,0.40,0.8658,0.90,0.4681,0
439,0.6289,0.10,0.7088,0.40,0.8659,0.90,0.4672,0
440,0.6315,0.10,0.7105,0.40,0.8660,0.90,0.4667,0
441,0.6299,0.10,0.7095,0.40,0.8658,0.90,0.4663,0
442,0.6326,0.10,0.7086,0.40,0.8659,0.90,0.4674,0
443,0.6310,0.10,0.7103,0.40,0.8660,0.90,0.4684,0
444,0.6294,0.10,0.7094,0.40,0.8661,0.90,0.4685,0
445,0.6278,0.10,0.7110,0.40,0.8659,0.90,0.4701,0
446,0.6262,0.10,0.7127,0.40,0.8660,0.90,0.4711,0
447,0.6289,0.10,0.7118,0.40,0.8658,0.90,0.4707,0
448,0.6316,0.10,0.7108,0.40,0.8659,0.90,0.4717,0
449,0.6300,0.10,0.7099,0.40,0.8660,0.90,0.4708,0
450,0.6284,0.10,0.7090,0.40,0.8661,0.90,0.4704,0
451,0.6310,0.10,0.7080,0.40,0.8663,0.90,0.4714,0
452,0.6294,0.10,0.7071,0.40,0.8661,0.90,0.4710,0
453,0.6279,0.10,0.7062,0.40,0.8662,0.90,0.4716,0
454,0.6305,0.10,0.7079,0.40,0.8663,0.90,0.4716,0
455,0.6289,0.10,0.7070,0.40,0.8664,0.90,0.4711,0
456,0.6316,0.10,0.7061,0.40,0.8665,0.90,0.4712,0
457,0.6342,0.10,0.7052,0.40,0.8666,0.90,0.4699,0
458,0.6326,0.10,0.7043,0.40,0.8664,0.90,0.4694,0
459,0.6352,0.10,0.7060,0.40,0.8665,0.90,0.4699,0
460,0.6336,0.10,0.7077,0.40,0.8663,0.90,0.4699,0
461,0.6362,0.10,0.7094,0.40,0.8664,0.90,0.4699,0
462,0.6388,0.10,0.7085,0.40,0.8662,0.90,0.4695,0
463,0.6372,0.10,0.7076,0.40,0.8660,0.90,0.4695,0
464,0.6397,0.10,0.7067,0.40,0.8658,0.90,0.4695,0
465,0.6381,0.10,0.7057,0.40,0.8656,0.90,0.4692,0
466,0.6365,0.10,0.7075,0.40,0.8657,0.90,0.4711,0
467,0.6349,0.10,0.7065,0.40,0.8658,0.90,0.4712,0
468,0.6374,0.10,0.7056,0.40,0.8659,0.90,0.4722,0
469,0.6358,0.10,0.7047,0.40,0.8657,0.90,0.4731,0
470,0.6384,0.10,0.7065,0.40,0.8658,0.90,0.4727,0
471,0.6368,0.10,0.7055,0.40,0.8659,0.90,0.4737,0
472,0.6393,0.10,0.7073,0.40,0.8657,0.90,0.4742,0
473,0.6419,0.10,0.7090,0.40,0.8658,0.90,0.4747,0
474,0.6444,0.10,0.7081,0.40,0.8659,0.90,0.4747,0
475,0.6427,0.10,0.7098,0.40,0.8660,0.90,0.4747,0
476,0.6452,0.10,0.7088,0.40,0.8661,0.90,0.4748,0
477,0.6477,0.10,0.7079,0.40,0.8662,0.90,0.4748,0
478,0.6501,0.10,0.7096,0.40,0.8663,0.90,0.4744,0
479,0.6525,0.10,0.7087,0.40,0.8664,0.90,0.4740,0
480,0.6509,0.10,0.7078,0.40,0.8665,0.90,0.4755,0
481,0.6532,0.10,0.7095,0.40,0.8663,0.90,0.4759,0
482,0.6556,0.10,0.7085,0.40,0.8661,0.90,0.4764,0
483,0.6539,0.10,0.7076,0.40,0.8662,0.90,0.4774,0
484,0.6523,0.10,0.7067,0.40,0.8661,0.90,0.4756,0
485,0.6506,0.10,0.7058,0.40,0.8662,0.90,0.4757,0
486,0.6490,0.10,0.7048,0.40,0.8663,0.90,0.4785,0
487,0.6473,0.10,0.7039,0.40,0.8664,0.90,0.4799,0
488,0.6457,0.10,0.7057,0.40,0.8665,0.90,0.4804,0
489,0.6481,0.10,0.7048,0.40,0.8666,0.90,0.4804,0
490,0.6465,0.10,0.7039,0.40,0.8664,0.90,0.4804,0
491,0.6448,0.10,0.7056,0.40,0.8662,0.90,0.4814,0
492,0.6432,0.10,0.7047,0.40,0.8663,0.90,0.4810,0
493,0.6457,0.10,0.7038,0.40,0.8664,0.90,0.4819,0
494,0.6481,0.10,0.7055,0.40,0.8662,0.90,0.4815,0
495,0.6506,0.10,0.7073,0.40,0.8660,0.90,0.4815,0
496,0.6489,0.10,0.7063,0.40,0.8661,0.90,0.4833,0
497,0.6473,0.10,0.7081,0.40,0.8662,0.90,0.4843,0
498,0.6456,0.10,0.7071,0.40,0.8660,0.90,0.4852,0
499,0.6440,0.10,0.7062,0.40,0.8661,0.90,0.4856,0
500,0.6424,0.10,0.7053,0.40,0.8662,0.90,0.4852,0
501,0.6407,0.10,0.7044,0.40,0.8660,0.90,0.4861,0
502,0.6391,0.10,0.7035,0.40,0.8661,0.90,0.4861,0
503,0.6375,0.10,0.7052,0.40,0.8662,0.90,0.4870,0
504,0.6400,0.10,0.7070,0.40,0.8663,0.90,0.4870,0
505,0.6426,0.10,0.7087,0.40,0.8664,0.90,0.4875,0
506,0.6409,0.10,0.7078,0.40,0.8665,0.90,0.4879,0
507,0.6393,0.10,0.7095,0.40,0.8666,0.90,0.4888,0
508,0.6377,0.10,0.7112,0.40,0.8667,0.90,0.4884,0
509,0.6361,0.10,0.7102,0.40,0.8668,0.90,0.4885,0
510,0.6386,0.10,0.7093,0.40,0.8669,0.90,0.4889,0
511,0.6412,0.10,0.7084,0.40,0.8667,0.90,0.4893,0
512,0.6437,0.10,0.7101,0.40,0.8665,0.90,0.4893,0
513,0.6462,0.10,0.7117,0.40,0.8666,0.90,0.4898,0
514,0.6445,0.10,0.7108,0.40,0.8667,0.90,0.4894,0
515,0.6429,0.10,0.7125,0.40,0.8665,0.90,0.4903,0
516,0.6454,0.10,0.7115,0.40,0.8663,0.90,0.4903,0
517,0.6437,0.10,0.7132,0.40,0.8661,0.90,0.4895,0
518,0.6421,0.10,0.7148,0.40,0.8659,0.90,0.4895,0
519,0.6405,0.10,0.7165,0.40,0.8660,0.90,0.4904,0
520,0.6389,0.10,0.7155,0.40,0.8661,0.90,0.4925,0
521,0.6372,0.10,0.7171,0.40,0.8659,0.90,0.4938,0
522,0.6398,0.10,0.7162,0.40,0.8660,0.90,0.4942,0
523,0.6382,0.10,0.7152,0.40,0.8661,0.90,0.4942,0
524,0.6366,0.10,0.7168,0.40,0.8659,0.90,0.4938,0
525,0.6350,0.10,0.7159,0.40,0.8660,0.90,0.4938,0
526,0.6333,0.10,0.7149,0.40,0.8658,0.90,0.4934,0
527,0.6317,0.10,0.7166,0.40,0.8659,0.90,0.4942,0
528,0.6344,0.10,0.7156,0.40,0.8658,0.90,0.4943,0
529,0.6328,0.10,0.7147,0.40,0.8659,0.90,0.4947,0
530,0.6354,0.10,0.7163,0.40,0.8657,0.90,0.4947,0
531,0.6338,0.10,0.7179,0.40,0.8655,0.90,0.4947,0
532,0.6364,0.10,0.7169,0.40,0.8656,0.90,0.4947,0
533,0.6389,0.10,0.7160,0.40,0.8657,0.90,0.4951,0
534,0.6415,0.10,0.7150,0.40,0.8655,0.90,0.4947,0
535,0.6440,0.10,0.7141,0.40,0.8656,0.90,0.4947,0
536,0.6464,0.10,0.7157,0.40,0.8657,0.90,0.4948,0
537,0.6448,0.10,0.7148,0.40,0.8658,0.90,0.4956,0
538,0.6432,0.10,0.7138,0.40,0.8659,0.90,0.4960,0
539,0.6456,0.10,0.7155,0.40,0.8660,0.90,0.4960,0
540,0.6481,0.10,0.7171,0.40,0.8661,0.90,0.4956,0
541,0.6505,0.10,0.7161,0.40,0.8659,0.90,0.4956,0
542,0.6489,0.10,0.7152,0.40,0.8657,0.90,0.4968,0
543,0.6472,0.10,0.7168,0.40,0.8655,0.90,0.4976,0
544,0.6456,0.10,0.7159,0.40,0.8656,0.90,0.4976,0
545,0.6439,0.10,0.7149,0.40,0.8655,0.90,0.4992,0
546,0.6464,0.10,0.7140,0.40,0.8656,0.90,0.5000,0
547,0.6489,0.10,0.7130,0.40,0.8657,0.90,0.5008,0
548,0.6513,0.10,0.7121,0.40,0.8658,0.90,0.5012,0
549,0.6496,0.10,0.7111,0.40,0.8659,0.90,0.5016,0
550,0.6520,0.10,0.7128,0.40,0.8657,0.90,0.5020,0
551,0.6544,0.10,0.7145,0.40,0.8655,0.90,0.5023,0
552,0.6527,0.10,0.7135,0.40,0.8656,0.90,0.5023,0
553,0.6551,0.10,0.7126,0.40,0.8657,0.90,0.5023,0
554,0.6534,0.10,0.7116,0.40,0.8655,0.90,0.5035,0
555,0.6518,0.10,0.7107,0.40,0.8656,0.90,0.5031,0
556,0.6501,0.10,0.7098,0.40,0.8657,0.90,0.5031,0
557,0.6525,0.10,0.7115,0.40,0.8655,0.90,0.5031,0
558,0.6509,0.10,0.7105,0.40,0.8656,0.90,0.5027,0
559,0.6492,0.10,0.7096,0.40,0.8657,0.90,0.5023,0
560,0.6476,0.10,0.7087,0.40,0.8658,0.90,0.5027,0
561,0.6500,0.10,0.7104,0.40,0.8656,0.90,0.5035,0
562,0.6524,0.10,0.7094,0.40,0.8655,0.90,0.5034,0
563,0.6548,0.10,0.7085,0.40,0.8656,0.90,0.5034,0
564,0.6571,0.10,0.7076,0.40,0.8657,0.90,0.5034,0
565,0.6594,0.10,0.7066,0.40,0.8655,0.90,0.5031,0
566,0.6617,0.10,0.7057,0.40,0.8656,0.90,0.5031,0
567,0.6640,0.10,0.7048,0.40,0.8657,0.90,0.5031,0
568,0.6662,0.10,0.7039,0.40,0.8655,0.90,0.5023,0
569,0.6645,0.10,0.7030,0.40,0.8656,0.90,0.5030,0
570,0.6667,0.10,0.7047,0.40,0.8657,0.90,0.5034,0
571,0.6689,0.10,0.7038,0.40,0.8658,0.90,0.5030,0
572,0.6672,0.10,0.7029,0.40,0.8659,0.90,0.5045,0
573,0.6694,0.10,0.7020,0.40,0.8660,0.90,0.5053,0
574,0.6677,0.10,0.7011,0.40,0.8661,0.90,0.5056,0
575,0.6660,0.10,0.7029,0.40,0.8662,0.90,0.5056,0
576,0.6682,0.10,0.7020,0.40,0.8660,0.90,0.5056,0
577,0.6704,0.10,0.7038,0.40,0.8658,0.90,0.5063,0
578,0.6725,0.10,0.7028,0.40,0.8656,0.90,0.5063,0
579,0.6708,0.10,0.7019,0.40,0.8657,0.90,0.5071,0
580,0.6730,0.10,0.7010,0.40,0.8658,0.90,0.5074,0
581,0.6713,0.10,0.7001,0.40,0.8659,0.90,0.5070,0
582,0.6695,0.10,0.7019,0.40,0.8658,0.90,0.5085,0
583,0.6717,0.10,0.7037,0.40,0.8659,0.90,0.5088,0
584,0.6700,0.10,0.7055,0.40,0.8657,0.90,0.5088,0
585,0.6722,0.10,0.7045,0.40,0.8658,0.90,0.5095,0
586,0.6743,0.10,0.7036,0.40,0.8659,0.90,0.5106,0
587,0.6726,0.10,0.7054,0.40,0.8657,0.90,0.5109,0
588,0.6708,0.10,0.7071,0.40,0.8655,0.90,0.5113,0
589,0.6691,0.10,0.7062,0.40,0.8656,0.90,0.5124,0
590,0.6713,0.10,0.7079,0.40,0.8657,0.90,0.5127,0
591,0.6696,0.10,0.7096,0.40,0.8658,0.90,0.5130,0
592,0.6679,0.10,0.7087,0.40,0.8659,0.90,0.5130,0
593,0.6662,0.10,0.7104,0.40,0.8660,0.90,0.5148,0
594,0.6645,0.10,0.7095,0.40,0.8661,0.90,0.5151,0
595,0.6628,0.10,0.7085,0.40,0.8659,0.90,0.5140,0
596,0.6611,0.10,0.7076,0.40,0.8660,0.90,0.5150,0
597,0.6594,0.10,0.7067,0.40,0.8661,0.90,0.5157,0
598,0.6577,0.10,0.7058,0.40,0.8662,0.90,0.5157,0
599,0.6561,0.10,0.7049,0.40,0.8663,0.90,0.5160,0
600,0.6544,0.10,0.7039,0.40,0.8664,0.90,0.5149,0
601,0.6567,0.10,0.7030,0.40,0.8665,0.90,0.5152,0
602,0.6591,0.10,0.7021,0.40,0.8663,0.90,0.5152,0
603,0.6614,0.10,0.7012,0.40,0.8661,0.90,0.5159,0
604,0.6597,0.10,0.7003,0.40,0.8662,0.90,0.5162,0
605,0.6580,0.10,0.6994,0.40,0.8663,0.90,0.5172,0
606,0.6563,0.10,0.7012,0.40,0.8664,0.90,0.5179,0
607,0.6586,0.10,0.7003,0.40,0.8665,0.90,0.5182,0
608,0.6570,0.10,0.7021,0.40,0.8666,0.90,0.5182,0
609,0.6553,0.10,0.7039,0.40,0.8667,0.90,0.5192,0
610,0.6576,0.10,0.7056,0.40,0.8668,0.90,0.5188,0
611,0.6599,0.10,0.7047,0.40,0.8666,0.90,0.5195,0
612,0.6622,0.10,0.7038,0.40,0.8667,0.90,0.5191,0
613,0.6605,0.10,0.7029,0.40,0.8665,0.90,0.5204,0
614,0.6628,0.10,0.7020,0.40,0.8663,0.90,0.5208,0
615,0.6651,0.10,0.7011,0.40,0.8664,0.90,0.5224,0
616,0.6634,0.10,0.7029,0.40,0.8665,0.90,0.5231,0
617,0.6656,0.10,0.7020,0.40,0.8666,0.90,0.5237,0
618,0.6678,0.10,0.7011,0.40,0.8664,0.90,0.5240,0
619,0.6700,0.10,0.7001,0.40,0.8665,0.90,0.5247,0
620,0.6722,0.10,0.7019,0.40,0.8666,0.90,0.5253,0
621,0.6743,0.10,0.7010,0.40,0.8664,0.90,0.5266,0
622,0.6764,0.10,0.7001,0.40,0.8662,0.90,0.5266,0
623,0.6785,0.10,0.7019,0.40,0.8663,0.90,0.5262,0
624,0.6805,0.10,0.7037,0.40,0.8664,0.90,0.5259,0
625,0.6826,0.10,0.7028,0.40,0.8662,0.90,0.5258,0
626,0.6846,0.10,0.7019,0.40,0.8663,0.90,0.5271,0
627,0.6828,0.10,0.7010,0.40,0.8664,0.90,0.5273,0
628,0.6811,0.10,0.7001,0.40,0.8666,0.90,0.5289,0
629,0.6831,0.10,0.7019,0.40,0.8664,0.90,0.5292,0
630,0.6851,0.10,0.7037,0.40,0.8662,0.90,0.5285,0
631,0.6834,0.10,0.7054,0.40,0.8660,0.90,0.5288,0
632,0.6854,0.10,0.7045,0.40,0.8658,0.90,0.5294,0
633,0.6836,0.10,0.7036,0.40,0.8656,0.90,0.5290,0
634,0.6856,0.10,0.7027,0.40,0.8657,0.90,0.5293,0
635,0.6838,0.10,0.7018,0.40,0.8655,0.90,0.5293,0
636,0.6821,0.10,0.7009,0.40,0.8656,0.90,0.5282,0
637,0.6841,0.10,0.7000,0.40,0.8654,0.90,0.5288,0
638,0.6823,0.10,0.6991,0.40,0.8652,0.90,0.5294,0
639,0.6844,0.10,0.6982,0.40,0.8653,0.90,0.5297,0
640,0.6863,0.10,0.7000,0.40,0.8654,0.90,0.5303,0
641,0.6846,0.10,0.6991,0.40,0.8655,0.90,0.5303,0
642,0.6828,0.10,0.6982,0.40,0.8654,0.90,0.5309,0
643,0.6811,0.10,0.7000,0.40,0.8652,0.90,0.5315,0
644,0.6793,0.10,0.6991,0.40,0.8653,0.90,0.5315,0
645,0.6814,0.10,0.7009,0.40,0.8654,0.90,0.5328,0
646,0.6796,0.10,0.7000,0.40,0.8655,0.90,0.5327,0
647,0.6779,0.10,0.7018,0.40,0.8653,0.90,0.5329,0
648,0.6762,0.10,0.7036,0.40,0.8651,0.90,0.5339,0
649,0.6744,0.10,0.7027,0.40,0.8649,0.90,0.5332,0
650,0.6727,0.10,0.7045,0.40,0.8648,0.90,0.5344,0
651,0.6710,0.10,0.7035,0.40,0.8646,0.90,0.5340,0
652,0.6693,0.10,0.7053,0.40,0.8644,0.90,0.5349,0
653,0.6715,0.10,0.7070,0.40,0.8645,0.90,0.5355,0
654,0.6697,0.10,0.7061,0.40,0.8643,0.90,0.5358,0
655,0.6680,0.10,0.7078,0.40,0.8642,0.90,0.5357,0
656,0.6702,0.10,0.7095,0.40,0.8643,0.90,0.5369,0
657,0.6685,0.10,0.7112,0.40,0.8644,0.90,0.5371,0
658,0.6707,0.10,0.7103,0.40,0.8645,0.90,0.5364,0
659,0.6690,0.10,0.7094,0.40,0.8646,0.90,0.5364,0
660,0.6673,0.10,0.7084,0.40,0.8647,0.90,0.5359,0
661,0.6695,0.10,0.7075,0.40,0.8645,0.90,0.5352,0
662,0.6678,0.10,0.7066,0.40,0.8643,0.90,0.5352,0
663,0.6699,0.10,0.7083,0.40,0.8645,0.90,0.5348,0
664,0.6682,0.10,0.7074,0.40,0.8643,0.90,0.5345,0
665,0.6704,0.10,0.7065,0.40,0.8641,0.90,0.5347,0
666,0.6687,0.10,0.7055,0.40,0.8642,0.90,0.5336,0
667,0.6670,0.10,0.7046,0.40,0.8643,0.90,0.5342,0
668,0.6692,0.10,0.7037,0.40,0.8644,0.90,0.5344,0
669,0.6675,0.10,0.7055,0.40,0.8643,0.90,0.5344,0
670,0.6658,0.10,0.7046,0.40,0.8641,0.90,0.5355,0
671,0.6641,0.10,0.7063,0.40,0.8642,0.90,0.5352,0
672,0.6624,0.10,0.7080,0.40,0.8643,0.90,0.5345,0
673,0.6607,0.10,0.7071,0.40,0.8641,0.90,0.5351,0
674,0.6590,0.10,0.7088,0.40,0.8642,0.90,0.5356,0
675,0.6613,0.10,0.7079,0.40,0.8641,0.90,0.5361,0
676,0.6596,0.10,0.7070,0.40,0.8639,0.90,0.5360,0
677,0.6619,0.10,0.7087,0.40,0.8640,0.90,0.5360,0
678,0.6602,0.10,0.7078,0.40,0.8641,0.90,0.5371,0
679,0.6625,0.10,0.7095,0.40,0.8642,0.90,0.5374,0
680,0.6608,0.10,0.7111,0.40,0.8640,0.90,0.5377,0
681,0.6591,0.10,0.7128,0.40,0.8642,0.90,0.5377,0
682,0.6575,0.10,0.7145,0.40,0.8643,0.90,0.5376,0
683,0.6558,0.10,0.7135,0.40,0.8644,0.90,0.5376,0
684,0.6581,0.10,0.7152,0.40,0.8645,0.90,0.5381,0
685,0.6604,0.10,0.7142,0.40,0.8646,0.90,0.5378,0
686,0.6587,0.10,0.7133,0.40,0.8647,0.90,0.5380,0
687,0.6571,0.10,0.7149,0.40,0.8645,0.90,0.5400,0
688,0.6594,0.10,0.7140,0.40,0.8643,0.90,0.5406,0
689,0.6617,0.10,0.7130,0.40,0.8644,0.90,0.5411,0
690,0.6600,0.10,0.7121,0.40,0.8646,0.90,0.5407,0
691,0.6583,0.10,0.7111,0.40,0.8647,0.90,0.5410,0
692,0.6566,0.10,0.7128,0.40,0.8648,0.90,0.5418,0
693,0.6550,0.10,0.7145,0.40,0.8649,0.90,0.5415,0
694,0.6533,0.10,0.7135,0.40,0.8647,0.90,0.5423,0
695,0.6516,0.10,0.7126,0.40,0.8648,0.90,0.5422,0
696,0.6500,0.10,0.7116,0.40,0.8649,0.90,0.5416,0
697,0.6483,0.10,0.7107,0.40,0.8647,0.90,0.5418,0
698,0.6467,0.10,0.7098,0.40,0.8646,0.90,0.5429,0
699,0.6450,0.10,0.7088,0.40,0.8647,0.90,0.5434,0
700,0.6434,0.10,0.7079,0.40,0.8648,0.90,0.5436,0
701,0.6418,0.10,0.7070,0.40,0.8646,0.90,0.5447,0
702,0.6443,0.10,0.7087,0.40,0.8647,0.90,0.5443,0
703,0.6467,0.10,0.7104,0.40,0.8648,0.90,0.5445,0
704,0.6451,0.10,0.7121,0.40,0.8649,0.90,0.5453,0
705,0.6435,0.10,0.7111,0.40,0.8650,0.90,0.5452,0
706,0.6418,0.10,0.7128,0.40,0.8651,0.90,0.5457,0
707,0.6402,0.10,0.7119,0.40,0.8649,0.90,0.5451,0
708,0.6427,0.10,0.7109,0.40,0.8648,0.90,0.5447,0
709,0.6411,0.10,0.7100,0.40,0.8646,0.90,0.5446,0
710,0.6395,0.10,0.7091,0.40,0.8647,0.90,0.5451,0
711,0.6420,0.10,0.7081,0.40,0.8648,0.90,0.5451,0
712,0.6404,0.10,0.7072,0.40,0.8649,0.90,0.5456,0
713,0.6429,0.10,0.7063,0.40,0.8647,0.90,0.5464,0
714,0.6454,0.10,0.7054,0.40,0.8645,0.90,0.5466,0
715,0.6478,0.10,0.7071,0.40,0.8646,0.90,0.5474,0
716,0.6462,0.10,0.7062,0.40,0.8648,0.90,0.5473,0
717,0.6486,0.10,0.7079,0.40,0.8649,0.90,0.5473,0
718,0.6470,0.10,0.7096,0.40,0.8650,0.90,0.5472,0
719,0.6453,0.10,0.7087,0.40,0.8648,0.90,0.5477,0
720,0.6437,0.10,0.7078,0.40,0.8649,0.90,0.5468,0
721,0.6421,0.10,0.7068,0.40,0.8650,0.90,0.5470,0
722,0.6446,0.10,0.7086,0.40,0.8648,0.90,0.5473,0
723,0.6470,0.10,0.7076,0.40,0.8649,0.90,0.5477,0
724,0.6454,0.10,0.7067,0.40,0.8647,0.90,0.5479,0
725,0.6438,0.10,0.7084,0.40,0.8646,0.90,0.5481,0
726,0.6462,0.10,0.7075,0.40,0.8647,0.90,0.5483,0
727,0.6446,0.10,0.7066,0.40,0.8648,0.90,0.5488,0
728,0.6430,0.10,0.7057,0.40,0.8646,0.90,0.5498,0
729,0.6455,0.10,0.7047,0.40,0.8644,0.90,0.5500,0
730,0.6438,0.10,0.7038,0.40,0.8642,0.90,0.5500,0
731,0.6422,0.10,0.7056,0.40,0.8644,0.90,0.5504,0
732,0.6447,0.10,0.7073,0.40,0.8645,0.90,0.5506,0
733,0.6430,0.10,0.7090,0.40,0.8646,0.90,0.5504,0
734,0.6414,0.10,0.7081,0.40,0.8647,0.90,0.5506,0
735,0.6398,0.10,0.7072,0.40,0.8648,0.90,0.5503,0
736,0.6382,0.10,0.7063,0.40,0.8649,0.90,0.5503,0
737,0.6366,0.10,0.7053,0.40,0.8650,0.90,0.5507,0
738,0.6391,0.10,0.7071,0.40,0.8651,0.90,0.5519,0
739,0.6375,0.10,0.7062,0.40,0.8652,0.90,0.5516,0
740,0.6359,0.10,0.7079,0.40,0.8653,0.90,0.5523,0
741,0.6385,0.10,0.7096,0.40,0.8654,0.90,0.5520,0
742,0.6410,0.10,0.7113,0.40,0.8655,0.90,0.5525,0
743,0.6435,0.10,0.7103,0.40,0.8656,0.90,0.5532,0
744,0.6460,0.10,0.7094,0.40,0.8657,0.90,0.5537,0
745,0.6484,0.10,0.7085,0.40,0.8658,0.90,0.5545,0
746,0.6468,0.10,0.7076,0.40,0.8659,0.90,0.5544,0
747,0.6451,0.10,0.7066,0.40,0.8660,0.90,0.5554,0
748,0.6435,0.10,0.7084,0.40,0.8658,0.90,0.5560,0
749,0.6460,0.10,0.7101,0.40,0.8659,0.90,0.5560,0
750,0.6443,0.10,0.7091,0.40,0.8657,0.90,0.5564,0
751,0.6427,0.10,0.7108,0.40,0.8659,0.90,0.5569,0
752,0.6452,0.10,0.7099,0.40,0.8657,0.90,0.5569,0
753,0.6436,0.10,0.7089,0.40,0.8658,0.90,0.5575,0
754,0.6419,0.10,0.7106,0.40,0.8659,0.90,0.5572,0
755,0.6444,0.10,0.7123,0.40,0.8660,0.90,0.5574,0
756,0.6469,0.10,0.7114,0.40,0.8658,0.90,0.5574,0
757,0.6453,0.10,0.7104,0.40,0.8656,0.90,0.5573,0
758,0.6436,0.10,0.7095,0.40,0.8657,0.90,0.5572,0
759,0.6420,0.10,0.7086,0.40,0.8658,0.90,0.5576,0
760,0.6445,0.10,0.7077,0.40,0.8659,0.90,0.5581,0
761,0.6429,0.10,0.7067,0.40,0.8657,0.90,0.5584,0
762,0.6412,0.10,0.7085,0.40,0.8658,0.90,0.5591,0
763,0.6396,0.10,0.7102,0.40,0.8659,0.90,0.5592,0
764,0.6380,0.10,0.7092,0.40,0.8657,0.90,0.5597,0
765,0.6405,0.10,0.7083,0.40,0.8658,0.90,0.5601,0
766,0.6430,0.10,0.7100,0.40,0.8659,0.90,0.5600,0
767,0.6414,0.10,0.7117,0.40,0.8660,0.90,0.5602,0
768,0.6398,0.10,0.7107,0.40,0.8661,0.90,0.5606,0
769,0.6423,0.10,0.7098,0.40,0.8662,0.90,0.5605,0
770,0.6407,0.10,0.7089,0.40,0.8663,0.90,0.5607,0
771,0.6391,0.10,0.7080,0.40,0.8664,0.90,0.5612,0
772,0.6374,0.10,0.7070,0.40,0.8665,0.90,0.5606,0
773,0.6358,0.10,0.7061,0.40,0.8666,0.90,0.5611,0
774,0.6342,0.10,0.7052,0.40,0.8667,0.90,0.5617,0
775,0.6326,0.10,0.7069,0.40,0.8668,0.90,0.5619,0
776,0.6310,0.10,0.7086,0.40,0.8669,0.90,0.5622,0
777,0.6294,0.10,0.7103,0.40,0.8670,0.90,0.5621,0
778,0.6321,0.10,0.7094,0.40,0.8671,0.90,0.5620,0
779,0.6347,0.10,0.7085,0.40,0.8669,0.90,0.5620,0
780,0.6331,0.10,0.7076,0.40,0.8667,0.90,0.5619,0
781,0.6315,0.10,0.7066,0.40,0.8668,0.90,0.5622,0
782,0.6299,0.10,0.7084,0.40,0.8666,0.90,0.5627,0
783,0.6283,0.10,0.7074,0.40,0.8664,0.90,0.5626,0
784,0.6267,0.10,0.7065,0.40,0.8665,0.90,0.5622,0
785,0.6251,0.10,0.7082,0.40,0.8666,0.90,0.5619,0
786,0.6236,0.10,0.7073,0.40,0.8667,0.90,0.5621,0
787,0.6220,0.10,0.7064,0.40,0.8668,0.90,0.5628,0
788,0.6204,0.10,0.7055,0.40,0.8669,0.90,0.5633,0
789,0.6189,0.10,0.7045,0.40,0.8670,0.90,0.5637,0
790,0.6173,0.10,0.7036,0.40,0.8671,0.90,0.5634,0
791,0.6201,0.10,0.7027,0.40,0.8672,0.90,0.5637,0
792,0.6229,0.10,0.7045,0.40,0.8673,0.90,0.5641,0
793,0.6256,0.10,0.7062,0.40,0.8671,0.90,0.5645,0
794,0.6240,0.10,0.7080,0.40,0.8669,0.90,0.5640,0
795,0.6224,0.10,0.7097,0.40,0.8667,0.90,0.5638,0
796,0.6209,0.10,0.7113,0.40,0.8665,0.90,0.5640,0
797,0.6193,0.10,0.7104,0.40,0.8666,0.90,0.5639,0
798,0.6178,0.10,0.7121,0.40,0.8667,0.90,0.5640,0
799,0.6162,0.10,0.7112,0.40,0.8668,0.90,0.5632,0
800,0.6146,0.10,0.7102,0.40,0.8669,0.90,0.5635,0
801,0.6175,0.10,0.7093,0.40,0.8670,0.90,0.5627,0
802,0.6203,0.10,0.7084,0.40,0.8671,0.90,0.5621,0
803,0.6187,0.10,0.7074,0.40,0.8672,0.90,0.5627,0
804,0.6171,0.10,0.7091,0.40,0.8673,0.90,0.5634,0
805,0.6156,0.10,0.7108,0.40,0.8674,0.90,0.5633,0
806,0.6140,0.10,0.7099,0.40,0.8672,0.90,0.5634,0
807,0.6125,0.10,0.7116,0.40,0.8670,0.90,0.5636,0
808,0.6110,0.10,0.7107,0.40,0.8668,0.90,0.5637,0
809,0.6094,0.10,0.7097,0.40,0.8669,0.90,0.5638,0
810,0.6079,0.10,0.7088,0.40,0.8667,0.90,0.5627,0
811,0.6108,0.10,0.7105,0.40,0.8668,0.90,0.5624,0
812,0.6137,0.10,0.7096,0.40,0.8669,0.90,0.5628,0
813,0.6121,0.10,0.7086,0.40,0.8670,0.90,0.5632,0
814,0.6106,0.10,0.7103,0.40,0.8668,0.90,0.5635,0
815,0.6091,0.10,0.7094,0.40,0.8666,0.90,0.5634,0
816,0.6120,0.10,0.7085,0.40,0.8667,0.90,0.5638,0
817,0.6104,0.10,0.7075,0.40,0.8665,0.90,0.5634,0
818,0.6089,0.10,0.7092,0.40,0.8666,0.90,0.5631,0
819,0.6074,0.10,0.7083,0.40,0.8664,0.90,0.5630,0
820,0.6058,0.10,0.7074,0.40,0.8662,0.90,0.5632,0
821,0.6088,0.10,0.7091,0.40,0.8663,0.90,0.5629,0
822,0.6117,0.10,0.7082,0.40,0.8661,0.90,0.5634,0
823,0.6145,0.10,0.7073,0.40,0.8662,0.90,0.5633,0
824,0.6130,0.10,0.7063,0.40,0.8663,0.90,0.5630,0
825,0.6158,0.10,0.7054,0.40,0.8664,0.90,0.5634,0
826,0.6186,0.10,0.7045,0.40,0.8662,0.90,0.5635,0
827,0.6171,0.10,0.7036,0.40,0.8663,0.90,0.5635,0
828,0.6199,0.10,0.7053,0.40,0.8664,0.90,0.5630,0
829,0.6183,0.10,0.7044,0.40,0.8665,0.90,0.5632,0
830,0.6168,0.10,0.7035,0.40,0.8663,0.90,0.5637,0
831,0.6152,0.10,0.7026,0.40,0.8664,0.90,0.5641,0
832,0.6137,0.10,0.7017,0.40,0.8665,0.90,0.5635,0
833,0.6165,0.10,0.7008,0.40,0.8666,0.90,0.5634,0
834,0.6150,0.10,0.7026,0.40,0.8667,0.90,0.5633,0
835,0.6178,0.10,0.7017,0.40,0.8668,0.90,0.5634,0
836,0.6206,0.10,0.7008,0.40,0.8669,0.90,0.5639,0
837,0.6190,0.10,0.6999,0.40,0.8670,0.90,0.5640,0
838,0.6218,0.10,0.6990,0.40,0.8671,0.90,0.5644,0
839,0.6202,0.10,0.7008,0.40,0.8669,0.90,0.5644,0
840,0.6186,0.10,0.7026,0.40,0.8670,0.90,0.5644,0
841,0.6171,0.10,0.7043,0.40,0.8668,0.90,0.5645,0
842,0.6155,0.10,0.7034,0.40,0.8669,0.90,0.5644,0
843,0.6140,0.10,0.7025,0.40,0.8670,0.90,0.5643,0
844,0.6168,0.10,0.7016,0.40,0.8668,0.90,0.5640,0
845,0.6153,0.10,0.7007,0.40,0.8669,0.90,0.5639,0
846,0.6181,0.10,0.6998,0.40,0.8670,0.90,0.5642,0
847,0.6165,0.10,0.7016,0.40,0.8671,0.90,0.5646,0
848,0.6193,0.10,0.7007,0.40,0.8672,0.90,0.5650,0
849,0.6178,0.10,0.6998,0.40,0.8673,0.90,0.5653,0
850,0.6162,0.10,0.6989,0.40,0.8674,0.90,0.5657,0
851,0.6190,0.10,0.6980,0.40,0.8675,0.90,0.5648,0
852,0.6175,0.10,0.6971,0.40,0.8676,0.90,0.5643,0
853,0.6159,0.10,0.6989,0.40,0.8674,0.90,0.5643,0
854,0.6144,0.10,0.6980,0.40,0.8675,0.90,0.5644,0
855,0.6128,0.10,0.6999,0.40,0.8672,0.90,0.5638,0
856,0.6113,0.10,0.6990,0.40,0.8670,0.90,0.5642,0
857,0.6098,0.10,0.6981,0.40,0.8671,0.90,0.5641,0
858,0.6126,0.10,0.6999,0.40,0.8672,0.90,0.5639,0
859,0.6111,0.10,0.6990,0.40,0.8670,0.90,0.5638,0
860,0.6096,0.10,0.6981,0.40,0.8671,0.90,0.5635,0
861,0.6125,0.10,0.6999,0.40,0.8672,0.90,0.5637,0
862,0.6109,0.10,0.6990,0.40,0.8673,0.90,0.5640,0
863,0.6138,0.10,0.7008,0.40,0.8671,0.90,0.5640,0
864,0.6122,0.10,0.6999,0.40,0.8669,0.90,0.5639,0
865,0.6107,0.10,0.6990,0.40,0.8670,0.90,0.5638,0
866,0.6092,0.10,0.6981,0.40,0.8671,0.90,0.5642,0
867,0.6121,0.10,0.7000,0.40,0.8669,0.90,0.5642,0
868,0.6149,0.10,0.6991,0.40,0.8670,0.90,0.5646,0
869,0.6134,0.10,0.7009,0.40,0.8671,0.90,0.5647,0
870,0.6118,0.10,0.7000,0.40,0.8672,0.90,0.5653,0
871,0.6103,0.10,0.6991,0.40,0.8673,0.90,0.5656,0
872,0.6088,0.10,0.6982,0.40,0.8674,0.90,0.5657,0
873,0.6117,0.10,0.6973,0.40,0.8675,0.90,0.5664,0
874,0.6145,0.10,0.6991,0.40,0.8676,0.90,0.5659,0
875,0.6174,0.10,0.6982,0.40,0.8674,0.90,0.5663,0
876,0.6158,0.10,0.6973,0.40,0.8675,0.90,0.5661,0
877,0.6143,0.10,0.6964,0.40,0.8676,0.90,0.5665,0
878,0.6127,0.10,0.6955,0.40,0.8677,0.90,0.5670,0
879,0.6156,0.10,0.6946,0.40,0.8678,0.90,0.5667,0
880,0.6184,0.10,0.6965,0.40,0.8679,0.90,0.5669,0
881,0.6168,0.10,0.6956,0.40,0.8677,0.90,0.5668,0
882,0.6153,0.10,0.6947,0.40,0.8674,0.90,0.5668,0
883,0.6137,0.10,0.6938,0.40,0.8675,0.90,0.5662,0
884,0.6166,0.10,0.6957,0.40,0.8676,0.90,0.5659,0
885,0.6150,0.10,0.6948,0.40,0.8677,0.90,0.5663,0
886,0.6178,0.10,0.6939,0.40,0.8678,0.90,0.5662,0
887,0.6163,0.10,0.6958,0.40,0.8679,0.90,0.5670,0
888,0.6147,0.10,0.6949,0.40,0.8680,0.90,0.5670,0
889,0.6132,0.10,0.6940,0.40,0.8681,0.90,0.5672,0
890,0.6160,0.10,0.6932,0.40,0.8682,0.90,0.5682,0
891,0.6145,0.10,0.6923,0.40,0.8683,0.90,0.5685,0
892,0.6173,0.10,0.6914,0.40,0.8684,0.90,0.5682,0
893,0.6157,0.10,0.6905,0.40,0.8685,0.90,0.5683,0
894,0.6142,0.10,0.6897,0.40,0.8686,0.90,0.5681,0
895,0.6127,0.10,0.6888,0.40,0.8687,0.90,0.5676,0
896,0.6111,0.10,0.6907,0.40,0.8688,0.90,0.5672,0
897,0.6096,0.10,0.6926,0.40,0.8686,0.90,0.5675,0
898,0.6125,0.10,0.6945,0.40,0.8687,0.90,0.5679,0
899,0.6109,0.10,0.6964,0.40,0.8687,0.90,0.5679,0
900,0.6094,0.10,0.6955,0.40,0.8688,0.90,0.5675,0
901,0.6079,0.10,0.6946,0.40,0.8686,0.90,0.5672,0
902,0.6108,0.10,0.6965,0.40,0.8684,0.90,0.5679,0
903,0.6137,0.10,0.6956,0.40,0.8685,0.90,0.5683,0
904,0.6121,0.10,0.6947,0.40,0.8686,0.90,0.5677,0
905,0.6150,0.10,0.6938,0.40,0.8687,0.90,0.5678,0
906,0.6178,0.10,0.6929,0.40,0.8685,0.90,0.5679,0
907,0.6162,0.10,0.6948,0.40,0.8685,0.90,0.5684,0
908,0.6190,0.10,0.6939,0.40,0.8686,0.90,0.5683,0
909,0.6218,0.10,0.6931,0.40,0.8684,0.90,0.5684,0
910,0.6202,0.10,0.6922,0.40,0.8682,0.90,0.5689,0
911,0.6187,0.10,0.6913,0.40,0.8680,0.90,0.5691,0
912,0.6171,0.10,0.6904,0.40,0.8678,0.90,0.5692,0
913,0.6156,0.10,0.6896,0.40,0.8679,0.90,0.5691,0
914,0.6184,0.10,0.6887,0.40,0.8680,0.90,0.5690,0
915,0.6212,0.10,0.6878,0.40,0.8681,0.90,0.5690,0
916,0.6196,0.10,0.6870,0.40,0.8681,0.90,0.5684,0
917,0.6180,0.10,0.6861,0.40,0.8682,0.90,0.5680,0
918,0.6208,0.10,0.6881,0.40,0.8680,0.90,0.5678,0
919,0.6193,0.10,0.6872,0.40,0.8681,0.90,0.5677,0
920,0.6177,0.10,0.6863,0.40,0.8682,0.90,0.5673,0
921,0.6205,0.10,0.6855,0.40,0.8683,0.90,0.5676,0
922,0.6232,0.10,0.6846,0.40,0.8681,0.90,0.5678,0
923,0.6217,0.10,0.6838,0.40,0.8682,0.90,0.5678,0
924,0.6244,0.10,0.6829,0.40,0.8680,0.90,0.5685,0
925,0.6228,0.10,0.6849,0.40,0.8681,0.90,0.5685,0
926,0.6213,0.10,0.6841,0.40,0.8678,0.90,0.5690,0
927,0.6197,0.10,0.6832,0.40,0.8679,0.90,0.5692,0
928,0.6225,0.10,0.6824,0.40,0.8677,0.90,0.5694,0
929,0.6209,0.10,0.6844,0.40,0.8678,0.90,0.5693,0
930,0.6237,0.10,0.6835,0.40,0.8676,0.90,0.5692,0
931,0.6264,0.10,0.6827,0.40,0.8674,0.90,0.5690,0
932,0.6248,0.10,0.6818,0.40,0.8672,0.90,0.5694,0
933,0.6232,0.10,0.6838,0.40,0.8673,0.90,0.5694,0
934,0.6217,0.10,0.6830,0.40,0.8674,0.90,0.5690,0
935,0.6201,0.10,0.6821,0.40,0.8675,0.90,0.5695,0
936,0.6185,0.10,0.6813,0.40,0.8676,0.90,0.5693,0
937,0.6170,0.10,0.6833,0.40,0.8677,0.90,0.5699,0
938,0.6154,0.10,0.6853,0.40,0.8675,0.90,0.5700,0
939,0.6139,0.10,0.6845,0.40,0.8673,0.90,0.5702,0
940,0.6167,0.10,0.6836,0.40,0.8674,0.90,0.5696,0
941,0.6152,0.10,0.6856,0.40,0.8675,0.90,0.5695,0
942,0.6180,0.10,0.6848,0.40,0.8672,0.90,0.5700,0
943,0.6164,0.10,0.6839,0.40,0.8673,0.90,0.5702,0
944,0.6149,0.10,0.6859,0.40,0.8671,0.90,0.5701,0
945,0.6177,0.10,0.6879,0.40,0.8672,0.90,0.5700,0
946,0.6161,0.10,0.6898,0.40,0.8673,0.90,0.5698,0
947,0.6189,0.10,0.6889,0.40,0.8674,0.90,0.5690,0
948,0.6174,0.10,0.6909,0.40,0.8675,0.90,0.5687,0
949,0.6158,0.10,0.6900,0.40,0.8676,0.90,0.5692,0
950,0.6143,0.10,0.6919,0.40,0.8674,0.90,0.5697,0
951,0.6171,0.10,0.6910,0.40,0.8672,0.90,0.5698,0
952,0.6156,0.10,0.6902,0.40,0.8670,0.90,0.5689,0
953,0.6184,0.10,0.6893,0.40,0.8671,0.90,0.5687,0
954,0.6168,0.10,0.6884,0.40,0.8672,0.90,0.5688,0
955,0.6153,0.10,0.6876,0.40,0.8673,0.90,0.5688,0
956,0.6181,0.10,0.6867,0.40,0.8671,0.90,0.5687,0
957,0.6165,0.10,0.6858,0.40,0.8669,0.90,0.5687,0
958,0.6193,0.10,0.6850,0.40,0.8670,0.90,0.5689,0
959,0.6178,0.10,0.6870,0.40,0.8671,0.90,0.5692,0
960,0.6206,0.10,0.6889,0.40,0.8672,0.90,0.5701,0
961,0.6190,0.10,0.6909,0.40,0.8673,0.90,0.5701,0
962,0.6174,0.10,0.6900,0.40,0.8674,0.90,0.5702,0
963,0.6159,0.10,0.6891,0.40,0.8675,0.90,0.5701,0
964,0.6143,0.10,0.6882,0.40,0.8673,0.90,0.5698,0
965,0.6172,0.10,0.6902,0.40,0.8674,0.90,0.5703,0
966,0.6156,0.10,0.6893,0.40,0.8675,0.90,0.5700,0
967,0.6141,0.10,0.6912,0.40,0.8676,0.90,0.5701,0
968,0.6125,0.10,0.6904,0.40,0.8673,0.90,0.5708,0
969,0.6110,0.10,0.6895,0.40,0.8674,0.90,0.5705,0
970,0.6095,0.10,0.6914,0.40,0.8672,0.90,0.5710,0
971,0.6079,0.10,0.6906,0.40,0.8670,0.90,0.5707,0
972,0.6108,0.10,0.6897,0.40,0.8671,0.90,0.5710,0
973,0.6093,0.10,0.6888,0.40,0.8672,0.90,0.5710,0
974,0.6122,0.10,0.6879,0.40,0.8673,0.90,0.5707,0
975,0.6151,0.10,0.6871,0.40,0.8671,0.90,0.5706,0
976,0.6135,0.10,0.6862,0.40,0.8669,0.90,0.5703,0
977,0.6120,0.10,0.6854,0.40,0.8670,0.90,0.5704,0
978,0.6104,0.10,0.6845,0.40,0.8671,0.90,0.5704,0
979,0.6133,0.10,0.6837,0.40,0.8672,0.90,0.5703,0
980,0.6161,0.10,0.6856,0.40,0.8673,0.90,0.5698,0
981,0.6190,0.10,0.6848,0.40,0.8674,0.90,0.5693,0
982,0.6174,0.10,0.6839,0.40,0.8672,0.90,0.5691,0
983,0.6158,0.10,0.6831,0.40,0.8673,0.90,0.5695,0
984,0.6187,0.10,0.6822,0.40,0.8674,0.90,0.5694,0
985,0.6171,0.10,0.6814,0.40,0.8675,0.90,0.5701,0
986,0.6155,0.10,0.6805,0.40,0.8673,0.90,0.5698,0
987,0.6140,0.10,0.6797,0.40,0.8671,0.90,0.5701,0
988,0.6125,0.10,0.6817,0.40,0.8672,0.90,0.5708,0
989,0.6109,0.10,0.6809,0.40,0.8673,0.90,0.5713,0
990,0.6138,0.10,0.6829,0.40,0.8674,0.90,0.5716,0
991,0.6122,0.10,0.6821,0.40,0.8675,0.90,0.5724,0
992,0.6151,0.10,0.6841,0.40,0.8676,0.90,0.5724,0
993,0.6179,0.10,0.6861,0.40,0.8677,0.90,0.5727,0
994,0.6164,0.10,0.6852,0.40,0.8678,0.90,0.5727,0
995,0.6148,0.10,0.6844,0.40,0.8679,0.90,0.5729,0
996,0.6176,0.10,0.6864,0.40,0.8680,0.90,0.5732,0
997,0.6161,0.10,0.6855,0.40,0.8677,0.90,0.5732,0
998,0.6145,0.10,0.6875,0.40,0.8678,0.90,0.5731,0
999,0.6130,0.10,0.6894,0.40,0.8679,0.90,0.5734,0
1000,0.6115,0.10,0.6886,0.40,0.8677,0.90,0.5739,0
