timestamp,episode,carol_help_regret,carol_decline_regret,carol_reciprocate_regret
2026-04-26 18:48:17.764,1,0.7600,-1.0600,0.7600
2026-04-26 18:48:17.823,2,0.8800,-1.3600,1.4400
2026-04-26 18:48:17.864,3,2.5200,-2.5200,1.6800
2026-04-26 18:48:17.895,4,2.0800,-3.9400,4.1800
2026-04-26 18:48:17.956,5,2.5600,-5.0000,5.2200
2026-04-26 18:48:17.984,6,2.2400,-6.0200,7.2800
2026-04-26 18:48:18.015,7,3.0400,-7.8800,8.9200
2026-04-26 18:48:18.048,8,3.4000,-8.6400,9.9800
2026-04-26 18:48:18.076,9,5.5600,-10.1200,9.7600
2026-04-26 18:48:18.111,10,6.3200,-10.7600,10.2400
2026-04-26 18:48:18.138,11,6.5200,-11.4000,10.8600
2026-04-26 18:48:18.162,12,6.6400,-13.2400,13.5000
2026-04-26 18:48:18.184,13,6.4800,-13.9600,14.7400
2026-04-26 18:48:18.205,14,7.3200,-15.0800,15.4400
2026-04-26 18:48:18.226,15,8.2000,-16.3000,16.3200
2026-04-26 18:48:18.257,16,8.2800,-17.4800,17.9400
2026-04-26 18:48:18.275,17,10.0400,-18.9400,18.4400
2026-04-26 18:48:18.293,18,10.6800,-19.7000,19.2200
2026-04-26 18:48:18.310,19,11.3200,-21.1600,20.4200
2026-04-26 18:48:18.327,20,12.4000,-21.6200,20.1000
2026-04-26 18:48:18.343,21,14.6400,-22.8800,19.6800
2026-04-26 18:48:18.361,22,14.2800,-23.2400,20.7200
2026-04-26 18:48:18.379,23,15.4000,-24.2200,20.8600
2026-04-26 18:48:18.410,24,16.2400,-24.7800,21.0000
2026-04-26 18:48:18.433,25,16.8000,-25.4800,21.5600
2026-04-26 18:48:18.451,26,18.7200,-26.5000,20.9600
2026-04-26 18:48:18.469,27,20.8400,-28.1600,20.9800
2026-04-26 18:48:18.486,28,22.2000,-29.4600,21.6400
2026-04-26 18:48:18.503,29,24.2000,-30.2600,20.8400
2026-04-26 18:48:18.523,30,24.6400,-30.6600,21.1400
2026-04-26 18:48:18.549,31,25.2000,-31.2200,21.5600
2026-04-26 18:48:18.566,32,24.3600,-31.7800,23.5200
2026-04-26 18:48:18.581,33,25.5600,-33.3800,24.0200
2026-04-26 18:48:18.594,34,26.6400,-34.8200,24.8200
2026-04-26 18:48:18.612,35,26.4800,-35.5400,26.0600
2026-04-26 18:48:18.627,36,28.0000,-36.1200,25.6200
2026-04-26 18:48:18.642,37,29.9200,-37.5600,26.0000
2026-04-26 18:48:18.654,38,28.9200,-38.4200,28.5000
2026-04-26 18:48:18.667,39,29.6000,-39.4200,29.0400
2026-04-26 18:48:18.681,40,31.6000,-40.0800,28.3800
2026-04-26 18:48:18.694,41,31.2400,-41.1400,30.1200
2026-04-26 18:48:18.707,42,31.6400,-42.1400,31.2200
2026-04-26 18:48:18.720,43,32.4000,-42.6400,31.1400
2026-04-26 18:48:18.732,44,33.2800,-43.3000,31.1800
2026-04-26 18:48:18.748,45,33.4400,-44.8200,32.7400
2026-04-26 18:48:18.761,46,34.8400,-46.2200,33.3000
2026-04-26 18:48:18.775,47,36.8400,-46.6000,32.2200
2026-04-26 18:48:18.788,48,38.0400,-47.7800,32.8600
2026-04-26 18:48:18.800,49,39.4000,-48.6600,32.9600
2026-04-26 18:48:18.816,50,40.4800,-49.1200,32.6400
2026-04-26 18:48:18.831,51,41.0400,-50.6600,34.1800
2026-04-26 18:48:18.847,52,41.9600,-51.4200,34.4000
2026-04-26 18:48:18.864,53,42.8800,-52.1800,34.6200
2026-04-26 18:48:18.878,54,43.8400,-52.9000,34.8800
2026-04-26 18:48:18.900,55,43.0800,-53.1000,36.2200
2026-04-26 18:48:18.918,56,44.2000,-54.5000,37.0600
2026-04-26 18:48:18.936,57,44.1200,-55.0000,38.1000
2026-04-26 18:48:18.953,58,45.5200,-55.7000,37.9600
2026-04-26 18:48:18.970,59,45.7600,-56.0200,38.4800
2026-04-26 18:48:18.987,60,47.2000,-57.1000,38.6600
2026-04-26 18:48:19.001,61,48.9600,-58.1400,38.6000
2026-04-26 18:48:19.016,62,50.2800,-58.3600,37.9600
2026-04-26 18:48:19.031,63,50.5200,-59.2400,39.0400
2026-04-26 18:48:19.043,64,50.3600,-59.5400,39.7200
2026-04-26 18:48:19.058,65,52.3200,-60.8000,39.5800
2026-04-26 18:48:19.070,66,51.9600,-62.0000,41.6000
2026-04-26 18:48:19.083,67,52.2400,-63.1200,42.7200
2026-04-26 18:48:19.098,68,52.3600,-63.8400,43.6800
2026-04-26 18:48:19.109,69,53.0400,-64.4200,43.9400
2026-04-26 18:48:19.123,70,53.9600,-65.4600,44.5800
2026-04-26 18:48:19.135,71,54.4400,-65.8200,44.9200
2026-04-26 18:48:19.149,72,54.9200,-66.7400,45.6800
2026-04-26 18:48:19.163,73,55.0000,-67.6400,47.1600
2026-04-26 18:48:19.174,74,55.5600,-68.4800,48.0000
2026-04-26 18:48:19.190,75,56.4400,-69.1400,48.3200
2026-04-26 18:48:19.202,76,56.4000,-70.1600,49.8200
2026-04-26 18:48:19.219,77,55.9200,-71.4800,52.1400
2026-04-26 18:48:19.237,78,55.6400,-73.0200,54.3800
2026-04-26 18:48:19.250,79,56.2400,-74.1000,55.2600
2026-04-26 18:48:19.271,80,55.9200,-75.8200,57.7400
2026-04-26 18:48:19.291,81,55.4400,-77.1400,60.0600
2026-04-26 18:48:19.308,82,56.0000,-78.4000,61.4600
2026-04-26 18:48:19.323,83,56.7200,-79.6400,62.4600
2026-04-26 18:48:19.338,84,58.4000,-80.3400,62.0400
2026-04-26 18:48:19.389,85,59.5600,-80.5800,61.5200
2026-04-26 18:48:19.403,86,59.0000,-81.4200,63.3400
2026-04-26 18:48:19.418,87,59.3200,-82.5000,64.7800
2026-04-26 18:48:19.431,88,58.8800,-83.9200,67.0000
2026-04-26 18:48:19.442,89,59.4800,-84.7200,67.4600
2026-04-26 18:48:19.454,90,60.5600,-86.1600,68.2600
2026-04-26 18:48:19.466,91,61.8000,-87.3000,68.5200
2026-04-26 18:48:19.478,92,61.1200,-88.4000,70.9200
2026-04-26 18:48:19.492,93,63.0400,-89.2800,70.4600
2026-04-26 18:48:19.506,94,63.9200,-90.2200,71.2000
2026-04-26 18:48:19.523,95,64.1600,-90.9600,72.1400
2026-04-26 18:48:19.540,96,65.1200,-92.9400,73.5200
2026-04-26 18:48:19.560,97,66.0000,-93.8800,74.2600
2026-04-26 18:48:19.575,98,66.7200,-94.7000,74.5600
2026-04-26 18:48:19.593,99,66.6800,-95.3000,75.5000
2026-04-26 18:48:19.610,100,67.9600,-96.5400,75.9400
2026-04-26 18:48:19.623,101,68.8400,-98.0400,76.8200
2026-04-26 18:48:19.636,102,70.4400,-98.5400,76.3200
2026-04-26 18:48:19.649,103,70.4800,-99.2000,77.4800
2026-04-26 18:48:19.659,104,71.5200,-100.5400,78.1000
2026-04-26 18:48:19.674,105,71.9600,-101.7800,79.3800
2026-04-26 18:48:19.690,106,73.7200,-101.9800,78.3400
2026-04-26 18:48:19.702,107,74.9600,-103.6800,79.4400
2026-04-26 18:48:19.718,108,76.2000,-104.8200,79.7000
2026-04-26 18:48:19.731,109,75.7200,-105.4400,81.3200
2026-04-26 18:48:19.746,110,76.0000,-106.8400,82.8600
2026-04-26 18:48:19.759,111,76.0000,-107.2600,83.8400
2026-04-26 18:48:19.770,112,76.1600,-108.2200,85.2600
2026-04-26 18:48:19.781,113,76.4800,-109.4400,86.5600
2026-04-26 18:48:19.789,114,77.2800,-109.9000,86.5200
2026-04-26 18:48:19.800,115,78.4400,-111.5400,87.4000
2026-04-26 18:48:19.811,116,79.1200,-113.2400,89.0600
2026-04-26 18:48:19.820,117,79.8400,-113.3600,88.6600
2026-04-26 18:48:19.832,118,80.4400,-114.1600,89.1200
2026-04-26 18:48:19.845,119,81.4000,-114.8800,89.3800
2026-04-26 18:48:19.861,120,82.2800,-115.2600,89.2800
2026-04-26 18:48:19.880,121,83.8800,-115.7600,88.7800
2026-04-26 18:48:19.892,122,83.7600,-117.2800,90.9000
2026-04-26 18:48:19.905,123,84.1200,-118.7400,92.3800
2026-04-26 18:48:19.917,124,85.2800,-119.9600,92.9800
2026-04-26 18:48:19.928,125,85.7600,-121.0200,94.0200
2026-04-26 18:48:19.941,126,85.5600,-121.7800,95.2200
2026-04-26 18:48:19.951,127,86.8400,-123.7200,96.0800
2026-04-26 18:48:19.965,128,87.0400,-124.7800,97.4000
2026-04-26 18:48:19.975,129,88.1200,-125.5200,97.5000
2026-04-26 18:48:19.988,130,89.2400,-126.3600,97.5000
2026-04-26 18:48:19.999,131,89.7600,-127.8000,98.4400
2026-04-26 18:48:20.008,132,89.9200,-127.9200,98.6000
2026-04-26 18:48:20.021,133,90.5600,-129.2400,99.5200
2026-04-26 18:48:20.030,134,92.7600,-130.6800,99.3400
2026-04-26 18:48:20.052,135,93.8800,-131.8000,99.7600
2026-04-26 18:48:20.117,136,93.6000,-131.9400,100.6000
2026-04-26 18:48:20.128,137,95.0400,-133.0200,100.7800
2026-04-26 18:48:20.137,138,96.0800,-134.2200,101.1200
2026-04-26 18:48:20.148,139,96.6400,-136.0400,102.6600
2026-04-26 18:48:20.159,140,97.6400,-138.1200,103.9400
2026-04-26 18:48:20.173,141,98.0800,-138.8000,104.3800
2026-04-26 18:48:20.183,142,98.3600,-139.5000,105.2200
2026-04-26 18:48:20.196,143,99.4000,-139.8600,105.0000
2026-04-26 18:48:20.208,144,99.6800,-140.4200,105.7000
2026-04-26 18:48:20.219,145,100.7200,-141.7600,106.6000
2026-04-26 18:48:20.230,146,102.5200,-143.1800,106.4400
2026-04-26 18:48:20.240,147,102.9600,-143.5800,106.7400
2026-04-26 18:48:20.251,148,103.2400,-144.7000,107.8600
2026-04-26 18:48:20.261,149,103.8800,-146.5800,109.6200
2026-04-26 18:48:20.270,150,104.7200,-147.9800,110.3200
2026-04-26 18:48:20.281,151,105.9200,-148.3200,109.9800
2026-04-26 18:48:20.289,152,105.9600,-148.9800,111.1400
2026-04-26 18:48:20.300,153,105.9600,-149.1200,111.7000
2026-04-26 18:48:20.309,154,105.9200,-149.7200,112.6400
2026-04-26 18:48:20.317,155,107.5200,-150.9200,112.8400
2026-04-26 18:48:20.328,156,107.9200,-151.6400,113.5200
2026-04-26 18:48:20.338,157,107.7600,-152.0800,114.6200
2026-04-26 18:48:20.350,158,108.4000,-152.8400,115.1200
2026-04-26 18:48:20.363,159,109.0000,-153.7800,115.8600
2026-04-26 18:48:20.374,160,109.8400,-155.4600,116.9800
2026-04-26 18:48:20.384,161,112.0000,-156.9400,116.7600
2026-04-26 18:48:20.394,162,111.9200,-157.7200,118.2200
2026-04-26 18:48:20.405,163,112.5200,-158.8000,119.1000
2026-04-26 18:48:20.416,164,114.0800,-159.6200,118.7000
2026-04-26 18:48:20.425,165,114.4400,-160.5200,119.6200
2026-04-26 18:48:20.435,166,114.8800,-161.7600,120.9000
2026-04-26 18:48:20.443,167,116.2800,-162.7400,120.9000
2026-04-26 18:48:20.451,168,117.1200,-163.7200,121.3200
2026-04-26 18:48:20.460,169,118.2400,-165.1200,122.1600
2026-04-26 18:48:20.468,170,118.9200,-165.8400,122.7000
2026-04-26 18:48:20.477,171,120.0000,-166.7200,123.0800
2026-04-26 18:48:20.485,172,119.8400,-167.0200,123.7600
2026-04-26 18:48:20.494,173,121.1600,-168.0800,123.6800
2026-04-26 18:48:20.504,174,121.3200,-169.6000,125.5200
2026-04-26 18:48:20.512,175,121.5200,-170.1000,126.2800
2026-04-26 18:48:20.523,176,121.7200,-171.3000,127.7400
2026-04-26 18:48:20.532,177,123.0000,-172.6800,128.0400
2026-04-26 18:48:20.544,178,124.0000,-173.5000,128.4800
2026-04-26 18:48:20.556,179,126.3600,-174.2200,127.4800
2026-04-26 18:48:20.565,180,126.8000,-175.1800,128.6200
2026-04-26 18:48:20.612,181,126.9200,-176.0400,129.8600
2026-04-26 18:48:20.621,182,128.6400,-176.8400,129.3400
2026-04-26 18:48:20.630,183,130.3200,-178.1000,129.4800
2026-04-26 18:48:20.639,184,131.2400,-178.8600,129.7000
2026-04-26 18:48:20.648,185,131.6400,-179.8600,130.8000
2026-04-26 18:48:20.656,186,133.7200,-181.2800,130.7800
2026-04-26 18:48:20.664,187,134.2000,-181.5000,130.8400
2026-04-26 18:48:20.674,188,134.8800,-182.0800,131.1000
2026-04-26 18:48:20.682,189,137.1200,-182.6400,129.9800
2026-04-26 18:48:20.690,190,137.8800,-183.2800,130.4600
2026-04-26 18:48:20.699,191,138.9600,-184.7200,131.2600
2026-04-26 18:48:20.706,192,139.2400,-184.7200,131.4000
2026-04-26 18:48:20.713,193,138.8800,-185.0800,132.4400
2026-04-26 18:48:20.720,194,139.4000,-185.9600,133.2400
2026-04-26 18:48:20.727,195,140.0000,-187.4600,134.4000
2026-04-26 18:48:20.735,196,140.2400,-189.0400,136.1800
2026-04-26 18:48:20.743,197,141.8800,-190.0600,135.8600
2026-04-26 18:48:20.752,198,142.4800,-190.1600,135.6200
2026-04-26 18:48:20.761,199,143.3600,-190.2600,135.1000
2026-04-26 18:48:20.769,200,144.5600,-192.0000,136.1600
2026-04-26 18:48:20.779,201,145.2000,-194.0200,137.7800
2026-04-26 18:48:20.787,202,146.3200,-194.7200,137.5000
2026-04-26 18:48:20.793,203,147.4000,-195.8800,137.8800
2026-04-26 18:48:20.801,204,147.8800,-196.5200,138.2200
2026-04-26 18:48:20.809,205,147.3200,-197.3600,140.0400
2026-04-26 18:48:20.817,206,148.0400,-199.1600,141.4600
2026-04-26 18:48:20.825,207,148.1600,-199.8800,142.4200
2026-04-26 18:48:20.832,208,148.4800,-201.1000,143.4400
2026-04-26 18:48:20.839,209,150.6000,-202.0600,142.7600
2026-04-26 18:48:20.846,210,151.2000,-203.5600,143.9200
2026-04-26 18:48:20.855,211,151.6000,-204.9800,145.7200
2026-04-26 18:48:20.865,212,152.6000,-206.3600,146.3000
2026-04-26 18:48:20.873,213,153.5200,-206.4200,145.8200
2026-04-26 18:48:20.882,214,153.5600,-207.3600,146.9800
2026-04-26 18:48:20.889,215,154.0800,-208.6600,148.4800
2026-04-26 18:48:20.897,216,153.5600,-208.6200,149.3600
2026-04-26 18:48:20.905,217,154.8400,-209.5800,149.3800
2026-04-26 18:48:20.911,218,154.4400,-210.8200,151.3600
2026-04-26 18:48:20.919,219,156.0800,-212.1200,151.4600
2026-04-26 18:48:20.927,220,157.4000,-213.3200,151.9400
2026-04-26 18:48:20.934,221,157.1200,-213.4600,152.7800
2026-04-26 18:48:20.943,222,158.2000,-214.2000,152.8800
2026-04-26 18:48:20.978,223,159.2800,-214.9400,152.9800
2026-04-26 18:48:20.992,224,161.1200,-216.1800,152.5800
2026-04-26 18:48:21.000,225,161.0400,-217.5200,154.1800
2026-04-26 18:48:21.009,226,161.9200,-218.0400,154.3600
2026-04-26 18:48:21.020,227,163.9600,-219.2200,153.8800
2026-04-26 18:48:21.027,228,164.5200,-220.4800,154.5800
2026-04-26 18:48:21.035,229,165.5600,-221.8200,155.4800
2026-04-26 18:48:21.043,230,166.0400,-222.0400,155.5400
2026-04-26 18:48:21.052,231,166.6000,-222.8800,156.3800
2026-04-26 18:48:21.062,232,168.0800,-224.2000,156.6000
2026-04-26 18:48:21.070,233,168.8400,-225.2600,157.3600
2026-04-26 18:48:21.078,234,170.8800,-226.0200,156.6000
2026-04-26 18:48:21.086,235,171.2400,-227.3400,157.8000
2026-04-26 18:48:21.094,236,170.4000,-228.1800,159.9000
2026-04-26 18:48:21.103,237,171.5200,-228.4600,159.3400
2026-04-26 18:48:21.111,238,171.7200,-228.9600,160.1000
2026-04-26 18:48:21.120,239,171.0000,-230.1000,162.4600
2026-04-26 18:48:21.128,240,171.1200,-230.8200,163.4200
2026-04-26 18:48:21.136,241,172.0800,-231.6800,163.5400
2026-04-26 18:48:21.144,242,172.7200,-232.7200,164.0400
2026-04-26 18:48:21.152,243,172.9600,-233.8800,165.1200
2026-04-26 18:48:21.161,244,174.4000,-234.5400,164.6000
2026-04-26 18:48:21.170,245,174.1600,-235.2000,165.9000
2026-04-26 18:48:21.177,246,174.1200,-236.2200,167.4000
2026-04-26 18:48:21.186,247,174.2400,-237.6400,169.0600
2026-04-26 18:48:21.194,248,176.4000,-238.7000,168.5600
2026-04-26 18:48:21.203,249,176.7600,-239.0400,168.6400
2026-04-26 18:48:21.212,250,177.7600,-239.8600,169.0800
2026-04-26 18:48:21.220,251,178.0000,-241.0200,170.1600
2026-04-26 18:48:21.228,252,179.4400,-242.3800,170.3400
2026-04-26 18:48:21.236,253,181.3200,-243.4400,170.1200
2026-04-26 18:48:21.246,254,182.1600,-245.1200,171.2400
2026-04-26 18:48:21.256,255,183.4000,-246.8200,172.3400
2026-04-26 18:48:21.264,256,184.4000,-247.6400,172.7800
2026-04-26 18:48:21.275,257,184.2400,-248.5000,173.8800
2026-04-26 18:48:21.285,258,184.8400,-250.0000,175.0400
2026-04-26 18:48:21.294,259,184.3200,-251.3600,177.3200
2026-04-26 18:48:21.305,260,184.6000,-252.7600,178.8600
2026-04-26 18:48:21.315,261,186.1200,-253.2000,178.1400
2026-04-26 18:48:21.327,262,186.6800,-253.9000,178.4200
2026-04-26 18:48:21.338,263,186.8400,-254.7200,179.5600
2026-04-26 18:48:21.348,264,186.7200,-255.4000,180.8400
2026-04-26 18:48:21.357,265,188.8800,-256.7400,180.4800
2026-04-26 18:48:21.365,266,190.8000,-258.1800,180.5800
2026-04-26 18:48:21.372,267,192.1600,-259.7600,180.9600
2026-04-26 18:48:21.382,268,192.2400,-260.5200,181.8800
2026-04-26 18:48:21.390,269,191.4800,-261.7000,184.2000
2026-04-26 18:48:21.399,270,191.4400,-262.1600,184.8600
2026-04-26 18:48:21.407,271,191.8400,-263.1600,185.9600
2026-04-26 18:48:21.417,272,192.4400,-263.4000,186.0000
2026-04-26 18:48:21.425,273,194.0000,-264.5000,186.0200
2026-04-26 18:48:21.432,274,194.6000,-265.4400,186.7600
2026-04-26 18:48:21.442,275,195.8000,-266.4800,187.1200
2026-04-26 18:48:21.449,276,197.1600,-267.2200,186.9400
2026-04-26 18:48:21.458,277,198.8400,-267.9200,186.5200
2026-04-26 18:48:21.468,278,199.4000,-267.9200,186.3800
2026-04-26 18:48:21.475,279,200.6000,-268.9600,186.7400
2026-04-26 18:48:21.484,280,201.8000,-270.0000,187.1000
2026-04-26 18:48:21.491,281,202.1200,-271.5000,188.5400
2026-04-26 18:48:21.500,282,204.2400,-273.3000,188.4200
2026-04-26 18:48:21.510,283,204.0800,-273.4600,188.8200
2026-04-26 18:48:21.518,284,204.3600,-274.5800,189.9400
2026-04-26 18:48:21.531,285,205.2400,-276.0800,190.8200
2026-04-26 18:48:21.539,286,204.2800,-276.3400,192.5200
2026-04-26 18:48:21.550,287,205.2400,-277.9000,193.6200
2026-04-26 18:48:21.599,288,204.9600,-278.3200,194.6000
2026-04-26 18:48:21.608,289,206.1600,-279.3600,194.6800
2026-04-26 18:48:21.618,290,205.9200,-279.3200,195.2800
2026-04-26 18:48:21.626,291,206.4000,-280.2400,196.0400
2026-04-26 18:48:21.634,292,205.6000,-280.6200,197.7600
2026-04-26 18:48:21.642,293,206.6800,-281.3600,197.8600
2026-04-26 18:48:21.649,294,207.6400,-281.9400,197.8400
2026-04-26 18:48:21.657,295,208.4400,-282.6800,197.8000
2026-04-26 18:48:21.664,296,210.0000,-284.0600,198.2400
2026-04-26 18:48:21.672,297,210.7200,-284.4600,198.2600
2026-04-26 18:48:21.680,298,211.8400,-285.4400,198.5400
2026-04-26 18:48:21.688,299,211.5600,-286.2800,200.0800
2026-04-26 18:48:21.696,300,212.0000,-286.6800,200.3800
2026-04-26 18:48:21.704,301,212.3600,-287.8600,201.7200
2026-04-26 18:48:21.713,302,212.4800,-288.5800,202.6800
2026-04-26 18:48:21.722,303,212.9200,-288.7000,202.5600
2026-04-26 18:48:21.731,304,213.3600,-289.8000,203.5600
2026-04-26 18:48:21.740,305,213.7200,-290.8400,204.3400
2026-04-26 18:48:21.750,306,213.8800,-291.6600,205.2000
2026-04-26 18:48:21.759,307,215.9600,-292.5200,204.6200
2026-04-26 18:48:21.768,308,218.5200,-293.8800,203.8200
2026-04-26 18:48:21.777,309,220.0800,-294.2800,203.1400
2026-04-26 18:48:21.786,310,221.5600,-295.6000,203.3600
2026-04-26 18:48:21.795,311,222.4800,-296.5000,203.4400
2026-04-26 18:48:21.803,312,225.2400,-297.8000,202.5600
2026-04-26 18:48:21.811,313,225.2000,-298.2600,203.2200
2026-04-26 18:48:21.819,314,226.4400,-299.1200,203.0600
2026-04-26 18:48:21.828,315,227.7200,-299.3800,202.3800
2026-04-26 18:48:21.838,316,227.0400,-299.9200,203.9400
2026-04-26 18:48:21.847,317,227.8800,-300.9000,204.3600
2026-04-26 18:48:21.854,318,227.4400,-300.7800,204.9000
2026-04-26 18:48:21.861,319,228.3200,-301.3000,204.6600
2026-04-26 18:48:21.870,320,229.0400,-302.4000,205.3800
2026-04-26 18:48:21.878,321,230.0000,-303.6800,206.0600
2026-04-26 18:48:21.885,322,230.6800,-305.8000,207.5800
2026-04-26 18:48:21.893,323,232.4000,-306.8800,207.4800
2026-04-26 18:48:21.900,324,233.9200,-308.1600,207.7400
2026-04-26 18:48:21.908,325,235.1600,-309.7200,208.2800
2026-04-26 18:48:21.917,326,235.8000,-310.2000,208.6400
2026-04-26 18:48:21.925,327,236.4000,-310.5800,208.8200
2026-04-26 18:48:21.934,328,236.0000,-311.1200,210.1000
2026-04-26 18:48:21.941,329,238.0000,-311.9200,209.3000
2026-04-26 18:48:21.950,330,237.9200,-312.4200,209.9200
2026-04-26 18:48:21.959,331,239.6000,-313.4000,209.6400
2026-04-26 18:48:21.966,332,239.9200,-312.9400,209.1200
2026-04-26 18:48:21.974,333,240.8800,-313.5200,209.1000
2026-04-26 18:48:21.982,334,243.9200,-315.5200,208.6400
2026-04-26 18:48:21.991,335,244.4000,-316.1600,209.4000
2026-04-26 18:48:22.000,336,244.5600,-316.9800,210.5400
2026-04-26 18:48:22.007,337,245.1200,-317.1200,210.2600
2026-04-26 18:48:22.016,338,247.8000,-318.6400,209.5800
2026-04-26 18:48:22.023,339,249.2800,-319.8200,209.6600
2026-04-26 18:48:22.033,340,251.1200,-321.4800,209.5400
2026-04-26 18:48:22.042,341,251.2400,-322.2000,210.5000
2026-04-26 18:48:22.049,342,252.9600,-323.2800,210.4000
2026-04-26 18:48:22.059,343,252.6400,-324.3000,212.4600
2026-04-26 18:48:22.066,344,253.5600,-326.3200,213.5200
2026-04-26 18:48:22.075,345,254.1600,-327.8200,214.6800
2026-04-26 18:48:22.084,346,255.9200,-329.1400,214.6200
2026-04-26 18:48:22.091,347,256.5600,-330.4600,215.5400
2026-04-26 18:48:22.101,348,257.4400,-330.9800,215.7200
2026-04-26 18:48:22.110,349,257.8800,-331.3800,216.0200
2026-04-26 18:48:22.116,350,259.1200,-332.3800,216.4200
2026-04-26 18:48:22.182,351,259.2000,-333.5600,218.0400
2026-04-26 18:48:22.190,352,262.0000,-335.1000,217.2000
2026-04-26 18:48:22.197,353,264.3600,-336.2400,216.4800
2026-04-26 18:48:22.205,354,264.9600,-336.9000,217.0800
2026-04-26 18:48:22.212,355,265.2000,-337.2200,217.6000
2026-04-26 18:48:22.220,356,265.7200,-337.4000,217.7000
2026-04-26 18:48:22.227,357,266.5200,-338.2800,217.9400
2026-04-26 18:48:22.234,358,266.9200,-339.1400,218.4800
2026-04-26 18:48:22.242,359,267.4000,-339.9200,219.3800
2026-04-26 18:48:22.251,360,267.2800,-340.8800,220.8000
2026-04-26 18:48:22.259,361,267.5200,-340.7800,220.7600
2026-04-26 18:48:22.267,362,267.6800,-342.0200,222.1800
2026-04-26 18:48:22.276,363,268.0400,-342.6400,222.6800
2026-04-26 18:48:22.284,364,268.4800,-344.0200,223.8200
2026-04-26 18:48:22.292,365,268.3600,-344.5600,224.8200
2026-04-26 18:48:22.301,366,269.5600,-346.3000,225.8800
2026-04-26 18:48:22.309,367,270.0800,-347.4600,227.1000
2026-04-26 18:48:22.319,368,270.5200,-348.7000,228.3800
2026-04-26 18:48:22.328,369,271.6000,-349.5800,228.3400
2026-04-26 18:48:22.336,370,273.2800,-350.2800,227.9200
2026-04-26 18:48:22.344,371,275.2000,-351.4400,227.6000
2026-04-26 18:48:22.352,372,275.9200,-352.5400,228.3200
2026-04-26 18:48:22.360,373,276.9200,-353.5000,228.6200
2026-04-26 18:48:22.370,374,277.0800,-354.3200,229.4800
2026-04-26 18:48:22.378,375,277.6400,-355.7200,230.7400
2026-04-26 18:48:22.388,376,278.4000,-356.3600,230.9400
2026-04-26 18:48:22.397,377,278.9200,-356.8200,231.4600
2026-04-26 18:48:22.406,378,279.6800,-357.3200,231.3800
2026-04-26 18:48:22.415,379,280.8800,-358.2200,231.1800
2026-04-26 18:48:22.423,380,281.8400,-359.0800,231.3000
2026-04-26 18:48:22.432,381,282.8000,-360.3600,231.9800
2026-04-26 18:48:22.439,382,282.7200,-361.0000,232.8800
2026-04-26 18:48:22.448,383,281.8800,-361.5600,234.8400
2026-04-26 18:48:22.456,384,282.8000,-362.7400,235.3400
2026-04-26 18:48:22.464,385,282.9600,-363.5600,236.2000
2026-04-26 18:48:22.472,386,282.8800,-363.5000,236.4000
2026-04-26 18:48:22.481,387,284.0800,-364.2600,236.3400
2026-04-26 18:48:22.488,388,284.8400,-365.1800,236.5400
2026-04-26 18:48:22.498,389,285.0000,-366.4200,237.9600
2026-04-26 18:48:22.505,390,285.6400,-367.8800,239.1600
2026-04-26 18:48:22.514,391,286.1200,-368.5200,239.5000
2026-04-26 18:48:22.523,392,287.3200,-369.7000,239.7200
2026-04-26 18:48:22.531,393,288.8800,-370.9400,239.6000
2026-04-26 18:48:22.539,394,290.3200,-371.6000,239.0800
2026-04-26 18:48:22.546,395,291.2400,-372.5000,239.1600
2026-04-26 18:48:22.554,396,291.6800,-373.4600,239.6000
2026-04-26 18:48:22.562,397,290.8800,-374.1200,241.4600
2026-04-26 18:48:22.569,398,290.8400,-375.0000,242.8200
2026-04-26 18:48:22.578,399,293.7200,-376.6000,242.2000
2026-04-26 18:48:22.584,400,294.1200,-376.7600,242.0400
2026-04-26 18:48:22.593,401,296.1600,-378.6400,242.2600
2026-04-26 18:48:22.602,402,296.2000,-379.8600,243.8400
2026-04-26 18:48:22.609,403,296.3600,-380.6800,244.7000
2026-04-26 18:48:22.618,404,297.7200,-381.4200,244.5200
2026-04-26 18:48:22.625,405,298.5600,-382.6800,245.0800
2026-04-26 18:48:22.635,406,298.8000,-383.5600,246.1600
2026-04-26 18:48:22.645,407,300.6400,-383.9600,245.2000
2026-04-26 18:48:22.652,408,300.5200,-384.5000,246.2000
2026-04-26 18:48:22.661,409,300.8400,-385.4400,247.5000
2026-04-26 18:48:22.669,410,300.8800,-385.6800,247.9600
2026-04-26 18:48:22.678,411,301.0800,-386.7400,249.2800
2026-04-26 18:48:22.688,412,301.9200,-387.0200,249.0000
2026-04-26 18:48:22.695,413,303.9600,-388.0600,248.6600
2026-04-26 18:48:22.704,414,304.3200,-388.5400,249.3000
2026-04-26 18:48:22.763,415,304.9200,-389.4800,250.0400
2026-04-26 18:48:22.771,416,305.6800,-389.9800,249.9600
2026-04-26 18:48:22.778,417,305.9200,-390.4400,250.3400
2026-04-26 18:48:22.784,418,307.1200,-391.4800,250.7000
2026-04-26 18:48:22.791,419,307.7600,-391.8200,250.5000
2026-04-26 18:48:22.798,420,307.8800,-392.8200,251.8800
2026-04-26 18:48:22.806,421,309.0800,-393.8600,252.2400
2026-04-26 18:48:22.813,422,311.2800,-395.0200,251.6400
2026-04-26 18:48:22.820,423,313.0400,-396.2000,251.4400
2026-04-26 18:48:22.828,424,312.5600,-396.6800,252.7800
2026-04-26 18:48:22.835,425,312.7200,-396.5200,252.8000
2026-04-26 18:48:22.843,426,313.6400,-397.2800,253.0200
2026-04-26 18:48:22.850,427,314.2000,-398.4000,253.8600
2026-04-26 18:48:22.858,428,315.4800,-400.4800,255.2800
2026-04-26 18:48:22.865,429,316.6000,-401.4600,255.4200
2026-04-26 18:48:22.874,430,317.0800,-402.3800,256.1800
2026-04-26 18:48:22.880,431,319.2400,-403.4400,255.6800
2026-04-26 18:48:22.887,432,320.9600,-405.2200,256.2800
2026-04-26 18:48:22.895,433,321.6000,-406.4000,257.3400
2026-04-26 18:48:22.902,434,320.8000,-407.9000,260.1800
2026-04-26 18:48:22.910,435,321.8000,-408.7200,260.3400
2026-04-26 18:48:22.919,436,323.1200,-409.6400,260.4000
2026-04-26 18:48:22.928,437,324.3200,-409.9800,260.0600
2026-04-26 18:48:22.936,438,326.8000,-411.7000,259.7400
2026-04-26 18:48:22.944,439,327.1600,-411.9000,259.9600
2026-04-26 18:48:22.953,440,329.1600,-413.1200,259.4400
2026-04-26 18:48:22.960,441,329.7200,-414.2400,260.4200
2026-04-26 18:48:22.968,442,331.1200,-415.5000,260.4200
2026-04-26 18:48:22.976,443,332.6800,-416.6000,260.4400
2026-04-26 18:48:22.986,444,333.7200,-417.3800,260.5000
2026-04-26 18:48:22.995,445,335.9200,-418.9600,260.1800
2026-04-26 18:48:23.003,446,336.9200,-420.0600,261.0400
2026-04-26 18:48:23.011,447,337.7600,-421.0400,261.4600
2026-04-26 18:48:23.018,448,338.4800,-422.1400,261.9000
2026-04-26 18:48:23.026,449,341.8400,-423.4000,260.5000
2026-04-26 18:48:23.034,450,342.3200,-424.1800,260.7000
2026-04-26 18:48:23.041,451,344.0000,-425.8600,260.7000
2026-04-26 18:48:23.050,452,344.2400,-426.4600,261.3600
2026-04-26 18:48:23.056,453,344.9200,-427.0400,261.6200
2026-04-26 18:48:23.065,454,345.4400,-427.7800,261.8600
2026-04-26 18:48:23.073,455,346.5600,-428.0600,261.3000
2026-04-26 18:48:23.080,456,346.5600,-428.4800,262.0000
2026-04-26 18:48:23.089,457,347.0400,-429.4000,262.7600
2026-04-26 18:48:23.096,458,348.2800,-429.8400,262.3200
2026-04-26 18:48:23.104,459,348.0800,-430.0400,263.1000
2026-04-26 18:48:23.113,460,348.2400,-431.4200,264.3800
2026-04-26 18:48:23.120,461,349.0800,-432.1200,264.8000
2026-04-26 18:48:23.129,462,349.9600,-432.9200,264.9800
2026-04-26 18:48:23.139,463,351.7200,-433.8200,264.6400
2026-04-26 18:48:23.148,464,352.5200,-435.1200,265.8600
2026-04-26 18:48:23.160,465,353.2000,-436.4000,266.8200
2026-04-26 18:48:23.169,466,354.7200,-437.5400,266.8000
2026-04-26 18:48:23.179,467,354.8000,-437.8800,267.1600
2026-04-26 18:48:23.190,468,355.7200,-438.6400,267.3800
2026-04-26 18:48:23.199,469,356.2000,-439.5600,268.1400
2026-04-26 18:48:23.211,470,357.6400,-440.7800,268.4600
2026-04-26 18:48:23.219,471,357.7600,-441.7800,269.5600
2026-04-26 18:48:23.231,472,358.6000,-442.0600,269.2800
2026-04-26 18:48:23.242,473,358.6000,-442.9000,270.5400
2026-04-26 18:48:23.251,474,358.9600,-443.3800,271.1800
2026-04-26 18:48:23.265,475,359.4800,-444.5400,272.1200
2026-04-26 18:48:23.275,476,359.6000,-444.7000,272.2400
2026-04-26 18:48:23.288,477,360.7200,-445.2600,272.1000
2026-04-26 18:48:23.357,478,362.6800,-446.5200,271.9600
2026-04-26 18:48:23.368,479,362.6000,-446.1800,272.0200
2026-04-26 18:48:23.379,480,364.1200,-447.3200,272.0000
2026-04-26 18:48:23.391,481,365.2400,-447.6000,271.4400
2026-04-26 18:48:23.402,482,366.4000,-448.5400,271.6200
2026-04-26 18:48:23.415,483,366.0000,-449.0800,272.9000
2026-04-26 18:48:23.426,484,365.8800,-449.9000,274.0400
2026-04-26 18:48:23.440,485,366.2400,-450.1000,274.2600
2026-04-26 18:48:23.452,486,367.6800,-450.6200,273.8800
2026-04-26 18:48:23.463,487,367.7600,-451.3800,274.8000
2026-04-26 18:48:23.474,488,367.5200,-452.1800,275.9600
2026-04-26 18:48:23.484,489,368.8400,-453.8000,276.7200
2026-04-26 18:48:23.494,490,369.1200,-454.2200,277.1400
2026-04-26 18:48:23.504,491,368.9600,-455.6400,279.0800
2026-04-26 18:48:23.515,492,368.4000,-455.3600,279.6400
2026-04-26 18:48:23.527,493,368.9600,-456.9000,281.4600
2026-04-26 18:48:23.538,494,368.2400,-457.9000,283.5400
2026-04-26 18:48:23.549,495,367.8800,-458.2600,284.5800
2026-04-26 18:48:23.560,496,368.3200,-458.3800,284.4600
2026-04-26 18:48:23.572,497,369.6000,-458.9200,284.2000
2026-04-26 18:48:23.584,498,370.0000,-459.2200,284.3200
2026-04-26 18:48:23.596,499,372.9600,-460.3200,283.0800
2026-04-26 18:48:23.607,500,373.4000,-461.2800,284.2200
2026-04-26 18:48:23.619,501,374.4400,-462.6200,285.1200
2026-04-26 18:48:23.631,502,375.2800,-463.7400,286.1000
2026-04-26 18:48:23.645,503,377.1200,-464.8400,285.8400
2026-04-26 18:48:23.657,504,376.8800,-465.5000,287.1400
2026-04-26 18:48:23.669,505,377.3600,-466.5600,287.9000
2026-04-26 18:48:23.682,506,378.4000,-467.0600,287.5400
2026-04-26 18:48:23.694,507,378.6400,-468.2200,288.6200
2026-04-26 18:48:23.706,508,379.4400,-468.4000,288.4400
2026-04-26 18:48:23.717,509,379.8400,-469.1200,289.1200
2026-04-26 18:48:23.729,510,381.0000,-470.9000,289.8600
2026-04-26 18:48:23.744,511,380.8400,-471.6200,291.1000
2026-04-26 18:48:23.756,512,380.8000,-472.6400,292.6000
2026-04-26 18:48:23.771,513,381.9600,-473.3000,292.3600
2026-04-26 18:48:23.786,514,382.1600,-473.9400,292.9800
2026-04-26 18:48:23.802,515,383.9200,-475.2600,292.9200
2026-04-26 18:48:23.821,516,383.5600,-476.4600,294.9400
2026-04-26 18:48:23.834,517,383.5200,-477.0600,296.1600
2026-04-26 18:48:23.848,518,384.9200,-478.4600,296.7200
2026-04-26 18:48:23.860,519,386.0400,-479.0200,296.5800
2026-04-26 18:48:23.878,520,385.8000,-479.1200,297.0400
2026-04-26 18:48:23.891,521,386.2800,-479.7600,297.3800
2026-04-26 18:48:23.904,522,386.4400,-480.3000,298.1000
2026-04-26 18:48:23.920,523,386.4000,-480.7600,298.7600
2026-04-26 18:48:23.934,524,387.2800,-482.4000,300.2000
2026-04-26 18:48:23.952,525,389.2800,-483.4800,299.8200
2026-04-26 18:48:23.969,526,389.5200,-483.9400,300.2000
2026-04-26 18:48:23.982,527,389.4000,-484.0600,300.9200
2026-04-26 18:48:23.996,528,388.8800,-484.3000,301.9400
2026-04-26 18:48:24.008,529,390.4000,-485.3000,302.0600
2026-04-26 18:48:24.022,530,391.6400,-486.4400,302.3200
2026-04-26 18:48:24.036,531,392.3200,-486.6000,302.3000
2026-04-26 18:48:24.046,532,394.2400,-488.3200,302.4000
2026-04-26 18:48:24.059,533,395.0000,-488.9600,302.6000
2026-04-26 18:48:24.074,534,395.6800,-489.5400,302.8600
2026-04-26 18:48:24.085,535,396.5200,-490.2400,302.8600
2026-04-26 18:48:24.100,536,397.4800,-490.9600,303.1200
2026-04-26 18:48:24.112,537,398.1200,-491.5800,303.3400
2026-04-26 18:48:24.127,538,401.3200,-493.4200,302.9000
2026-04-26 18:48:24.141,539,401.8800,-494.4000,303.8800
2026-04-26 18:48:24.150,540,403.0800,-495.4400,304.2400
2026-04-26 18:48:24.163,541,404.0400,-495.6000,303.9400
2026-04-26 18:48:24.174,542,404.0800,-495.8400,304.4000
2026-04-26 18:48:24.186,543,403.8400,-496.0800,305.1400
2026-04-26 18:48:24.199,544,404.8000,-497.0800,305.4000
2026-04-26 18:48:24.208,545,405.6800,-498.5800,306.2800
2026-04-26 18:48:24.221,546,406.4000,-499.6800,306.7200
2026-04-26 18:48:24.230,547,408.0800,-501.0800,307.0000
2026-04-26 18:48:24.243,548,408.3600,-502.2000,308.1200
2026-04-26 18:48:24.255,549,408.7200,-503.3800,309.4600
2026-04-26 18:48:24.264,550,409.2000,-504.3000,310.2200
2026-04-26 18:48:24.277,551,409.1200,-506.0600,312.3800
2026-04-26 18:48:24.289,552,411.2000,-506.6400,311.3800
2026-04-26 18:48:24.304,553,411.0400,-506.5200,311.6400
2026-04-26 18:48:24.320,554,411.5600,-507.9600,312.5800
2026-04-26 18:48:24.331,555,411.7600,-508.6000,313.2000
2026-04-26 18:48:24.344,556,412.6400,-509.2600,313.5200
2026-04-26 18:48:24.352,557,413.1600,-509.5800,313.4800
2026-04-26 18:48:24.365,558,413.6400,-510.3600,314.1000
2026-04-26 18:48:24.379,559,414.7200,-511.5200,314.4800
2026-04-26 18:48:24.388,560,415.8400,-511.8000,313.9200
2026-04-26 18:48:24.403,561,419.2800,-513.9600,313.3000
2026-04-26 18:48:24.413,562,420.4000,-514.9400,313.4400
2026-04-26 18:48:24.427,563,420.3600,-515.4000,314.1000
2026-04-26 18:48:24.442,564,421.2400,-517.6000,315.6800
2026-04-26 18:48:24.452,565,422.5600,-519.2200,316.4400
2026-04-26 18:48:24.465,566,422.9600,-520.2200,317.5400
2026-04-26 18:48:24.478,567,424.5600,-521.7000,317.8800
2026-04-26 18:48:24.486,568,424.8400,-522.4000,318.7200
2026-04-26 18:48:24.499,569,424.3600,-523.5800,320.7600
2026-04-26 18:48:24.508,570,424.6800,-524.1000,321.3600
2026-04-26 18:48:24.520,571,424.8800,-524.8800,322.2600
2026-04-26 18:48:24.533,572,426.2000,-526.5000,323.0200
2026-04-26 18:48:24.542,573,427.8000,-527.8400,323.0800
2026-04-26 18:48:24.555,574,428.2800,-528.0600,323.1400
2026-04-26 18:48:24.563,575,429.3200,-529.2600,323.4800
2026-04-26 18:48:24.574,576,430.9200,-530.0400,323.1200
2026-04-26 18:48:24.587,577,430.4000,-530.7000,324.7000
2026-04-26 18:48:24.594,578,430.1600,-530.9400,325.4400
2026-04-26 18:48:24.607,579,430.7600,-531.6000,326.0400
2026-04-26 18:48:24.616,580,431.7200,-531.4800,325.3200
2026-04-26 18:48:24.628,581,434.1200,-532.7200,324.7800
2026-04-26 18:48:24.641,582,436.0400,-534.1600,324.8800
2026-04-26 18:48:24.650,583,437.3600,-534.3800,324.2400
2026-04-26 18:48:24.662,584,439.2400,-535.5800,323.8800
2026-04-26 18:48:24.670,585,439.8800,-536.7600,324.9400
2026-04-26 18:48:24.682,586,439.9600,-537.5200,325.8600
2026-04-26 18:48:24.772,587,439.4400,-538.1800,327.4400
2026-04-26 18:48:24.781,588,440.6400,-538.9400,327.3800
2026-04-26 18:48:24.789,589,442.0400,-539.6400,327.2400
2026-04-26 18:48:24.798,590,442.8400,-540.3800,327.2000
2026-04-26 18:48:24.806,591,444.3200,-541.7000,327.4200
2026-04-26 18:48:24.815,592,444.9200,-542.3600,328.0200
2026-04-26 18:48:24.823,593,444.6000,-542.5400,328.8200
2026-04-26 18:48:24.831,594,445.6400,-543.4600,328.7400
2026-04-26 18:48:24.838,595,446.9600,-544.9400,328.9400
2026-04-26 18:48:24.847,596,448.4800,-545.8000,328.9200
2026-04-26 18:48:24.855,597,449.4800,-546.9000,329.0800
2026-04-26 18:48:24.863,598,450.4400,-547.4800,329.0600
2026-04-26 18:48:24.871,599,451.6800,-548.3400,328.9000
2026-04-26 18:48:24.879,600,452.4000,-549.4400,329.6200
2026-04-26 18:48:24.887,601,453.0800,-550.0200,329.8800
2026-04-26 18:48:24.895,602,452.9200,-550.6000,330.8400
2026-04-26 18:48:24.903,603,453.3600,-551.4200,331.4200
2026-04-26 18:48:24.912,604,453.5600,-552.0600,332.0400
2026-04-26 18:48:24.922,605,453.5200,-553.0800,333.5400
2026-04-26 18:48:24.929,606,453.6000,-553.1400,333.7600
2026-04-26 18:48:24.938,607,453.7600,-552.9800,333.7800
2026-04-26 18:48:24.947,608,453.0800,-553.9400,335.9000
2026-04-26 18:48:24.956,609,454.4400,-555.1000,336.0000
2026-04-26 18:48:24.966,610,454.7200,-555.8000,336.8400
2026-04-26 18:48:24.975,611,455.2800,-556.9200,337.6800
2026-04-26 18:48:24.984,612,455.8000,-557.1000,337.7800
2026-04-26 18:48:24.992,613,458.3600,-558.4600,336.9800
2026-04-26 18:48:25.002,614,459.2400,-559.5400,337.5800
2026-04-26 18:48:25.011,615,459.6000,-560.0200,338.2200
2026-04-26 18:48:25.020,616,460.9600,-560.9000,338.3200
2026-04-26 18:48:25.029,617,463.2800,-561.9400,337.7000
2026-04-26 18:48:25.038,618,464.3200,-562.4400,337.3400
2026-04-26 18:48:25.049,619,464.2800,-563.0400,338.2800
2026-04-26 18:48:25.059,620,464.9200,-563.6600,338.5000
2026-04-26 18:48:25.064,621,465.4800,-564.7800,339.3400
2026-04-26 18:48:25.064,622,466.1600,-565.6400,340.0200
2026-04-26 18:48:25.079,623,466.6400,-566.1400,340.5000
2026-04-26 18:48:25.095,624,466.8800,-567.5800,342.0000
2026-04-26 18:48:25.095,625,467.3600,-567.6600,341.9200
2026-04-26 18:48:25.111,626,468.6000,-569.5000,342.8800
2026-04-26 18:48:25.126,627,469.4400,-569.7800,342.6000
2026-04-26 18:48:25.126,628,469.6800,-570.2400,342.9800
2026-04-26 18:48:25.142,629,470.5600,-570.9000,343.3000
2026-04-26 18:48:25.158,630,471.2000,-571.5200,343.5200
2026-04-26 18:48:25.158,631,471.2000,-572.5000,344.6400
2026-04-26 18:48:25.173,632,471.9600,-573.8400,345.5400
2026-04-26 18:48:25.179,633,473.3200,-575.2800,345.7800
2026-04-26 18:48:25.189,634,474.4000,-575.7400,345.4600
2026-04-26 18:48:25.205,635,475.3200,-576.7800,346.1000
2026-04-26 18:48:25.205,636,475.5200,-576.7200,346.0200
2026-04-26 18:48:25.221,637,476.9200,-577.5600,345.7400
2026-04-26 18:48:25.221,638,477.6800,-578.6200,346.5000
2026-04-26 18:48:25.236,639,477.4800,-580.2200,348.6800
2026-04-26 18:48:25.236,640,477.9600,-581.1400,349.4400
2026-04-26 18:48:25.252,641,478.1600,-581.7800,350.0600
2026-04-26 18:48:25.267,642,480.6400,-583.2200,349.6000
2026-04-26 18:48:25.280,643,482.5600,-583.9600,349.0000
2026-04-26 18:48:25.284,644,482.2000,-585.0200,350.7400
2026-04-26 18:48:25.299,645,483.2800,-586.0400,351.2600
2026-04-26 18:48:25.299,646,483.8800,-586.7000,351.8600
2026-04-26 18:48:25.315,647,484.1600,-587.4000,352.7000
2026-04-26 18:48:25.315,648,484.9600,-588.2800,353.2200
2026-04-26 18:48:25.330,649,485.2800,-588.5200,353.4000
2026-04-26 18:48:25.341,650,485.1600,-589.3400,354.8200
2026-04-26 18:48:25.346,651,485.7200,-590.7400,356.0800
2026-04-26 18:48:25.362,652,487.2800,-591.8400,356.1000
2026-04-26 18:48:25.362,653,486.9200,-592.9000,357.8400
2026-04-26 18:48:25.380,654,488.3200,-594.4400,358.2600
2026-04-26 18:48:25.394,655,488.4800,-595.2600,359.1200
2026-04-26 18:48:25.394,656,490.7600,-596.9000,359.0200
2026-04-26 18:48:25.409,657,492.5200,-598.5000,359.1000
2026-04-26 18:48:25.425,658,492.3600,-599.2200,360.3400
2026-04-26 18:48:25.425,659,492.9600,-599.8800,360.9400
2026-04-26 18:48:25.441,660,493.1600,-600.1000,361.2800
2026-04-26 18:48:25.441,661,494.1200,-601.6600,362.1000
2026-04-26 18:48:25.456,662,493.0400,-602.0400,364.1000
2026-04-26 18:48:25.472,663,494.7600,-603.2600,364.2800
2026-04-26 18:48:25.480,664,494.9600,-603.2000,364.2000
2026-04-26 18:48:25.488,665,496.1600,-603.8200,364.2800
2026-04-26 18:48:25.504,666,497.4000,-604.6800,364.1200
2026-04-26 18:48:25.504,667,498.6000,-605.7200,364.4800
2026-04-26 18:48:25.530,668,498.7600,-607.2400,366.3200
2026-04-26 18:48:25.535,669,499.1200,-607.7200,366.9600
2026-04-26 18:48:25.535,670,500.6400,-609.8400,368.0600
2026-04-26 18:48:25.551,671,502.1600,-610.7000,367.6200
2026-04-26 18:48:25.566,672,503.0800,-611.3200,367.7000
2026-04-26 18:48:25.580,673,503.4000,-611.5600,367.8800
2026-04-26 18:48:25.582,674,504.3200,-612.0400,367.6800
2026-04-26 18:48:25.598,675,504.8800,-613.4400,369.0800
2026-04-26 18:48:25.598,676,505.4000,-614.1800,369.3200
2026-04-26 18:48:25.614,677,506.0400,-614.8000,369.5400
2026-04-26 18:48:25.630,678,506.4400,-615.3800,370.0800
2026-04-26 18:48:25.630,679,509.1600,-617.4200,369.8600
2026-04-26 18:48:25.645,680,510.1200,-617.8600,369.7000
2026-04-26 18:48:25.661,681,511.4000,-618.5400,369.3000
2026-04-26 18:48:25.677,682,512.9600,-619.7800,369.1800
2026-04-26 18:48:25.680,683,514.1200,-620.8600,369.2200
2026-04-26 18:48:25.693,684,513.9600,-621.4400,370.1800
2026-04-26 18:48:25.708,685,515.8400,-622.9200,370.2400
2026-04-26 18:48:25.708,686,516.0400,-623.7000,371.1400
2026-04-26 18:48:25.724,687,516.5200,-623.9200,371.2000
2026-04-26 18:48:25.740,688,519.7200,-625.2000,369.9200
2026-04-26 18:48:25.755,689,519.6800,-625.6600,370.5800
2026-04-26 18:48:25.755,690,522.1600,-626.8200,369.7000
2026-04-26 18:48:25.780,691,523.3600,-627.8600,370.0600
2026-04-26 18:48:25.787,692,524.1200,-629.2000,371.2400
2026-04-26 18:48:25.787,693,525.0400,-630.6600,372.1600
2026-04-26 18:48:25.802,694,525.8400,-631.5400,372.6800
2026-04-26 18:48:25.913,695,526.4800,-631.8800,372.4800
2026-04-26 18:48:25.928,696,526.8800,-631.7600,372.3200
2026-04-26 18:48:25.928,697,528.2000,-633.1000,372.6600
2026-04-26 18:48:25.944,698,527.8400,-632.7600,373.0000
2026-04-26 18:48:25.944,699,529.4400,-633.6800,372.7800
2026-04-26 18:48:25.960,700,529.5600,-634.4000,373.7400
2026-04-26 18:48:25.975,701,529.5200,-635.7000,375.6600
2026-04-26 18:48:25.981,702,529.9600,-637.2200,376.9400
2026-04-26 18:48:25.991,703,531.2800,-638.5600,377.2800
2026-04-26 18:48:25.991,704,532.3200,-639.2000,377.4800
2026-04-26 18:48:26.007,705,533.6400,-639.4200,376.8400
2026-04-26 18:48:26.022,706,533.5600,-640.0600,378.0200
2026-04-26 18:48:26.022,707,534.5200,-640.2200,377.7200
2026-04-26 18:48:26.038,708,534.6800,-640.7600,378.4400
2026-04-26 18:48:26.038,709,536.0000,-642.3800,379.2000
2026-04-26 18:48:26.054,710,537.8800,-643.1600,378.5600
2026-04-26 18:48:26.054,711,537.7200,-643.8800,379.8000
2026-04-26 18:48:26.069,712,538.2400,-644.7600,380.6000
2026-04-26 18:48:26.085,713,539.0400,-646.4800,381.4000
2026-04-26 18:48:26.092,714,539.5600,-647.2200,381.6400
2026-04-26 18:48:26.101,715,540.3200,-648.2800,382.4000
2026-04-26 18:48:26.101,716,542.1600,-649.6600,382.5600
2026-04-26 18:48:26.117,717,542.5600,-650.6600,383.6600
2026-04-26 18:48:26.117,718,543.3200,-651.0200,383.7200
2026-04-26 18:48:26.133,719,545.2400,-652.1800,383.6800
2026-04-26 18:48:26.148,720,545.4400,-652.9600,384.5800
2026-04-26 18:48:26.148,721,546.5200,-653.8400,384.5400
2026-04-26 18:48:26.164,722,547.0000,-653.9200,384.4600
2026-04-26 18:48:26.179,723,547.7600,-654.4200,384.3800
2026-04-26 18:48:26.181,724,549.6800,-655.4400,383.7800
2026-04-26 18:48:26.196,725,550.3600,-656.7200,384.7400
2026-04-26 18:48:26.196,726,551.1200,-657.5000,385.0800
2026-04-26 18:48:26.211,727,553.0800,-658.7600,384.9400
2026-04-26 18:48:26.211,728,553.7600,-660.0400,386.0400
2026-04-26 18:48:26.227,729,553.5200,-660.7000,387.3400
2026-04-26 18:48:26.227,730,553.0800,-661.8400,389.4200
2026-04-26 18:48:26.242,731,554.2000,-662.5400,389.5600
2026-04-26 18:48:26.258,732,554.6400,-662.9400,389.8600
2026-04-26 18:48:26.258,733,554.7600,-663.9400,390.9600
2026-04-26 18:48:26.281,734,554.9200,-664.9000,392.3800
2026-04-26 18:48:26.290,735,555.2000,-665.3200,392.8000
2026-04-26 18:48:26.290,736,555.0800,-665.1600,393.1000
2026-04-26 18:48:26.305,737,556.1600,-666.4600,393.3400
2026-04-26 18:48:26.321,738,556.6000,-666.5800,393.2200
2026-04-26 18:48:26.321,739,557.1600,-667.8400,394.0600
2026-04-26 18:48:26.343,740,557.6000,-668.6600,394.6400
2026-04-26 18:48:26.353,741,558.1600,-669.7800,395.4800
2026-04-26 18:48:26.353,742,560.1600,-671.1400,395.2400
2026-04-26 18:48:26.368,743,560.4000,-672.0200,396.0400
2026-04-26 18:48:26.384,744,560.3600,-673.0400,397.5400
2026-04-26 18:48:26.384,745,561.0800,-673.4400,397.5600
2026-04-26 18:48:26.400,746,562.8000,-673.8200,396.7600
2026-04-26 18:48:26.416,747,562.9600,-674.6400,397.9000
2026-04-26 18:48:26.416,748,563.8400,-675.0200,397.8000
2026-04-26 18:48:26.431,749,563.7600,-674.9600,398.0000
2026-04-26 18:48:26.431,750,563.5200,-675.7600,399.5800
2026-04-26 18:48:26.447,751,564.2000,-676.0600,399.4200
2026-04-26 18:48:26.462,752,565.0800,-677.0000,399.8800
2026-04-26 18:48:26.478,753,565.8400,-677.5000,399.8000
2026-04-26 18:48:26.482,754,566.6000,-679.4000,401.1200
2026-04-26 18:48:26.494,755,567.2800,-680.6800,402.0800
2026-04-26 18:48:26.510,756,568.0800,-681.8400,402.7400
2026-04-26 18:48:26.525,757,569.0800,-683.3600,403.8800
2026-04-26 18:48:26.525,758,569.6000,-683.8200,404.1200
2026-04-26 18:48:26.541,759,570.2000,-684.6200,404.5800
2026-04-26 18:48:26.557,760,571.0400,-685.3200,404.5800
2026-04-26 18:48:26.557,761,571.0800,-686.2600,405.7400
2026-04-26 18:48:26.582,762,571.4800,-686.8400,406.5600
2026-04-26 18:48:26.588,763,571.8400,-688.0200,407.9000
2026-04-26 18:48:26.593,764,572.8000,-689.5800,409.0000
2026-04-26 18:48:26.604,765,573.0000,-690.2200,409.6200
2026-04-26 18:48:26.620,766,573.8400,-691.2000,410.0400
2026-04-26 18:48:26.636,767,574.8000,-691.7800,410.0200
2026-04-26 18:48:26.636,768,575.2000,-692.6400,410.5600
2026-04-26 18:48:26.651,769,575.2400,-693.1600,411.4400
2026-04-26 18:48:26.667,770,576.6800,-694.2400,411.2000
2026-04-26 18:48:26.683,771,576.4400,-695.3200,412.9200
2026-04-26 18:48:26.683,772,577.8800,-695.8400,412.5400
2026-04-26 18:48:26.698,773,578.8400,-696.7000,412.6600
2026-04-26 18:48:26.714,774,579.5200,-697.9800,413.6200
2026-04-26 18:48:26.714,775,580.0400,-699.0000,414.2800
2026-04-26 18:48:26.730,776,580.4400,-699.3000,414.6800
2026-04-26 18:48:26.745,777,581.8000,-701.1600,415.4800
2026-04-26 18:48:26.761,778,581.6800,-701.8400,416.7600
2026-04-26 18:48:26.761,779,582.1200,-702.6600,417.3400
2026-04-26 18:48:26.782,780,582.4400,-703.8800,418.3600
2026-04-26 18:48:26.793,781,583.7600,-704.8000,418.4200
2026-04-26 18:48:26.808,782,584.8000,-705.7200,418.7600
2026-04-26 18:48:26.808,783,586.0400,-706.5800,418.6000
2026-04-26 18:48:26.824,784,586.2800,-707.4600,419.6800
2026-04-26 18:48:26.843,785,586.6400,-707.9400,420.3200
2026-04-26 18:48:26.856,786,587.1200,-708.3000,420.6600
2026-04-26 18:48:26.856,787,587.2800,-709.6800,422.3600
2026-04-26 18:48:26.871,788,587.1600,-710.3600,423.2200
2026-04-26 18:48:26.887,789,587.6000,-710.4800,423.1000
2026-04-26 18:48:26.903,790,588.1200,-711.5000,423.7600
2026-04-26 18:48:26.903,791,588.1600,-712.0200,424.3600
2026-04-26 18:48:26.918,792,590.4000,-713.2800,423.9400
2026-04-26 18:48:26.918,793,591.0000,-714.3600,424.5400
2026-04-26 18:48:26.934,794,591.4400,-716.1600,426.2400
2026-04-26 18:48:26.950,795,592.0800,-717.0600,426.8800
2026-04-26 18:48:26.965,796,592.8800,-717.6600,427.1200
2026-04-26 18:48:26.965,797,594.4800,-718.5800,426.9000
2026-04-26 18:48:26.982,798,595.7600,-718.9800,426.5000
2026-04-26 18:48:26.997,799,595.9200,-719.1000,426.6600
2026-04-26 18:48:27.123,800,596.4000,-719.3200,426.7200
2026-04-26 18:48:27.138,801,596.4800,-719.5200,427.2200
2026-04-26 18:48:27.138,802,597.0400,-720.9200,428.4800
2026-04-26 18:48:27.154,803,597.1600,-722.4800,430.0000
2026-04-26 18:48:27.170,804,598.0000,-723.1800,430.0000
2026-04-26 18:48:27.170,805,598.8000,-724.0600,430.5200
2026-04-26 18:48:27.186,806,599.8400,-724.4200,430.3000
2026-04-26 18:48:27.186,807,601.1600,-724.6400,429.6600
2026-04-26 18:48:27.201,808,602.7200,-725.3200,429.4000
2026-04-26 18:48:27.201,809,603.7200,-726.7000,429.9800
2026-04-26 18:48:27.217,810,604.5600,-726.9800,429.7000
2026-04-26 18:48:27.217,811,605.9200,-728.0000,429.6600
2026-04-26 18:48:27.233,812,606.6400,-728.8200,429.9600
2026-04-26 18:48:27.233,813,607.8800,-730.3800,430.5000
2026-04-26 18:48:27.248,814,608.8800,-731.2000,430.9400
2026-04-26 18:48:27.264,815,608.5600,-732.0800,432.4400
2026-04-26 18:48:27.264,816,609.5200,-733.3600,433.1200
2026-04-26 18:48:27.279,817,609.0000,-734.0200,434.7000
2026-04-26 18:48:27.283,818,609.1600,-734.9800,435.4200
2026-04-26 18:48:27.296,819,610.0400,-736.0600,435.7400
2026-04-26 18:48:27.311,820,612.4400,-737.3000,435.2000
2026-04-26 18:48:27.311,821,613.9200,-738.2000,435.1400
2026-04-26 18:48:27.327,822,615.5600,-739.2200,434.8200
2026-04-26 18:48:27.342,823,617.1200,-739.6200,434.1400
2026-04-26 18:48:27.343,824,617.3200,-740.8200,435.6000
2026-04-26 18:48:27.358,825,618.4800,-742.4600,436.4800
2026-04-26 18:48:27.358,826,618.9600,-743.5200,437.5200
2026-04-26 18:48:27.374,827,619.6400,-744.5200,438.0600
2026-04-26 18:48:27.390,828,618.7200,-745.3000,440.2200
2026-04-26 18:48:27.390,829,620.0000,-746.1200,440.1000
2026-04-26 18:48:27.406,830,620.6400,-747.1600,440.6000
2026-04-26 18:48:27.406,831,621.7200,-747.9000,440.7000
2026-04-26 18:48:27.421,832,623.1600,-748.4200,440.3200
2026-04-26 18:48:27.421,833,623.2000,-748.8000,441.0600
2026-04-26 18:48:27.437,834,624.4000,-749.5600,441.0000
2026-04-26 18:48:27.437,835,625.3200,-750.3200,441.2200
2026-04-26 18:48:27.453,836,625.8400,-751.4800,442.4400
2026-04-26 18:48:27.453,837,626.3600,-752.2200,442.6800
2026-04-26 18:48:27.468,838,626.3600,-753.2000,443.8000
2026-04-26 18:48:27.483,839,628.9600,-754.1000,442.7600
2026-04-26 18:48:27.484,840,629.3600,-756.0800,444.7000
2026-04-26 18:48:27.500,841,629.0800,-756.5000,445.6800
2026-04-26 18:48:27.500,842,629.6000,-757.9400,446.6200
2026-04-26 18:48:27.516,843,630.3200,-759.1800,447.9000
2026-04-26 18:48:27.516,844,632.0000,-760.5800,448.1800
2026-04-26 18:48:27.531,845,633.3200,-761.5000,448.2400
2026-04-26 18:48:27.547,846,633.7200,-761.8000,448.6400
2026-04-26 18:48:27.547,847,633.3200,-762.3400,449.9200
2026-04-26 18:48:27.562,848,634.3200,-763.8600,450.7800
2026-04-26 18:48:27.562,849,634.0400,-763.5800,451.0600
2026-04-26 18:48:27.584,850,636.0800,-764.3400,450.3000
2026-04-26 18:48:27.594,851,637.3200,-765.2000,450.1400
2026-04-26 18:48:27.594,852,636.9200,-764.9000,450.4400
2026-04-26 18:48:27.609,853,636.8000,-766.2800,452.7000
2026-04-26 18:48:27.609,854,637.5200,-766.6800,452.7200
2026-04-26 18:48:27.625,855,637.7200,-767.6000,453.7600
2026-04-26 18:48:27.642,856,638.6800,-768.4600,454.1600
2026-04-26 18:48:27.652,857,639.5600,-769.2600,454.4800
2026-04-26 18:48:27.656,858,640.6000,-770.6000,455.1000
2026-04-26 18:48:27.672,859,640.8000,-771.6600,456.4200
2026-04-26 18:48:27.684,860,640.3200,-772.2800,458.0400
2026-04-26 18:48:27.688,861,640.6400,-772.1000,457.9400
2026-04-26 18:48:27.704,862,643.6800,-773.4000,456.7800
2026-04-26 18:48:27.719,863,644.5600,-773.9200,456.5400
2026-04-26 18:48:27.719,864,644.6400,-774.4000,457.4600
2026-04-26 18:48:27.735,865,646.3200,-775.3800,457.4600
2026-04-26 18:48:27.750,866,647.4800,-775.6200,456.9400
2026-04-26 18:48:27.750,867,647.6000,-776.3400,457.9000
2026-04-26 18:48:27.766,868,648.2800,-776.9200,458.1600
2026-04-26 18:48:27.784,869,649.3600,-777.3800,457.8400
2026-04-26 18:48:27.798,870,649.6800,-778.1800,458.5800
2026-04-26 18:48:27.798,871,650.3600,-779.6000,460.1000
2026-04-26 18:48:27.813,872,651.0800,-780.0000,460.1200
2026-04-26 18:48:27.829,873,652.6000,-781.1400,460.1000
2026-04-26 18:48:27.845,874,653.0000,-781.5800,460.5000
2026-04-26 18:48:27.845,875,654.4400,-782.8000,460.8200
2026-04-26 18:48:27.861,876,655.3200,-782.9000,460.3000
2026-04-26 18:48:27.876,877,656.4000,-784.0600,460.6800
2026-04-26 18:48:27.884,878,657.2000,-784.8000,460.6400
2026-04-26 18:48:27.892,879,658.4800,-785.3400,460.3800
2026-04-26 18:48:27.908,880,658.6000,-786.0600,461.3400
2026-04-26 18:48:27.924,881,659.7200,-787.0400,461.4800
2026-04-26 18:48:27.924,882,661.0400,-787.9600,461.5400
2026-04-26 18:48:27.939,883,660.8000,-788.6200,462.8400
2026-04-26 18:48:27.955,884,664.0000,-789.9000,461.5600
2026-04-26 18:48:27.955,885,666.0800,-790.7600,460.9800
2026-04-26 18:48:27.970,886,666.5600,-791.1200,461.3200
2026-04-26 18:48:27.970,887,666.6800,-791.8400,462.2800
2026-04-26 18:48:27.986,888,667.5200,-793.5200,463.4000
2026-04-26 18:48:28.002,889,668.5200,-795.0400,464.5400
2026-04-26 18:48:28.002,890,668.1600,-796.1000,466.2800
2026-04-26 18:48:28.018,891,669.6800,-796.9600,465.8400
2026-04-26 18:48:28.033,892,670.6000,-798.5600,466.6200
2026-04-26 18:48:28.033,893,670.8800,-798.5600,466.7600
2026-04-26 18:48:28.049,894,671.8400,-798.4400,466.0400
2026-04-26 18:48:28.065,895,673.7600,-799.3200,465.5800
2026-04-26 18:48:28.065,896,673.3600,-800.5600,467.5600
2026-04-26 18:48:28.085,897,673.6800,-801.7800,468.5800
2026-04-26 18:48:28.096,898,673.5200,-802.5000,469.8200
2026-04-26 18:48:28.112,899,675.1600,-803.6600,470.0600
2026-04-26 18:48:28.112,900,676.5200,-804.6800,470.0200
2026-04-26 18:48:28.129,901,676.7600,-805.2800,470.9600
2026-04-26 18:48:28.145,902,677.9200,-806.5000,471.2800
2026-04-26 18:48:28.145,903,678.2400,-807.4400,472.1600
2026-04-26 18:48:28.160,904,678.0000,-809.0800,474.3000
2026-04-26 18:48:28.176,905,679.3200,-810.0000,474.3600
2026-04-26 18:48:28.302,906,679.1200,-811.6000,476.5400
2026-04-26 18:48:28.317,907,679.8000,-812.1800,476.8000
2026-04-26 18:48:28.317,908,680.2400,-813.2800,477.8000
2026-04-26 18:48:28.333,909,680.7200,-813.6400,478.1400
2026-04-26 18:48:28.349,910,683.0400,-814.6800,477.5200
2026-04-26 18:48:28.365,911,683.6800,-815.0200,477.3200
2026-04-26 18:48:28.365,912,685.9600,-816.5200,477.3600
2026-04-26 18:48:28.385,913,685.6400,-817.5400,479.1400
2026-04-26 18:48:28.396,914,687.0800,-818.0600,478.7600
2026-04-26 18:48:28.412,915,688.8800,-819.3400,478.7400
2026-04-26 18:48:28.412,916,689.5200,-820.1000,479.2400
2026-04-26 18:48:28.428,917,690.8000,-820.7800,478.8400
2026-04-26 18:48:28.443,918,691.5200,-821.3200,479.1400
2026-04-26 18:48:28.459,919,691.4400,-821.2600,479.3400
2026-04-26 18:48:28.459,920,692.6400,-821.8800,479.4200
2026-04-26 18:48:28.474,921,694.8000,-823.0800,478.7800
2026-04-26 18:48:28.490,922,695.1200,-824.1600,479.5200
2026-04-26 18:48:28.490,923,696.3200,-824.9200,479.4600
2026-04-26 18:48:28.506,924,696.8800,-826.6000,480.8600
2026-04-26 18:48:28.522,925,698.8000,-827.4800,480.4000
2026-04-26 18:48:28.531,926,699.7600,-828.3400,480.5200
2026-04-26 18:48:28.538,927,700.1600,-828.6400,480.9200
2026-04-26 18:48:28.553,928,700.2400,-829.4000,481.8400
2026-04-26 18:48:28.569,929,702.9600,-831.1600,481.2000
2026-04-26 18:48:28.569,930,703.4400,-832.3600,482.1000
2026-04-26 18:48:28.586,931,704.7600,-833.2800,482.1600
2026-04-26 18:48:28.595,932,704.5600,-833.3400,482.6600
2026-04-26 18:48:28.601,933,705.8800,-835.2400,483.8400
2026-04-26 18:48:28.616,934,707.2800,-836.5000,483.8400
2026-04-26 18:48:28.616,935,707.4400,-837.0400,484.7000
2026-04-26 18:48:28.632,936,707.2000,-837.7000,486.0000
2026-04-26 18:48:28.648,937,707.3600,-837.8200,486.4400
2026-04-26 18:48:28.648,938,710.0000,-838.9600,485.4400
2026-04-26 18:48:28.663,939,710.1200,-839.9600,486.8200
2026-04-26 18:48:28.679,940,710.0400,-840.4600,487.8600
2026-04-26 18:48:28.686,941,711.1600,-841.0200,487.7200
2026-04-26 18:48:28.695,942,712.3600,-842.0600,487.8000
2026-04-26 18:48:28.710,943,713.9200,-842.4600,487.1200
2026-04-26 18:48:28.726,944,715.0800,-844.2400,487.8600
2026-04-26 18:48:28.726,945,715.8800,-845.2600,488.2400
2026-04-26 18:48:28.742,946,716.5200,-845.1800,487.7600
2026-04-26 18:48:28.757,947,717.4000,-846.8200,488.5000
2026-04-26 18:48:28.757,948,718.1600,-847.4600,488.7000
2026-04-26 18:48:28.773,949,719.0800,-848.2200,488.9200
2026-04-26 18:48:28.789,950,719.5600,-848.8600,489.2600
2026-04-26 18:48:28.805,951,719.6400,-849.2000,489.6200
2026-04-26 18:48:28.805,952,719.8800,-850.7800,491.4000
2026-04-26 18:48:28.820,953,720.1600,-851.7600,492.3800
2026-04-26 18:48:28.836,954,721.0000,-852.1800,492.3800
2026-04-26 18:48:28.852,955,721.9200,-852.9400,492.6000
2026-04-26 18:48:28.868,956,722.5600,-853.5600,492.8200
2026-04-26 18:48:28.868,957,723.1600,-854.2200,493.4200
2026-04-26 18:48:28.886,958,723.5200,-854.7000,493.7800
2026-04-26 18:48:28.899,959,723.2400,-856.2400,496.0200
2026-04-26 18:48:28.915,960,722.8800,-855.9000,496.3600
2026-04-26 18:48:28.915,961,724.0000,-856.1800,495.8000
2026-04-26 18:48:28.930,962,725.4400,-856.9800,495.5600
2026-04-26 18:48:28.946,963,727.2800,-858.3600,495.7200
2026-04-26 18:48:28.962,964,727.6400,-858.2800,495.5200
2026-04-26 18:48:28.977,965,728.6400,-858.6800,495.4000
2026-04-26 18:48:28.993,966,729.7600,-858.9600,494.8400
2026-04-26 18:48:29.009,967,731.4400,-859.6600,494.4200
2026-04-26 18:48:29.020,968,733.2000,-860.5600,494.0800
2026-04-26 18:48:29.025,969,732.8000,-861.1000,495.3600
2026-04-26 18:48:29.041,970,733.4000,-862.7400,497.0800
2026-04-26 18:48:29.056,971,735.5600,-864.2200,496.8600
2026-04-26 18:48:29.072,972,737.0000,-865.1600,496.7600
2026-04-26 18:48:29.072,973,737.5600,-865.8600,497.4600
2026-04-26 18:48:29.095,974,738.2400,-866.4400,497.7200
2026-04-26 18:48:29.104,975,739.2400,-867.1200,497.6000
2026-04-26 18:48:29.104,976,740.6000,-868.5600,498.1200
2026-04-26 18:48:29.120,977,741.8000,-869.6000,498.4800
2026-04-26 18:48:29.135,978,741.6000,-869.6600,498.9800
2026-04-26 18:48:29.151,979,743.2000,-871.0000,499.0400
2026-04-26 18:48:29.151,980,743.8000,-872.5000,500.2000
2026-04-26 18:48:29.167,981,744.0000,-873.1400,500.8200
2026-04-26 18:48:29.187,982,744.5200,-873.3200,500.9200
2026-04-26 18:48:29.198,983,745.1600,-874.3600,501.4200
2026-04-26 18:48:29.198,984,747.0000,-875.0400,500.8800
2026-04-26 18:48:29.214,985,747.9200,-875.1000,500.4000
2026-04-26 18:48:29.230,986,748.1600,-876.4000,502.0400
2026-04-26 18:48:29.230,987,748.4400,-876.4000,502.1800
2026-04-26 18:48:29.245,988,748.4000,-876.8600,502.8400
2026-04-26 18:48:29.261,989,749.0400,-877.4800,503.0600
2026-04-26 18:48:29.276,990,748.8800,-878.4800,504.7200
2026-04-26 18:48:29.292,991,751.1600,-880.1200,504.6200
2026-04-26 18:48:29.308,992,752.0400,-880.7800,504.9400
2026-04-26 18:48:29.324,993,751.7600,-881.6200,506.4800
2026-04-26 18:48:29.324,994,753.2000,-881.8600,505.6800
2026-04-26 18:48:29.345,995,754.5200,-882.5000,505.3200
2026-04-26 18:48:29.355,996,756.1200,-883.4200,505.1000
2026-04-26 18:48:29.371,997,756.3200,-883.9200,505.8600
2026-04-26 18:48:29.387,998,756.4000,-884.2600,506.5000
2026-04-26 18:48:29.387,999,757.5600,-885.3400,506.5400
2026-04-26 18:48:29.403,1000,758.7600,-886.1000,506.4800
